ISO-10303-21;
HEADER;
/* Generated by software containing ST-Developer
 * from STEP Tools, Inc. (www.steptools.com) 
 */

FILE_DESCRIPTION(
/* description */ (''),
/* implementation_level */ '2;1');

FILE_NAME(
/* name */ 'box.step',
/* time_stamp */ '2026-07-19T11:00:54+01:00',
/* author */ (''),
/* organization */ (''),
/* preprocessor_version */ 'ST-DEVELOPER v20.1',
/* originating_system */ 'Autodesk Translation Framework v15.8.0.0',
/* authorisation */ '');

FILE_SCHEMA (('AUTOMOTIVE_DESIGN { 1 0 10303 214 3 1 1 }'));
ENDSEC;

DATA;
#10=MECHANICAL_DESIGN_GEOMETRIC_PRESENTATION_REPRESENTATION('',(#13),#5258);
#11=SHAPE_REPRESENTATION_RELATIONSHIP('SRR','None',#5265,#12);
#12=ADVANCED_BREP_SHAPE_REPRESENTATION('',(#14),#5257);
#13=STYLED_ITEM('',(#5274),#14);
#14=MANIFOLD_SOLID_BREP('Body1',#3035);
#15=CONICAL_SURFACE('',#3185,6.00000000000001,0.785398163397451);
#16=CONICAL_SURFACE('',#3188,6.,0.785398163397451);
#17=CONICAL_SURFACE('',#3191,6.,0.785398163397449);
#18=CONICAL_SURFACE('',#3194,6.,0.785398163397449);
#19=(
BOUNDED_SURFACE()
B_SPLINE_SURFACE(2,2,((#4643,#4644,#4645),(#4646,#4647,#4648),(#4649,#4650,
#4651)),.UNSPECIFIED.,.F.,.F.,.F.)
B_SPLINE_SURFACE_WITH_KNOTS((3,3),(3,3),(-1.5707963267949,0.),(1.57079632679489,
3.14159265358979),.UNSPECIFIED.)
GEOMETRIC_REPRESENTATION_ITEM()
RATIONAL_B_SPLINE_SURFACE(((1.,0.707106781186544,1.),(0.707106781186544,
0.499999999999995,0.707106781186544),(1.,0.707106781186544,1.)))
REPRESENTATION_ITEM('')
SURFACE()
);
#20=(
BOUNDED_SURFACE()
B_SPLINE_SURFACE(2,2,((#4663,#4664,#4665),(#4666,#4667,#4668),(#4669,#4670,
#4671)),.UNSPECIFIED.,.F.,.F.,.F.)
B_SPLINE_SURFACE_WITH_KNOTS((3,3),(3,3),(-1.5707963267949,0.),(-3.14159265358979,
-1.57079632679489),.UNSPECIFIED.)
GEOMETRIC_REPRESENTATION_ITEM()
RATIONAL_B_SPLINE_SURFACE(((1.,0.707106781186546,1.),(0.707106781186544,
0.499999999999996,0.707106781186544),(1.,0.707106781186546,1.)))
REPRESENTATION_ITEM('')
SURFACE()
);
#21=(
BOUNDED_SURFACE()
B_SPLINE_SURFACE(2,2,((#4683,#4684,#4685),(#4686,#4687,#4688),(#4689,#4690,
#4691)),.UNSPECIFIED.,.F.,.F.,.F.)
B_SPLINE_SURFACE_WITH_KNOTS((3,3),(3,3),(-1.5707963267949,0.),(-1.5707963267949,
1.89258862241319E-15),.UNSPECIFIED.)
GEOMETRIC_REPRESENTATION_ITEM()
RATIONAL_B_SPLINE_SURFACE(((1.,0.707106781186544,1.),(0.707106781186544,
0.499999999999995,0.707106781186544),(1.,0.707106781186544,1.)))
REPRESENTATION_ITEM('')
SURFACE()
);
#22=(
BOUNDED_SURFACE()
B_SPLINE_SURFACE(2,2,((#4703,#4704,#4705),(#4706,#4707,#4708),(#4709,#4710,
#4711)),.UNSPECIFIED.,.F.,.F.,.F.)
B_SPLINE_SURFACE_WITH_KNOTS((3,3),(3,3),(-1.5707963267949,0.),(-3.55271367880051E-15,
1.5707963267949),.UNSPECIFIED.)
GEOMETRIC_REPRESENTATION_ITEM()
RATIONAL_B_SPLINE_SURFACE(((1.,0.707106781186545,1.),(0.707106781186544,
0.499999999999996,0.707106781186544),(1.,0.707106781186545,1.)))
REPRESENTATION_ITEM('')
SURFACE()
);
#23=PLANE('',#3055);
#24=PLANE('',#3071);
#25=PLANE('',#3072);
#26=PLANE('',#3073);
#27=PLANE('',#3074);
#28=PLANE('',#3075);
#29=PLANE('',#3076);
#30=PLANE('',#3077);
#31=PLANE('',#3078);
#32=PLANE('',#3079);
#33=PLANE('',#3080);
#34=PLANE('',#3081);
#35=PLANE('',#3082);
#36=PLANE('',#3083);
#37=PLANE('',#3084);
#38=PLANE('',#3090);
#39=PLANE('',#3099);
#40=PLANE('',#3104);
#41=PLANE('',#3133);
#42=PLANE('',#3136);
#43=PLANE('',#3141);
#44=PLANE('',#3148);
#45=PLANE('',#3155);
#46=PLANE('',#3156);
#47=PLANE('',#3164);
#48=PLANE('',#3165);
#49=PLANE('',#3173);
#50=PLANE('',#3174);
#51=PLANE('',#3175);
#52=PLANE('',#3176);
#53=PLANE('',#3177);
#54=PLANE('',#3178);
#55=PLANE('',#3179);
#56=PLANE('',#3184);
#57=PLANE('',#3187);
#58=PLANE('',#3190);
#59=PLANE('',#3193);
#60=PLANE('',#3196);
#61=PLANE('',#3201);
#62=PLANE('',#3203);
#63=PLANE('',#3205);
#64=PLANE('',#3207);
#65=PLANE('',#3209);
#66=PLANE('',#3211);
#67=PLANE('',#3213);
#68=PLANE('',#3215);
#69=PLANE('',#3219);
#70=PLANE('',#3222);
#71=PLANE('',#3225);
#72=PLANE('',#3228);
#73=PLANE('',#3233);
#74=PLANE('',#3234);
#75=PLANE('',#3239);
#76=PLANE('',#3244);
#77=PLANE('',#3249);
#78=PLANE('',#3258);
#79=PLANE('',#3262);
#80=PLANE('',#3263);
#81=PLANE('',#3264);
#82=PLANE('',#3265);
#83=PLANE('',#3266);
#84=PLANE('',#3267);
#85=PLANE('',#3273);
#86=PLANE('',#3274);
#87=PLANE('',#3275);
#88=PLANE('',#3276);
#89=PLANE('',#3277);
#90=PLANE('',#3278);
#91=PLANE('',#3279);
#92=PLANE('',#3280);
#93=PLANE('',#3281);
#94=PLANE('',#3282);
#95=PLANE('',#3286);
#96=PLANE('',#3287);
#97=PLANE('',#3288);
#98=PLANE('',#3289);
#99=PLANE('',#3290);
#100=PLANE('',#3291);
#101=PLANE('',#3292);
#102=PLANE('',#3297);
#103=PLANE('',#3298);
#104=PLANE('',#3299);
#105=PLANE('',#3300);
#106=PLANE('',#3301);
#107=PLANE('',#3302);
#108=PLANE('',#3304);
#109=PLANE('',#3309);
#110=PLANE('',#3310);
#111=PLANE('',#3311);
#112=PLANE('',#3312);
#113=PLANE('',#3313);
#114=PLANE('',#3314);
#115=PLANE('',#3315);
#116=PLANE('',#3320);
#117=PLANE('',#3321);
#118=PLANE('',#3322);
#119=PLANE('',#3323);
#120=PLANE('',#3324);
#121=PLANE('',#3325);
#122=PLANE('',#3327);
#123=PLANE('',#3338);
#124=PLANE('',#3344);
#125=PLANE('',#3345);
#126=PLANE('',#3348);
#127=PLANE('',#3349);
#128=PLANE('',#3350);
#129=PLANE('',#3352);
#130=FACE_BOUND('',#489,.T.);
#131=FACE_BOUND('',#491,.T.);
#132=FACE_BOUND('',#492,.T.);
#133=FACE_BOUND('',#493,.T.);
#134=FACE_BOUND('',#494,.T.);
#135=FACE_BOUND('',#500,.T.);
#136=FACE_BOUND('',#510,.T.);
#137=FACE_BOUND('',#511,.T.);
#138=FACE_BOUND('',#512,.T.);
#139=FACE_BOUND('',#513,.T.);
#140=FACE_BOUND('',#514,.T.);
#141=FACE_BOUND('',#515,.T.);
#142=FACE_BOUND('',#517,.T.);
#143=FACE_BOUND('',#521,.T.);
#144=FACE_BOUND('',#523,.T.);
#145=FACE_BOUND('',#528,.T.);
#146=FACE_BOUND('',#541,.T.);
#147=FACE_BOUND('',#542,.T.);
#148=FACE_BOUND('',#543,.T.);
#149=FACE_BOUND('',#544,.T.);
#150=FACE_BOUND('',#545,.T.);
#151=FACE_BOUND('',#546,.T.);
#152=FACE_BOUND('',#551,.T.);
#153=FACE_BOUND('',#555,.T.);
#154=FACE_BOUND('',#560,.T.);
#155=FACE_BOUND('',#565,.T.);
#156=FACE_BOUND('',#585,.T.);
#157=FACE_BOUND('',#605,.T.);
#158=FACE_BOUND('',#610,.T.);
#159=FACE_BOUND('',#614,.T.);
#160=FACE_BOUND('',#618,.T.);
#161=FACE_BOUND('',#620,.T.);
#162=FACE_BOUND('',#634,.T.);
#163=FACE_BOUND('',#639,.T.);
#164=FACE_BOUND('',#646,.T.);
#165=FACE_BOUND('',#653,.T.);
#166=FACE_BOUND('',#656,.T.);
#167=FACE_BOUND('',#662,.T.);
#168=FACE_BOUND('',#664,.T.);
#169=FACE_BOUND('',#667,.T.);
#170=FACE_BOUND('',#674,.T.);
#171=FACE_BOUND('',#677,.T.);
#172=FACE_BOUND('',#683,.T.);
#173=FACE_BOUND('',#685,.T.);
#174=FACE_BOUND('',#693,.T.);
#175=FACE_BOUND('',#697,.T.);
#176=FACE_BOUND('',#699,.T.);
#177=FACE_BOUND('',#703,.T.);
#178=CIRCLE('',#3051,10.);
#179=CIRCLE('',#3052,10.);
#180=CIRCLE('',#3053,10.);
#181=CIRCLE('',#3054,10.);
#182=CIRCLE('',#3056,9.99999999999998);
#183=CIRCLE('',#3057,10.);
#184=CIRCLE('',#3058,5.);
#185=CIRCLE('',#3059,4.);
#186=CIRCLE('',#3060,4.);
#187=CIRCLE('',#3061,4.);
#188=CIRCLE('',#3062,4.);
#189=CIRCLE('',#3063,10.);
#190=CIRCLE('',#3064,4.);
#191=CIRCLE('',#3065,4.);
#192=CIRCLE('',#3066,4.);
#193=CIRCLE('',#3067,4.);
#194=CIRCLE('',#3068,5.);
#195=CIRCLE('',#3069,4.);
#196=CIRCLE('',#3070,3.99999999999999);
#197=CIRCLE('',#3085,2.6);
#198=CIRCLE('',#3086,2.6);
#199=CIRCLE('',#3087,2.6);
#200=CIRCLE('',#3088,2.6);
#201=CIRCLE('',#3089,3.50000000000001);
#202=CIRCLE('',#3092,3.50000000000001);
#203=CIRCLE('',#3094,2.5);
#204=CIRCLE('',#3096,10.);
#205=CIRCLE('',#3097,10.);
#206=CIRCLE('',#3098,10.);
#207=CIRCLE('',#3100,7.00000000000001);
#208=CIRCLE('',#3101,7.);
#209=CIRCLE('',#3102,6.99999999999999);
#210=CIRCLE('',#3103,6.99999999999999);
#211=CIRCLE('',#3108,9.99999999999998);
#212=CIRCLE('',#3109,9.99999999999998);
#213=CIRCLE('',#3110,9.99999999999998);
#214=CIRCLE('',#3112,5.);
#215=CIRCLE('',#3113,5.);
#216=CIRCLE('',#3114,5.);
#217=CIRCLE('',#3115,9.99999999999998);
#218=CIRCLE('',#3116,4.99999999999998);
#219=CIRCLE('',#3118,5.);
#220=CIRCLE('',#3119,5.);
#221=CIRCLE('',#3120,9.99999999999998);
#222=CIRCLE('',#3121,4.99999999999998);
#223=CIRCLE('',#3123,5.);
#224=CIRCLE('',#3124,5.);
#225=CIRCLE('',#3125,9.99999999999998);
#226=CIRCLE('',#3126,4.99999999999998);
#227=CIRCLE('',#3128,5.);
#228=CIRCLE('',#3129,9.99999999999998);
#229=CIRCLE('',#3130,4.99999999999998);
#230=CIRCLE('',#3132,9.99999999999998);
#231=CIRCLE('',#3135,9.99999999999998);
#232=CIRCLE('',#3137,2.6);
#233=CIRCLE('',#3138,2.6);
#234=CIRCLE('',#3139,2.6);
#235=CIRCLE('',#3140,2.6);
#236=CIRCLE('',#3143,4.);
#237=CIRCLE('',#3144,4.);
#238=CIRCLE('',#3146,2.1);
#239=CIRCLE('',#3147,2.1);
#240=CIRCLE('',#3150,2.1);
#241=CIRCLE('',#3151,2.1);
#242=CIRCLE('',#3153,4.);
#243=CIRCLE('',#3154,4.);
#244=CIRCLE('',#3158,4.);
#245=CIRCLE('',#3159,4.);
#246=CIRCLE('',#3160,4.);
#247=CIRCLE('',#3162,2.1);
#248=CIRCLE('',#3163,2.1);
#249=CIRCLE('',#3167,2.1);
#250=CIRCLE('',#3168,2.1);
#251=CIRCLE('',#3170,4.);
#252=CIRCLE('',#3171,4.);
#253=CIRCLE('',#3172,4.);
#254=CIRCLE('',#3186,5.);
#255=CIRCLE('',#3189,5.);
#256=CIRCLE('',#3192,5.);
#257=CIRCLE('',#3195,5.);
#258=CIRCLE('',#3197,3.);
#259=CIRCLE('',#3198,3.);
#260=CIRCLE('',#3199,3.);
#261=CIRCLE('',#3200,3.);
#262=CIRCLE('',#3202,2.75);
#263=CIRCLE('',#3204,2.74999999999999);
#264=CIRCLE('',#3206,2.75);
#265=CIRCLE('',#3208,2.75);
#266=CIRCLE('',#3210,2.1);
#267=CIRCLE('',#3212,2.1);
#268=CIRCLE('',#3214,2.1);
#269=CIRCLE('',#3216,2.1);
#270=CIRCLE('',#3218,3.);
#271=CIRCLE('',#3221,3.);
#272=CIRCLE('',#3224,3.);
#273=CIRCLE('',#3227,3.);
#274=CIRCLE('',#3230,2.1);
#275=CIRCLE('',#3232,4.);
#276=CIRCLE('',#3236,2.1);
#277=CIRCLE('',#3238,3.99999999999999);
#278=CIRCLE('',#3241,2.1);
#279=CIRCLE('',#3243,4.);
#280=CIRCLE('',#3246,2.1);
#281=CIRCLE('',#3248,4.);
#282=CIRCLE('',#3251,10.);
#283=CIRCLE('',#3252,10.);
#284=CIRCLE('',#3253,10.);
#285=CIRCLE('',#3254,10.);
#286=CIRCLE('',#3255,10.);
#287=CIRCLE('',#3257,5.);
#288=CIRCLE('',#3260,2.10000000000001);
#289=CIRCLE('',#3261,2.10000000000001);
#290=CIRCLE('',#3269,2.1);
#291=CIRCLE('',#3270,2.1);
#292=CIRCLE('',#3272,5.);
#293=CIRCLE('',#3284,2.74999999999999);
#294=CIRCLE('',#3285,2.74999999999999);
#295=CIRCLE('',#3293,2.74999999999999);
#296=CIRCLE('',#3295,2.75);
#297=CIRCLE('',#3296,2.75);
#298=CIRCLE('',#3303,2.75);
#299=CIRCLE('',#3305,7.99999999999999);
#300=CIRCLE('',#3307,2.75);
#301=CIRCLE('',#3308,2.75);
#302=CIRCLE('',#3316,2.75);
#303=CIRCLE('',#3318,2.75);
#304=CIRCLE('',#3319,2.75);
#305=CIRCLE('',#3326,2.75);
#306=CIRCLE('',#3328,7.99999999999999);
#307=CIRCLE('',#3334,7.99999999999999);
#308=CIRCLE('',#3336,7.99999999999999);
#309=CIRCLE('',#3337,7.99999999999999);
#310=CIRCLE('',#3340,7.99999999999999);
#311=CIRCLE('',#3342,7.99999999999999);
#312=CIRCLE('',#3343,7.99999999999999);
#313=CIRCLE('',#3346,9.99999999999998);
#314=CIRCLE('',#3347,9.99999999999998);
#315=FACE_OUTER_BOUND('',#487,.T.);
#316=FACE_OUTER_BOUND('',#488,.T.);
#317=FACE_OUTER_BOUND('',#490,.T.);
#318=FACE_OUTER_BOUND('',#495,.T.);
#319=FACE_OUTER_BOUND('',#496,.T.);
#320=FACE_OUTER_BOUND('',#497,.T.);
#321=FACE_OUTER_BOUND('',#498,.T.);
#322=FACE_OUTER_BOUND('',#499,.T.);
#323=FACE_OUTER_BOUND('',#501,.T.);
#324=FACE_OUTER_BOUND('',#502,.T.);
#325=FACE_OUTER_BOUND('',#503,.T.);
#326=FACE_OUTER_BOUND('',#504,.T.);
#327=FACE_OUTER_BOUND('',#505,.T.);
#328=FACE_OUTER_BOUND('',#506,.T.);
#329=FACE_OUTER_BOUND('',#507,.T.);
#330=FACE_OUTER_BOUND('',#508,.T.);
#331=FACE_OUTER_BOUND('',#509,.T.);
#332=FACE_OUTER_BOUND('',#516,.T.);
#333=FACE_OUTER_BOUND('',#518,.T.);
#334=FACE_OUTER_BOUND('',#519,.T.);
#335=FACE_OUTER_BOUND('',#520,.T.);
#336=FACE_OUTER_BOUND('',#522,.T.);
#337=FACE_OUTER_BOUND('',#524,.T.);
#338=FACE_OUTER_BOUND('',#525,.T.);
#339=FACE_OUTER_BOUND('',#526,.T.);
#340=FACE_OUTER_BOUND('',#527,.T.);
#341=FACE_OUTER_BOUND('',#529,.T.);
#342=FACE_OUTER_BOUND('',#530,.T.);
#343=FACE_OUTER_BOUND('',#531,.T.);
#344=FACE_OUTER_BOUND('',#532,.T.);
#345=FACE_OUTER_BOUND('',#533,.T.);
#346=FACE_OUTER_BOUND('',#534,.T.);
#347=FACE_OUTER_BOUND('',#535,.T.);
#348=FACE_OUTER_BOUND('',#536,.T.);
#349=FACE_OUTER_BOUND('',#537,.T.);
#350=FACE_OUTER_BOUND('',#538,.T.);
#351=FACE_OUTER_BOUND('',#539,.T.);
#352=FACE_OUTER_BOUND('',#540,.T.);
#353=FACE_OUTER_BOUND('',#547,.T.);
#354=FACE_OUTER_BOUND('',#548,.T.);
#355=FACE_OUTER_BOUND('',#549,.T.);
#356=FACE_OUTER_BOUND('',#550,.T.);
#357=FACE_OUTER_BOUND('',#552,.T.);
#358=FACE_OUTER_BOUND('',#553,.T.);
#359=FACE_OUTER_BOUND('',#554,.T.);
#360=FACE_OUTER_BOUND('',#556,.T.);
#361=FACE_OUTER_BOUND('',#557,.T.);
#362=FACE_OUTER_BOUND('',#558,.T.);
#363=FACE_OUTER_BOUND('',#559,.T.);
#364=FACE_OUTER_BOUND('',#561,.T.);
#365=FACE_OUTER_BOUND('',#562,.T.);
#366=FACE_OUTER_BOUND('',#563,.T.);
#367=FACE_OUTER_BOUND('',#564,.T.);
#368=FACE_OUTER_BOUND('',#566,.T.);
#369=FACE_OUTER_BOUND('',#567,.T.);
#370=FACE_OUTER_BOUND('',#568,.T.);
#371=FACE_OUTER_BOUND('',#569,.T.);
#372=FACE_OUTER_BOUND('',#570,.T.);
#373=FACE_OUTER_BOUND('',#571,.T.);
#374=FACE_OUTER_BOUND('',#572,.T.);
#375=FACE_OUTER_BOUND('',#573,.T.);
#376=FACE_OUTER_BOUND('',#574,.T.);
#377=FACE_OUTER_BOUND('',#575,.T.);
#378=FACE_OUTER_BOUND('',#576,.T.);
#379=FACE_OUTER_BOUND('',#577,.T.);
#380=FACE_OUTER_BOUND('',#578,.T.);
#381=FACE_OUTER_BOUND('',#579,.T.);
#382=FACE_OUTER_BOUND('',#580,.T.);
#383=FACE_OUTER_BOUND('',#581,.T.);
#384=FACE_OUTER_BOUND('',#582,.T.);
#385=FACE_OUTER_BOUND('',#583,.T.);
#386=FACE_OUTER_BOUND('',#584,.T.);
#387=FACE_OUTER_BOUND('',#586,.T.);
#388=FACE_OUTER_BOUND('',#587,.T.);
#389=FACE_OUTER_BOUND('',#588,.T.);
#390=FACE_OUTER_BOUND('',#589,.T.);
#391=FACE_OUTER_BOUND('',#590,.T.);
#392=FACE_OUTER_BOUND('',#591,.T.);
#393=FACE_OUTER_BOUND('',#592,.T.);
#394=FACE_OUTER_BOUND('',#593,.T.);
#395=FACE_OUTER_BOUND('',#594,.T.);
#396=FACE_OUTER_BOUND('',#595,.T.);
#397=FACE_OUTER_BOUND('',#596,.T.);
#398=FACE_OUTER_BOUND('',#597,.T.);
#399=FACE_OUTER_BOUND('',#598,.T.);
#400=FACE_OUTER_BOUND('',#599,.T.);
#401=FACE_OUTER_BOUND('',#600,.T.);
#402=FACE_OUTER_BOUND('',#601,.T.);
#403=FACE_OUTER_BOUND('',#602,.T.);
#404=FACE_OUTER_BOUND('',#603,.T.);
#405=FACE_OUTER_BOUND('',#604,.T.);
#406=FACE_OUTER_BOUND('',#606,.T.);
#407=FACE_OUTER_BOUND('',#607,.T.);
#408=FACE_OUTER_BOUND('',#608,.T.);
#409=FACE_OUTER_BOUND('',#609,.T.);
#410=FACE_OUTER_BOUND('',#611,.T.);
#411=FACE_OUTER_BOUND('',#612,.T.);
#412=FACE_OUTER_BOUND('',#613,.T.);
#413=FACE_OUTER_BOUND('',#615,.T.);
#414=FACE_OUTER_BOUND('',#616,.T.);
#415=FACE_OUTER_BOUND('',#617,.T.);
#416=FACE_OUTER_BOUND('',#619,.T.);
#417=FACE_OUTER_BOUND('',#621,.T.);
#418=FACE_OUTER_BOUND('',#622,.T.);
#419=FACE_OUTER_BOUND('',#623,.T.);
#420=FACE_OUTER_BOUND('',#624,.T.);
#421=FACE_OUTER_BOUND('',#625,.T.);
#422=FACE_OUTER_BOUND('',#626,.T.);
#423=FACE_OUTER_BOUND('',#627,.T.);
#424=FACE_OUTER_BOUND('',#628,.T.);
#425=FACE_OUTER_BOUND('',#629,.T.);
#426=FACE_OUTER_BOUND('',#630,.T.);
#427=FACE_OUTER_BOUND('',#631,.T.);
#428=FACE_OUTER_BOUND('',#632,.T.);
#429=FACE_OUTER_BOUND('',#633,.T.);
#430=FACE_OUTER_BOUND('',#635,.T.);
#431=FACE_OUTER_BOUND('',#636,.T.);
#432=FACE_OUTER_BOUND('',#637,.T.);
#433=FACE_OUTER_BOUND('',#638,.T.);
#434=FACE_OUTER_BOUND('',#640,.T.);
#435=FACE_OUTER_BOUND('',#641,.T.);
#436=FACE_OUTER_BOUND('',#642,.T.);
#437=FACE_OUTER_BOUND('',#643,.T.);
#438=FACE_OUTER_BOUND('',#644,.T.);
#439=FACE_OUTER_BOUND('',#645,.T.);
#440=FACE_OUTER_BOUND('',#647,.T.);
#441=FACE_OUTER_BOUND('',#648,.T.);
#442=FACE_OUTER_BOUND('',#649,.T.);
#443=FACE_OUTER_BOUND('',#650,.T.);
#444=FACE_OUTER_BOUND('',#651,.T.);
#445=FACE_OUTER_BOUND('',#652,.T.);
#446=FACE_OUTER_BOUND('',#654,.T.);
#447=FACE_OUTER_BOUND('',#655,.T.);
#448=FACE_OUTER_BOUND('',#657,.T.);
#449=FACE_OUTER_BOUND('',#658,.T.);
#450=FACE_OUTER_BOUND('',#659,.T.);
#451=FACE_OUTER_BOUND('',#660,.T.);
#452=FACE_OUTER_BOUND('',#661,.T.);
#453=FACE_OUTER_BOUND('',#663,.T.);
#454=FACE_OUTER_BOUND('',#665,.T.);
#455=FACE_OUTER_BOUND('',#666,.T.);
#456=FACE_OUTER_BOUND('',#668,.T.);
#457=FACE_OUTER_BOUND('',#669,.T.);
#458=FACE_OUTER_BOUND('',#670,.T.);
#459=FACE_OUTER_BOUND('',#671,.T.);
#460=FACE_OUTER_BOUND('',#672,.T.);
#461=FACE_OUTER_BOUND('',#673,.T.);
#462=FACE_OUTER_BOUND('',#675,.T.);
#463=FACE_OUTER_BOUND('',#676,.T.);
#464=FACE_OUTER_BOUND('',#678,.T.);
#465=FACE_OUTER_BOUND('',#679,.T.);
#466=FACE_OUTER_BOUND('',#680,.T.);
#467=FACE_OUTER_BOUND('',#681,.T.);
#468=FACE_OUTER_BOUND('',#682,.T.);
#469=FACE_OUTER_BOUND('',#684,.T.);
#470=FACE_OUTER_BOUND('',#686,.T.);
#471=FACE_OUTER_BOUND('',#687,.T.);
#472=FACE_OUTER_BOUND('',#688,.T.);
#473=FACE_OUTER_BOUND('',#689,.T.);
#474=FACE_OUTER_BOUND('',#690,.T.);
#475=FACE_OUTER_BOUND('',#691,.T.);
#476=FACE_OUTER_BOUND('',#692,.T.);
#477=FACE_OUTER_BOUND('',#694,.T.);
#478=FACE_OUTER_BOUND('',#695,.T.);
#479=FACE_OUTER_BOUND('',#696,.T.);
#480=FACE_OUTER_BOUND('',#698,.T.);
#481=FACE_OUTER_BOUND('',#700,.T.);
#482=FACE_OUTER_BOUND('',#701,.T.);
#483=FACE_OUTER_BOUND('',#702,.T.);
#484=FACE_OUTER_BOUND('',#704,.T.);
#485=FACE_OUTER_BOUND('',#705,.T.);
#486=FACE_OUTER_BOUND('',#706,.T.);
#487=EDGE_LOOP('',(#1964,#1965,#1966,#1967));
#488=EDGE_LOOP('',(#1968,#1969,#1970,#1971,#1972,#1973));
#489=EDGE_LOOP('',(#1974,#1975,#1976,#1977));
#490=EDGE_LOOP('',(#1978,#1979,#1980,#1981,#1982,#1983,#1984,#1985,#1986,
#1987,#1988,#1989,#1990,#1991,#1992,#1993,#1994,#1995,#1996,#1997,#1998));
#491=EDGE_LOOP('',(#1999,#2000,#2001,#2002,#2003,#2004,#2005,#2006));
#492=EDGE_LOOP('',(#2007,#2008,#2009,#2010));
#493=EDGE_LOOP('',(#2011));
#494=EDGE_LOOP('',(#2012));
#495=EDGE_LOOP('',(#2013,#2014,#2015,#2016));
#496=EDGE_LOOP('',(#2017,#2018,#2019,#2020));
#497=EDGE_LOOP('',(#2021,#2022,#2023,#2024));
#498=EDGE_LOOP('',(#2025,#2026,#2027,#2028));
#499=EDGE_LOOP('',(#2029,#2030,#2031,#2032));
#500=EDGE_LOOP('',(#2033,#2034,#2035,#2036));
#501=EDGE_LOOP('',(#2037,#2038,#2039,#2040));
#502=EDGE_LOOP('',(#2041,#2042,#2043,#2044));
#503=EDGE_LOOP('',(#2045,#2046,#2047,#2048));
#504=EDGE_LOOP('',(#2049,#2050,#2051,#2052));
#505=EDGE_LOOP('',(#2053,#2054,#2055,#2056));
#506=EDGE_LOOP('',(#2057,#2058,#2059,#2060));
#507=EDGE_LOOP('',(#2061,#2062,#2063,#2064));
#508=EDGE_LOOP('',(#2065,#2066,#2067,#2068));
#509=EDGE_LOOP('',(#2069,#2070,#2071,#2072,#2073,#2074,#2075,#2076));
#510=EDGE_LOOP('',(#2077));
#511=EDGE_LOOP('',(#2078));
#512=EDGE_LOOP('',(#2079));
#513=EDGE_LOOP('',(#2080));
#514=EDGE_LOOP('',(#2081));
#515=EDGE_LOOP('',(#2082,#2083,#2084,#2085));
#516=EDGE_LOOP('',(#2086,#2087,#2088,#2089));
#517=EDGE_LOOP('',(#2090,#2091,#2092,#2093));
#518=EDGE_LOOP('',(#2094,#2095,#2096,#2097));
#519=EDGE_LOOP('',(#2098,#2099,#2100,#2101,#2102,#2103,#2104,#2105));
#520=EDGE_LOOP('',(#2106,#2107,#2108,#2109,#2110,#2111));
#521=EDGE_LOOP('',(#2112,#2113,#2114,#2115));
#522=EDGE_LOOP('',(#2116,#2117,#2118,#2119,#2120,#2121,#2122,#2123,#2124,
#2125,#2126,#2127,#2128,#2129));
#523=EDGE_LOOP('',(#2130,#2131,#2132,#2133,#2134,#2135,#2136,#2137));
#524=EDGE_LOOP('',(#2138,#2139,#2140,#2141,#2142));
#525=EDGE_LOOP('',(#2143,#2144,#2145,#2146));
#526=EDGE_LOOP('',(#2147,#2148,#2149,#2150));
#527=EDGE_LOOP('',(#2151,#2152,#2153,#2154,#2155,#2156));
#528=EDGE_LOOP('',(#2157,#2158,#2159,#2160));
#529=EDGE_LOOP('',(#2161,#2162,#2163,#2164));
#530=EDGE_LOOP('',(#2165,#2166,#2167,#2168));
#531=EDGE_LOOP('',(#2169,#2170,#2171,#2172));
#532=EDGE_LOOP('',(#2173,#2174,#2175,#2176));
#533=EDGE_LOOP('',(#2177,#2178,#2179,#2180));
#534=EDGE_LOOP('',(#2181,#2182,#2183,#2184));
#535=EDGE_LOOP('',(#2185,#2186,#2187,#2188));
#536=EDGE_LOOP('',(#2189,#2190,#2191,#2192));
#537=EDGE_LOOP('',(#2193,#2194,#2195,#2196));
#538=EDGE_LOOP('',(#2197,#2198,#2199,#2200));
#539=EDGE_LOOP('',(#2201,#2202,#2203,#2204));
#540=EDGE_LOOP('',(#2205,#2206,#2207,#2208));
#541=EDGE_LOOP('',(#2209,#2210,#2211,#2212));
#542=EDGE_LOOP('',(#2213));
#543=EDGE_LOOP('',(#2214));
#544=EDGE_LOOP('',(#2215));
#545=EDGE_LOOP('',(#2216));
#546=EDGE_LOOP('',(#2217));
#547=EDGE_LOOP('',(#2218,#2219,#2220,#2221,#2222,#2223,#2224,#2225));
#548=EDGE_LOOP('',(#2226,#2227,#2228,#2229,#2230,#2231,#2232));
#549=EDGE_LOOP('',(#2233,#2234,#2235,#2236));
#550=EDGE_LOOP('',(#2237));
#551=EDGE_LOOP('',(#2238));
#552=EDGE_LOOP('',(#2239,#2240,#2241,#2242));
#553=EDGE_LOOP('',(#2243,#2244,#2245,#2246,#2247,#2248,#2249));
#554=EDGE_LOOP('',(#2250));
#555=EDGE_LOOP('',(#2251));
#556=EDGE_LOOP('',(#2252));
#557=EDGE_LOOP('',(#2253,#2254,#2255,#2256,#2257,#2258,#2259,#2260));
#558=EDGE_LOOP('',(#2261,#2262,#2263,#2264));
#559=EDGE_LOOP('',(#2265));
#560=EDGE_LOOP('',(#2266));
#561=EDGE_LOOP('',(#2267));
#562=EDGE_LOOP('',(#2268,#2269,#2270,#2271));
#563=EDGE_LOOP('',(#2272,#2273,#2274,#2275,#2276,#2277,#2278,#2279));
#564=EDGE_LOOP('',(#2280));
#565=EDGE_LOOP('',(#2281));
#566=EDGE_LOOP('',(#2282));
#567=EDGE_LOOP('',(#2283,#2284,#2285,#2286));
#568=EDGE_LOOP('',(#2287,#2288,#2289,#2290));
#569=EDGE_LOOP('',(#2291,#2292,#2293,#2294));
#570=EDGE_LOOP('',(#2295,#2296,#2297,#2298));
#571=EDGE_LOOP('',(#2299,#2300,#2301,#2302,#2303,#2304,#2305,#2306,#2307,
#2308));
#572=EDGE_LOOP('',(#2309,#2310,#2311,#2312));
#573=EDGE_LOOP('',(#2313,#2314,#2315,#2316));
#574=EDGE_LOOP('',(#2317,#2318,#2319,#2320));
#575=EDGE_LOOP('',(#2321,#2322,#2323,#2324));
#576=EDGE_LOOP('',(#2325,#2326,#2327,#2328));
#577=EDGE_LOOP('',(#2329,#2330,#2331,#2332));
#578=EDGE_LOOP('',(#2333,#2334,#2335,#2336));
#579=EDGE_LOOP('',(#2337,#2338,#2339,#2340));
#580=EDGE_LOOP('',(#2341,#2342,#2343,#2344));
#581=EDGE_LOOP('',(#2345,#2346,#2347,#2348));
#582=EDGE_LOOP('',(#2349,#2350,#2351,#2352));
#583=EDGE_LOOP('',(#2353,#2354,#2355,#2356));
#584=EDGE_LOOP('',(#2357,#2358,#2359,#2360,#2361,#2362,#2363,#2364));
#585=EDGE_LOOP('',(#2365,#2366,#2367,#2368,#2369,#2370,#2371,#2372));
#586=EDGE_LOOP('',(#2373));
#587=EDGE_LOOP('',(#2374));
#588=EDGE_LOOP('',(#2375));
#589=EDGE_LOOP('',(#2376));
#590=EDGE_LOOP('',(#2377));
#591=EDGE_LOOP('',(#2378));
#592=EDGE_LOOP('',(#2379));
#593=EDGE_LOOP('',(#2380));
#594=EDGE_LOOP('',(#2381,#2382,#2383,#2384));
#595=EDGE_LOOP('',(#2385,#2386,#2387,#2388));
#596=EDGE_LOOP('',(#2389,#2390,#2391,#2392));
#597=EDGE_LOOP('',(#2393,#2394,#2395,#2396));
#598=EDGE_LOOP('',(#2397,#2398,#2399,#2400));
#599=EDGE_LOOP('',(#2401,#2402,#2403,#2404));
#600=EDGE_LOOP('',(#2405,#2406,#2407,#2408));
#601=EDGE_LOOP('',(#2409,#2410,#2411,#2412));
#602=EDGE_LOOP('',(#2413,#2414,#2415,#2416));
#603=EDGE_LOOP('',(#2417,#2418,#2419,#2420,#2421,#2422));
#604=EDGE_LOOP('',(#2423));
#605=EDGE_LOOP('',(#2424));
#606=EDGE_LOOP('',(#2425));
#607=EDGE_LOOP('',(#2426,#2427,#2428,#2429));
#608=EDGE_LOOP('',(#2430,#2431,#2432,#2433));
#609=EDGE_LOOP('',(#2434));
#610=EDGE_LOOP('',(#2435));
#611=EDGE_LOOP('',(#2436,#2437,#2438,#2439));
#612=EDGE_LOOP('',(#2440,#2441,#2442,#2443,#2444,#2445));
#613=EDGE_LOOP('',(#2446));
#614=EDGE_LOOP('',(#2447));
#615=EDGE_LOOP('',(#2448,#2449,#2450,#2451));
#616=EDGE_LOOP('',(#2452,#2453,#2454,#2455));
#617=EDGE_LOOP('',(#2456));
#618=EDGE_LOOP('',(#2457));
#619=EDGE_LOOP('',(#2458,#2459,#2460,#2461,#2462,#2463,#2464,#2465));
#620=EDGE_LOOP('',(#2466,#2467,#2468,#2469));
#621=EDGE_LOOP('',(#2470,#2471,#2472,#2473));
#622=EDGE_LOOP('',(#2474,#2475,#2476,#2477));
#623=EDGE_LOOP('',(#2478,#2479,#2480,#2481));
#624=EDGE_LOOP('',(#2482,#2483,#2484,#2485));
#625=EDGE_LOOP('',(#2486,#2487,#2488,#2489));
#626=EDGE_LOOP('',(#2490,#2491,#2492,#2493));
#627=EDGE_LOOP('',(#2494));
#628=EDGE_LOOP('',(#2495,#2496,#2497,#2498));
#629=EDGE_LOOP('',(#2499,#2500,#2501,#2502));
#630=EDGE_LOOP('',(#2503,#2504,#2505,#2506));
#631=EDGE_LOOP('',(#2507,#2508,#2509,#2510));
#632=EDGE_LOOP('',(#2511,#2512,#2513,#2514));
#633=EDGE_LOOP('',(#2515,#2516,#2517,#2518));
#634=EDGE_LOOP('',(#2519));
#635=EDGE_LOOP('',(#2520));
#636=EDGE_LOOP('',(#2521,#2522,#2523,#2524,#2525));
#637=EDGE_LOOP('',(#2526,#2527,#2528));
#638=EDGE_LOOP('',(#2529,#2530,#2531,#2532,#2533,#2534,#2535,#2536,#2537,
#2538,#2539,#2540));
#639=EDGE_LOOP('',(#2541));
#640=EDGE_LOOP('',(#2542,#2543,#2544,#2545));
#641=EDGE_LOOP('',(#2546,#2547,#2548,#2549));
#642=EDGE_LOOP('',(#2550,#2551,#2552,#2553));
#643=EDGE_LOOP('',(#2554,#2555,#2556,#2557));
#644=EDGE_LOOP('',(#2558,#2559,#2560,#2561));
#645=EDGE_LOOP('',(#2562,#2563,#2564,#2565,#2566,#2567));
#646=EDGE_LOOP('',(#2568));
#647=EDGE_LOOP('',(#2569,#2570,#2571,#2572));
#648=EDGE_LOOP('',(#2573,#2574,#2575,#2576));
#649=EDGE_LOOP('',(#2577,#2578,#2579,#2580));
#650=EDGE_LOOP('',(#2581,#2582,#2583,#2584));
#651=EDGE_LOOP('',(#2585,#2586,#2587,#2588));
#652=EDGE_LOOP('',(#2589,#2590,#2591,#2592,#2593,#2594));
#653=EDGE_LOOP('',(#2595));
#654=EDGE_LOOP('',(#2596,#2597,#2598,#2599));
#655=EDGE_LOOP('',(#2600,#2601,#2602,#2603,#2604));
#656=EDGE_LOOP('',(#2605));
#657=EDGE_LOOP('',(#2606,#2607,#2608,#2609));
#658=EDGE_LOOP('',(#2610,#2611,#2612,#2613));
#659=EDGE_LOOP('',(#2614,#2615,#2616,#2617));
#660=EDGE_LOOP('',(#2618,#2619,#2620,#2621));
#661=EDGE_LOOP('',(#2622,#2623,#2624,#2625,#2626));
#662=EDGE_LOOP('',(#2627));
#663=EDGE_LOOP('',(#2628,#2629,#2630,#2631));
#664=EDGE_LOOP('',(#2632));
#665=EDGE_LOOP('',(#2633,#2634,#2635,#2636));
#666=EDGE_LOOP('',(#2637,#2638,#2639,#2640,#2641,#2642));
#667=EDGE_LOOP('',(#2643));
#668=EDGE_LOOP('',(#2644,#2645,#2646,#2647));
#669=EDGE_LOOP('',(#2648,#2649,#2650,#2651));
#670=EDGE_LOOP('',(#2652,#2653,#2654,#2655));
#671=EDGE_LOOP('',(#2656,#2657,#2658,#2659));
#672=EDGE_LOOP('',(#2660,#2661,#2662,#2663));
#673=EDGE_LOOP('',(#2664,#2665,#2666,#2667,#2668,#2669));
#674=EDGE_LOOP('',(#2670));
#675=EDGE_LOOP('',(#2671,#2672,#2673,#2674));
#676=EDGE_LOOP('',(#2675,#2676,#2677,#2678,#2679));
#677=EDGE_LOOP('',(#2680));
#678=EDGE_LOOP('',(#2681,#2682,#2683,#2684));
#679=EDGE_LOOP('',(#2685,#2686,#2687,#2688));
#680=EDGE_LOOP('',(#2689,#2690,#2691,#2692));
#681=EDGE_LOOP('',(#2693,#2694,#2695,#2696));
#682=EDGE_LOOP('',(#2697,#2698,#2699,#2700,#2701));
#683=EDGE_LOOP('',(#2702));
#684=EDGE_LOOP('',(#2703,#2704,#2705,#2706));
#685=EDGE_LOOP('',(#2707));
#686=EDGE_LOOP('',(#2708,#2709,#2710,#2711));
#687=EDGE_LOOP('',(#2712,#2713,#2714,#2715));
#688=EDGE_LOOP('',(#2716,#2717,#2718,#2719));
#689=EDGE_LOOP('',(#2720,#2721,#2722,#2723));
#690=EDGE_LOOP('',(#2724,#2725,#2726,#2727));
#691=EDGE_LOOP('',(#2728,#2729,#2730,#2731));
#692=EDGE_LOOP('',(#2732,#2733,#2734,#2735));
#693=EDGE_LOOP('',(#2736));
#694=EDGE_LOOP('',(#2737,#2738,#2739,#2740));
#695=EDGE_LOOP('',(#2741,#2742,#2743,#2744));
#696=EDGE_LOOP('',(#2745,#2746,#2747,#2748));
#697=EDGE_LOOP('',(#2749));
#698=EDGE_LOOP('',(#2750,#2751,#2752,#2753,#2754,#2755,#2756,#2757));
#699=EDGE_LOOP('',(#2758,#2759,#2760,#2761,#2762,#2763,#2764,#2765));
#700=EDGE_LOOP('',(#2766,#2767,#2768,#2769,#2770,#2771,#2772,#2773));
#701=EDGE_LOOP('',(#2774,#2775,#2776,#2777,#2778,#2779,#2780,#2781));
#702=EDGE_LOOP('',(#2782,#2783,#2784,#2785));
#703=EDGE_LOOP('',(#2786,#2787,#2788,#2789,#2790,#2791,#2792,#2793));
#704=EDGE_LOOP('',(#2794,#2795,#2796,#2797));
#705=EDGE_LOOP('',(#2798,#2799,#2800,#2801));
#706=EDGE_LOOP('',(#2802,#2803,#2804,#2805));
#707=LINE('',#4258,#982);
#708=LINE('',#4272,#983);
#709=LINE('',#4290,#984);
#710=LINE('',#4293,#985);
#711=LINE('',#4298,#986);
#712=LINE('',#4301,#987);
#713=LINE('',#4306,#988);
#714=LINE('',#4310,#989);
#715=LINE('',#4312,#990);
#716=LINE('',#4316,#991);
#717=LINE('',#4318,#992);
#718=LINE('',#4320,#993);
#719=LINE('',#4322,#994);
#720=LINE('',#4324,#995);
#721=LINE('',#4330,#996);
#722=LINE('',#4336,#997);
#723=LINE('',#4339,#998);
#724=LINE('',#4344,#999);
#725=LINE('',#4348,#1000);
#726=LINE('',#4352,#1001);
#727=LINE('',#4355,#1002);
#728=LINE('',#4358,#1003);
#729=LINE('',#4360,#1004);
#730=LINE('',#4363,#1005);
#731=LINE('',#4371,#1006);
#732=LINE('',#4373,#1007);
#733=LINE('',#4375,#1008);
#734=LINE('',#4376,#1009);
#735=LINE('',#4379,#1010);
#736=LINE('',#4381,#1011);
#737=LINE('',#4382,#1012);
#738=LINE('',#4385,#1013);
#739=LINE('',#4387,#1014);
#740=LINE('',#4388,#1015);
#741=LINE('',#4390,#1016);
#742=LINE('',#4391,#1017);
#743=LINE('',#4395,#1018);
#744=LINE('',#4397,#1019);
#745=LINE('',#4399,#1020);
#746=LINE('',#4400,#1021);
#747=LINE('',#4404,#1022);
#748=LINE('',#4405,#1023);
#749=LINE('',#4406,#1024);
#750=LINE('',#4409,#1025);
#751=LINE('',#4410,#1026);
#752=LINE('',#4413,#1027);
#753=LINE('',#4414,#1028);
#754=LINE('',#4416,#1029);
#755=LINE('',#4420,#1030);
#756=LINE('',#4422,#1031);
#757=LINE('',#4424,#1032);
#758=LINE('',#4425,#1033);
#759=LINE('',#4428,#1034);
#760=LINE('',#4430,#1035);
#761=LINE('',#4431,#1036);
#762=LINE('',#4434,#1037);
#763=LINE('',#4436,#1038);
#764=LINE('',#4437,#1039);
#765=LINE('',#4439,#1040);
#766=LINE('',#4440,#1041);
#767=LINE('',#4443,#1042);
#768=LINE('',#4445,#1043);
#769=LINE('',#4447,#1044);
#770=LINE('',#4449,#1045);
#771=LINE('',#4451,#1046);
#772=LINE('',#4452,#1047);
#773=LINE('',#4467,#1048);
#774=LINE('',#4490,#1049);
#775=LINE('',#4523,#1050);
#776=LINE('',#4527,#1051);
#777=LINE('',#4544,#1052);
#778=LINE('',#4547,#1053);
#779=LINE('',#4550,#1054);
#780=LINE('',#4552,#1055);
#781=LINE('',#4554,#1056);
#782=LINE('',#4556,#1057);
#783=LINE('',#4558,#1058);
#784=LINE('',#4560,#1059);
#785=LINE('',#4562,#1060);
#786=LINE('',#4564,#1061);
#787=LINE('',#4566,#1062);
#788=LINE('',#4568,#1063);
#789=LINE('',#4570,#1064);
#790=LINE('',#4571,#1065);
#791=LINE('',#4574,#1066);
#792=LINE('',#4578,#1067);
#793=LINE('',#4582,#1068);
#794=LINE('',#4586,#1069);
#795=LINE('',#4590,#1070);
#796=LINE('',#4591,#1071);
#797=LINE('',#4593,#1072);
#798=LINE('',#4621,#1073);
#799=LINE('',#4625,#1074);
#800=LINE('',#4630,#1075);
#801=LINE('',#4633,#1076);
#802=LINE('',#4639,#1077);
#803=LINE('',#4642,#1078);
#804=LINE('',#4661,#1079);
#805=LINE('',#4662,#1080);
#806=LINE('',#4681,#1081);
#807=LINE('',#4682,#1082);
#808=LINE('',#4701,#1083);
#809=LINE('',#4702,#1084);
#810=LINE('',#4716,#1085);
#811=LINE('',#4719,#1086);
#812=LINE('',#4722,#1087);
#813=LINE('',#4723,#1088);
#814=LINE('',#4726,#1089);
#815=LINE('',#4730,#1090);
#816=LINE('',#4731,#1091);
#817=LINE('',#4745,#1092);
#818=LINE('',#4746,#1093);
#819=LINE('',#4748,#1094);
#820=LINE('',#4754,#1095);
#821=LINE('',#4761,#1096);
#822=LINE('',#4767,#1097);
#823=LINE('',#4770,#1098);
#824=LINE('',#4771,#1099);
#825=LINE('',#4778,#1100);
#826=LINE('',#4781,#1101);
#827=LINE('',#4783,#1102);
#828=LINE('',#4789,#1103);
#829=LINE('',#4797,#1104);
#830=LINE('',#4803,#1105);
#831=LINE('',#4806,#1106);
#832=LINE('',#4808,#1107);
#833=LINE('',#4813,#1108);
#834=LINE('',#4815,#1109);
#835=LINE('',#4817,#1110);
#836=LINE('',#4819,#1111);
#837=LINE('',#4822,#1112);
#838=LINE('',#4824,#1113);
#839=LINE('',#4826,#1114);
#840=LINE('',#4828,#1115);
#841=LINE('',#4831,#1116);
#842=LINE('',#4833,#1117);
#843=LINE('',#4834,#1118);
#844=LINE('',#4837,#1119);
#845=LINE('',#4841,#1120);
#846=LINE('',#4842,#1121);
#847=LINE('',#4845,#1122);
#848=LINE('',#4849,#1123);
#849=LINE('',#4850,#1124);
#850=LINE('',#4853,#1125);
#851=LINE('',#4857,#1126);
#852=LINE('',#4858,#1127);
#853=LINE('',#4866,#1128);
#854=LINE('',#4870,#1129);
#855=LINE('',#4874,#1130);
#856=LINE('',#4877,#1131);
#857=LINE('',#4906,#1132);
#858=LINE('',#4907,#1133);
#859=LINE('',#4910,#1134);
#860=LINE('',#4911,#1135);
#861=LINE('',#4915,#1136);
#862=LINE('',#4918,#1137);
#863=LINE('',#4919,#1138);
#864=LINE('',#4923,#1139);
#865=LINE('',#4926,#1140);
#866=LINE('',#4927,#1141);
#867=LINE('',#4931,#1142);
#868=LINE('',#4933,#1143);
#869=LINE('',#4937,#1144);
#870=LINE('',#4941,#1145);
#871=LINE('',#4947,#1146);
#872=LINE('',#4951,#1147);
#873=LINE('',#4956,#1148);
#874=LINE('',#4960,#1149);
#875=LINE('',#4965,#1150);
#876=LINE('',#4969,#1151);
#877=LINE('',#4973,#1152);
#878=LINE('',#4979,#1153);
#879=LINE('',#4984,#1154);
#880=LINE('',#4987,#1155);
#881=LINE('',#4990,#1156);
#882=LINE('',#4993,#1157);
#883=LINE('',#4996,#1158);
#884=LINE('',#4997,#1159);
#885=LINE('',#5002,#1160);
#886=LINE('',#5006,#1161);
#887=LINE('',#5007,#1162);
#888=LINE('',#5009,#1163);
#889=LINE('',#5012,#1164);
#890=LINE('',#5013,#1165);
#891=LINE('',#5017,#1166);
#892=LINE('',#5019,#1167);
#893=LINE('',#5020,#1168);
#894=LINE('',#5023,#1169);
#895=LINE('',#5024,#1170);
#896=LINE('',#5029,#1171);
#897=LINE('',#5033,#1172);
#898=LINE('',#5036,#1173);
#899=LINE('',#5041,#1174);
#900=LINE('',#5043,#1175);
#901=LINE('',#5044,#1176);
#902=LINE('',#5045,#1177);
#903=LINE('',#5049,#1178);
#904=LINE('',#5050,#1179);
#905=LINE('',#5051,#1180);
#906=LINE('',#5054,#1181);
#907=LINE('',#5055,#1182);
#908=LINE('',#5057,#1183);
#909=LINE('',#5064,#1184);
#910=LINE('',#5069,#1185);
#911=LINE('',#5071,#1186);
#912=LINE('',#5072,#1187);
#913=LINE('',#5074,#1188);
#914=LINE('',#5075,#1189);
#915=LINE('',#5078,#1190);
#916=LINE('',#5079,#1191);
#917=LINE('',#5082,#1192);
#918=LINE('',#5083,#1193);
#919=LINE('',#5086,#1194);
#920=LINE('',#5088,#1195);
#921=LINE('',#5089,#1196);
#922=LINE('',#5091,#1197);
#923=LINE('',#5093,#1198);
#924=LINE('',#5101,#1199);
#925=LINE('',#5105,#1200);
#926=LINE('',#5107,#1201);
#927=LINE('',#5109,#1202);
#928=LINE('',#5110,#1203);
#929=LINE('',#5113,#1204);
#930=LINE('',#5115,#1205);
#931=LINE('',#5116,#1206);
#932=LINE('',#5119,#1207);
#933=LINE('',#5120,#1208);
#934=LINE('',#5122,#1209);
#935=LINE('',#5124,#1210);
#936=LINE('',#5130,#1211);
#937=LINE('',#5136,#1212);
#938=LINE('',#5141,#1213);
#939=LINE('',#5143,#1214);
#940=LINE('',#5144,#1215);
#941=LINE('',#5146,#1216);
#942=LINE('',#5147,#1217);
#943=LINE('',#5150,#1218);
#944=LINE('',#5151,#1219);
#945=LINE('',#5154,#1220);
#946=LINE('',#5155,#1221);
#947=LINE('',#5158,#1222);
#948=LINE('',#5160,#1223);
#949=LINE('',#5161,#1224);
#950=LINE('',#5163,#1225);
#951=LINE('',#5165,#1226);
#952=LINE('',#5173,#1227);
#953=LINE('',#5177,#1228);
#954=LINE('',#5179,#1229);
#955=LINE('',#5181,#1230);
#956=LINE('',#5182,#1231);
#957=LINE('',#5185,#1232);
#958=LINE('',#5187,#1233);
#959=LINE('',#5188,#1234);
#960=LINE('',#5191,#1235);
#961=LINE('',#5192,#1236);
#962=LINE('',#5194,#1237);
#963=LINE('',#5196,#1238);
#964=LINE('',#5203,#1239);
#965=LINE('',#5205,#1240);
#966=LINE('',#5207,#1241);
#967=LINE('',#5209,#1242);
#968=LINE('',#5211,#1243);
#969=LINE('',#5215,#1244);
#970=LINE('',#5221,#1245);
#971=LINE('',#5223,#1246);
#972=LINE('',#5227,#1247);
#973=LINE('',#5232,#1248);
#974=LINE('',#5235,#1249);
#975=LINE('',#5240,#1250);
#976=LINE('',#5243,#1251);
#977=LINE('',#5244,#1252);
#978=LINE('',#5245,#1253);
#979=LINE('',#5249,#1254);
#980=LINE('',#5251,#1255);
#981=LINE('',#5253,#1256);
#982=VECTOR('',#3358,10.);
#983=VECTOR('',#3359,10.);
#984=VECTOR('',#3364,10.);
#985=VECTOR('',#3367,10.);
#986=VECTOR('',#3370,10.);
#987=VECTOR('',#3373,10.);
#988=VECTOR('',#3378,10.);
#989=VECTOR('',#3381,10.);
#990=VECTOR('',#3382,10.);
#991=VECTOR('',#3385,10.);
#992=VECTOR('',#3386,10.);
#993=VECTOR('',#3387,10.);
#994=VECTOR('',#3388,10.);
#995=VECTOR('',#3389,10.);
#996=VECTOR('',#3394,10.);
#997=VECTOR('',#3399,10.);
#998=VECTOR('',#3402,10.);
#999=VECTOR('',#3405,10.);
#1000=VECTOR('',#3408,10.);
#1001=VECTOR('',#3411,10.);
#1002=VECTOR('',#3414,10.);
#1003=VECTOR('',#3415,10.);
#1004=VECTOR('',#3416,10.);
#1005=VECTOR('',#3419,10.);
#1006=VECTOR('',#3426,10.);
#1007=VECTOR('',#3427,10.);
#1008=VECTOR('',#3428,10.);
#1009=VECTOR('',#3429,10.);
#1010=VECTOR('',#3432,10.);
#1011=VECTOR('',#3433,10.);
#1012=VECTOR('',#3434,10.);
#1013=VECTOR('',#3437,10.);
#1014=VECTOR('',#3438,10.);
#1015=VECTOR('',#3439,10.);
#1016=VECTOR('',#3442,10.);
#1017=VECTOR('',#3443,10.);
#1018=VECTOR('',#3446,10.);
#1019=VECTOR('',#3447,10.);
#1020=VECTOR('',#3448,10.);
#1021=VECTOR('',#3449,10.);
#1022=VECTOR('',#3452,10.);
#1023=VECTOR('',#3453,10.);
#1024=VECTOR('',#3454,10.);
#1025=VECTOR('',#3457,10.);
#1026=VECTOR('',#3458,10.);
#1027=VECTOR('',#3461,10.);
#1028=VECTOR('',#3462,10.);
#1029=VECTOR('',#3465,10.);
#1030=VECTOR('',#3468,10.);
#1031=VECTOR('',#3469,10.);
#1032=VECTOR('',#3470,10.);
#1033=VECTOR('',#3471,10.);
#1034=VECTOR('',#3474,10.);
#1035=VECTOR('',#3475,10.);
#1036=VECTOR('',#3476,10.);
#1037=VECTOR('',#3479,10.);
#1038=VECTOR('',#3480,10.);
#1039=VECTOR('',#3481,10.);
#1040=VECTOR('',#3484,10.);
#1041=VECTOR('',#3485,10.);
#1042=VECTOR('',#3488,10.);
#1043=VECTOR('',#3489,10.);
#1044=VECTOR('',#3490,10.);
#1045=VECTOR('',#3491,10.);
#1046=VECTOR('',#3492,10.);
#1047=VECTOR('',#3493,10.);
#1048=VECTOR('',#3510,3.50000000000001);
#1049=VECTOR('',#3515,10.);
#1050=VECTOR('',#3518,10.);
#1051=VECTOR('',#3521,10.);
#1052=VECTOR('',#3524,10.);
#1053=VECTOR('',#3527,10.);
#1054=VECTOR('',#3530,10.);
#1055=VECTOR('',#3531,10.);
#1056=VECTOR('',#3532,10.);
#1057=VECTOR('',#3533,10.);
#1058=VECTOR('',#3534,10.);
#1059=VECTOR('',#3535,10.);
#1060=VECTOR('',#3536,10.);
#1061=VECTOR('',#3537,10.);
#1062=VECTOR('',#3538,10.);
#1063=VECTOR('',#3539,10.);
#1064=VECTOR('',#3540,10.);
#1065=VECTOR('',#3541,10.);
#1066=VECTOR('',#3542,10.);
#1067=VECTOR('',#3545,10.);
#1068=VECTOR('',#3548,10.);
#1069=VECTOR('',#3551,10.);
#1070=VECTOR('',#3556,10.);
#1071=VECTOR('',#3557,10.);
#1072=VECTOR('',#3560,10.);
#1073=VECTOR('',#3563,10.);
#1074=VECTOR('',#3568,10.);
#1075=VECTOR('',#3571,10.);
#1076=VECTOR('',#3574,10.);
#1077=VECTOR('',#3579,10.);
#1078=VECTOR('',#3582,10.);
#1079=VECTOR('',#3593,10.);
#1080=VECTOR('',#3594,10.);
#1081=VECTOR('',#3605,10.);
#1082=VECTOR('',#3606,10.);
#1083=VECTOR('',#3617,10.);
#1084=VECTOR('',#3618,10.);
#1085=VECTOR('',#3625,10.);
#1086=VECTOR('',#3628,10.);
#1087=VECTOR('',#3631,10.);
#1088=VECTOR('',#3632,10.);
#1089=VECTOR('',#3635,10.);
#1090=VECTOR('',#3640,10.);
#1091=VECTOR('',#3641,10.);
#1092=VECTOR('',#3656,4.);
#1093=VECTOR('',#3657,10.);
#1094=VECTOR('',#3658,10.);
#1095=VECTOR('',#3665,2.1);
#1096=VECTOR('',#3674,2.1);
#1097=VECTOR('',#3681,4.);
#1098=VECTOR('',#3684,10.);
#1099=VECTOR('',#3685,10.);
#1100=VECTOR('',#3694,4.);
#1101=VECTOR('',#3697,10.);
#1102=VECTOR('',#3698,10.);
#1103=VECTOR('',#3705,2.1);
#1104=VECTOR('',#3716,2.1);
#1105=VECTOR('',#3723,4.);
#1106=VECTOR('',#3726,10.);
#1107=VECTOR('',#3727,10.);
#1108=VECTOR('',#3736,10.);
#1109=VECTOR('',#3739,10.);
#1110=VECTOR('',#3742,10.);
#1111=VECTOR('',#3745,10.);
#1112=VECTOR('',#3750,2.6);
#1113=VECTOR('',#3753,2.6);
#1114=VECTOR('',#3756,2.6);
#1115=VECTOR('',#3759,2.6);
#1116=VECTOR('',#3762,10.);
#1117=VECTOR('',#3763,10.);
#1118=VECTOR('',#3764,10.);
#1119=VECTOR('',#3767,10.);
#1120=VECTOR('',#3772,10.);
#1121=VECTOR('',#3773,10.);
#1122=VECTOR('',#3776,10.);
#1123=VECTOR('',#3781,10.);
#1124=VECTOR('',#3782,10.);
#1125=VECTOR('',#3785,10.);
#1126=VECTOR('',#3790,10.);
#1127=VECTOR('',#3791,10.);
#1128=VECTOR('',#3800,10.);
#1129=VECTOR('',#3803,10.);
#1130=VECTOR('',#3806,10.);
#1131=VECTOR('',#3809,10.);
#1132=VECTOR('',#3846,10.);
#1133=VECTOR('',#3847,10.);
#1134=VECTOR('',#3850,10.);
#1135=VECTOR('',#3851,10.);
#1136=VECTOR('',#3856,10.);
#1137=VECTOR('',#3859,10.);
#1138=VECTOR('',#3860,10.);
#1139=VECTOR('',#3865,10.);
#1140=VECTOR('',#3868,10.);
#1141=VECTOR('',#3869,10.);
#1142=VECTOR('',#3874,10.);
#1143=VECTOR('',#3877,10.);
#1144=VECTOR('',#3882,2.1);
#1145=VECTOR('',#3887,4.);
#1146=VECTOR('',#3896,2.1);
#1147=VECTOR('',#3901,3.99999999999999);
#1148=VECTOR('',#3908,2.1);
#1149=VECTOR('',#3913,4.);
#1150=VECTOR('',#3920,2.1);
#1151=VECTOR('',#3925,4.);
#1152=VECTOR('',#3930,10.);
#1153=VECTOR('',#3937,10.);
#1154=VECTOR('',#3940,10.);
#1155=VECTOR('',#3943,10.);
#1156=VECTOR('',#3946,10.);
#1157=VECTOR('',#3949,10.);
#1158=VECTOR('',#3952,10.);
#1159=VECTOR('',#3953,10.);
#1160=VECTOR('',#3958,2.10000000000001);
#1161=VECTOR('',#3963,10.);
#1162=VECTOR('',#3964,10.);
#1163=VECTOR('',#3967,10.);
#1164=VECTOR('',#3970,10.);
#1165=VECTOR('',#3971,10.);
#1166=VECTOR('',#3976,10.);
#1167=VECTOR('',#3977,10.);
#1168=VECTOR('',#3978,10.);
#1169=VECTOR('',#3981,10.);
#1170=VECTOR('',#3982,10.);
#1171=VECTOR('',#3987,2.1);
#1172=VECTOR('',#3992,10.);
#1173=VECTOR('',#3997,10.);
#1174=VECTOR('',#4004,10.);
#1175=VECTOR('',#4005,10.);
#1176=VECTOR('',#4006,10.);
#1177=VECTOR('',#4007,10.);
#1178=VECTOR('',#4012,10.);
#1179=VECTOR('',#4013,10.);
#1180=VECTOR('',#4014,10.);
#1181=VECTOR('',#4017,10.);
#1182=VECTOR('',#4018,10.);
#1183=VECTOR('',#4021,10.);
#1184=VECTOR('',#4030,2.74999999999999);
#1185=VECTOR('',#4035,10.);
#1186=VECTOR('',#4036,10.);
#1187=VECTOR('',#4037,10.);
#1188=VECTOR('',#4038,10.);
#1189=VECTOR('',#4039,10.);
#1190=VECTOR('',#4042,10.);
#1191=VECTOR('',#4043,10.);
#1192=VECTOR('',#4046,10.);
#1193=VECTOR('',#4047,10.);
#1194=VECTOR('',#4050,10.);
#1195=VECTOR('',#4051,10.);
#1196=VECTOR('',#4052,10.);
#1197=VECTOR('',#4055,10.);
#1198=VECTOR('',#4058,10.);
#1199=VECTOR('',#4067,2.75);
#1200=VECTOR('',#4072,10.);
#1201=VECTOR('',#4073,10.);
#1202=VECTOR('',#4074,10.);
#1203=VECTOR('',#4075,10.);
#1204=VECTOR('',#4078,10.);
#1205=VECTOR('',#4079,10.);
#1206=VECTOR('',#4080,10.);
#1207=VECTOR('',#4083,10.);
#1208=VECTOR('',#4084,10.);
#1209=VECTOR('',#4087,10.);
#1210=VECTOR('',#4090,10.);
#1211=VECTOR('',#4097,10.);
#1212=VECTOR('',#4104,2.75);
#1213=VECTOR('',#4109,10.);
#1214=VECTOR('',#4110,10.);
#1215=VECTOR('',#4111,10.);
#1216=VECTOR('',#4112,10.);
#1217=VECTOR('',#4113,10.);
#1218=VECTOR('',#4116,10.);
#1219=VECTOR('',#4117,10.);
#1220=VECTOR('',#4120,10.);
#1221=VECTOR('',#4121,10.);
#1222=VECTOR('',#4124,10.);
#1223=VECTOR('',#4125,10.);
#1224=VECTOR('',#4126,10.);
#1225=VECTOR('',#4129,10.);
#1226=VECTOR('',#4132,10.);
#1227=VECTOR('',#4141,2.75);
#1228=VECTOR('',#4146,10.);
#1229=VECTOR('',#4147,10.);
#1230=VECTOR('',#4148,10.);
#1231=VECTOR('',#4149,10.);
#1232=VECTOR('',#4152,10.);
#1233=VECTOR('',#4153,10.);
#1234=VECTOR('',#4154,10.);
#1235=VECTOR('',#4157,10.);
#1236=VECTOR('',#4158,10.);
#1237=VECTOR('',#4161,10.);
#1238=VECTOR('',#4164,10.);
#1239=VECTOR('',#4173,10.);
#1240=VECTOR('',#4176,2.75);
#1241=VECTOR('',#4179,2.75);
#1242=VECTOR('',#4182,2.74999999999999);
#1243=VECTOR('',#4185,2.75);
#1244=VECTOR('',#4190,10.);
#1245=VECTOR('',#4197,10.);
#1246=VECTOR('',#4200,10.);
#1247=VECTOR('',#4205,10.);
#1248=VECTOR('',#4210,10.);
#1249=VECTOR('',#4215,10.);
#1250=VECTOR('',#4220,10.);
#1251=VECTOR('',#4223,10.);
#1252=VECTOR('',#4224,10.);
#1253=VECTOR('',#4225,10.);
#1254=VECTOR('',#4232,10.);
#1255=VECTOR('',#4235,10.);
#1256=VECTOR('',#4238,10.);
#1257=B_SPLINE_CURVE_WITH_KNOTS('',3,(#4245,#4246,#4247,#4248,#4249,#4250,
#4251,#4252,#4253,#4254,#4255,#4256),.UNSPECIFIED.,.F.,.F.,(4,2,2,2,2,4),
(1.24797907199421,1.37412972099127,1.50028036998833,1.59773204390561,1.64645788086424,
1.69518371782288),.UNSPECIFIED.);
#1258=B_SPLINE_CURVE_WITH_KNOTS('',3,(#4260,#4261,#4262,#4263,#4264,#4265,
#4266,#4267,#4268,#4269,#4270,#4271),.UNSPECIFIED.,.F.,.F.,(4,2,2,2,2,4),
(1.69518371782288,1.74390955478152,1.79263539174016,1.89008706565744,2.01623771465449,
2.14238836365155),.UNSPECIFIED.);
#1259=B_SPLINE_CURVE_WITH_KNOTS('',3,(#4277,#4278,#4279,#4280,#4281,#4282,
#4283,#4284,#4285,#4286,#4287,#4288),.UNSPECIFIED.,.F.,.F.,(4,2,2,2,2,4),
(1.24797907199421,1.37412972099127,1.50028036998833,1.59773204390561,1.64645788086424,
1.69518371782288),.UNSPECIFIED.);
#1260=B_SPLINE_CURVE_WITH_KNOTS('',3,(#4469,#4470,#4471,#4472,#4473,#4474,
#4475,#4476,#4477,#4478,#4479,#4480,#4481,#4482,#4483,#4484,#4485,#4486),
 .UNSPECIFIED.,.F.,.F.,(4,2,2,2,2,2,2,2,4),(1.18882533051259,1.26819361210306,
1.43985782817895,1.52568993621689,1.61152204425484,1.69735415229278,1.78318626033072,
1.95485047640661,2.03421875799708),.UNSPECIFIED.);
#1261=B_SPLINE_CURVE_WITH_KNOTS('',3,(#4491,#4492,#4493,#4494,#4495,#4496,
#4497,#4498,#4499,#4500,#4501,#4502),.UNSPECIFIED.,.F.,.F.,(4,2,2,2,2,4),
(1.24797907199421,1.37412972099127,1.50028036998833,1.59773204390561,1.64645788086424,
1.69518371782288),.UNSPECIFIED.);
#1262=B_SPLINE_CURVE_WITH_KNOTS('',3,(#4503,#4504,#4505,#4506,#4507,#4508,
#4509,#4510,#4511,#4512,#4513,#4514,#4515,#4516,#4517,#4518,#4519,#4520),
 .UNSPECIFIED.,.F.,.F.,(4,2,2,2,2,2,2,2,4),(1.18882533051259,1.26819361210306,
1.43985782817894,1.52568993621689,1.61152204425483,1.69735415229277,1.78318626033072,
1.9548504764066,2.03421875799707),.UNSPECIFIED.);
#1263=B_SPLINE_CURVE_WITH_KNOTS('',3,(#4528,#4529,#4530,#4531,#4532,#4533,
#4534,#4535,#4536,#4537,#4538,#4539),.UNSPECIFIED.,.F.,.F.,(4,2,2,2,2,4),
(1.69518371782288,1.74390955478152,1.79263539174016,1.89008706565744,2.01623771465449,
2.14238836365155),.UNSPECIFIED.);
#1264=B_SPLINE_CURVE_WITH_KNOTS('',3,(#4596,#4597,#4598,#4599,#4600,#4601,
#4602,#4603,#4604,#4605,#4606,#4607),.UNSPECIFIED.,.F.,.F.,(4,2,2,2,2,4),
(1.24797907199421,1.37412972099127,1.50028036998833,1.59773204390561,1.64645788086424,
1.69518371782288),.UNSPECIFIED.);
#1265=B_SPLINE_CURVE_WITH_KNOTS('',3,(#4609,#4610,#4611,#4612,#4613,#4614,
#4615,#4616,#4617,#4618,#4619,#4620),.UNSPECIFIED.,.F.,.F.,(4,2,2,2,2,4),
(1.69518371782288,1.74390955478152,1.79263539174016,1.89008706565744,2.0162377146545,
2.14238836365155),.UNSPECIFIED.);
#1266=VERTEX_POINT('',#4243);
#1267=VERTEX_POINT('',#4244);
#1268=VERTEX_POINT('',#4257);
#1269=VERTEX_POINT('',#4259);
#1270=VERTEX_POINT('',#4274);
#1271=VERTEX_POINT('',#4276);
#1272=VERTEX_POINT('',#4289);
#1273=VERTEX_POINT('',#4291);
#1274=VERTEX_POINT('',#4294);
#1275=VERTEX_POINT('',#4295);
#1276=VERTEX_POINT('',#4297);
#1277=VERTEX_POINT('',#4299);
#1278=VERTEX_POINT('',#4303);
#1279=VERTEX_POINT('',#4305);
#1280=VERTEX_POINT('',#4307);
#1281=VERTEX_POINT('',#4309);
#1282=VERTEX_POINT('',#4311);
#1283=VERTEX_POINT('',#4313);
#1284=VERTEX_POINT('',#4315);
#1285=VERTEX_POINT('',#4317);
#1286=VERTEX_POINT('',#4319);
#1287=VERTEX_POINT('',#4321);
#1288=VERTEX_POINT('',#4323);
#1289=VERTEX_POINT('',#4325);
#1290=VERTEX_POINT('',#4327);
#1291=VERTEX_POINT('',#4329);
#1292=VERTEX_POINT('',#4331);
#1293=VERTEX_POINT('',#4333);
#1294=VERTEX_POINT('',#4335);
#1295=VERTEX_POINT('',#4337);
#1296=VERTEX_POINT('',#4340);
#1297=VERTEX_POINT('',#4341);
#1298=VERTEX_POINT('',#4343);
#1299=VERTEX_POINT('',#4345);
#1300=VERTEX_POINT('',#4347);
#1301=VERTEX_POINT('',#4349);
#1302=VERTEX_POINT('',#4351);
#1303=VERTEX_POINT('',#4353);
#1304=VERTEX_POINT('',#4356);
#1305=VERTEX_POINT('',#4357);
#1306=VERTEX_POINT('',#4359);
#1307=VERTEX_POINT('',#4361);
#1308=VERTEX_POINT('',#4364);
#1309=VERTEX_POINT('',#4366);
#1310=VERTEX_POINT('',#4369);
#1311=VERTEX_POINT('',#4370);
#1312=VERTEX_POINT('',#4372);
#1313=VERTEX_POINT('',#4374);
#1314=VERTEX_POINT('',#4378);
#1315=VERTEX_POINT('',#4380);
#1316=VERTEX_POINT('',#4384);
#1317=VERTEX_POINT('',#4386);
#1318=VERTEX_POINT('',#4393);
#1319=VERTEX_POINT('',#4394);
#1320=VERTEX_POINT('',#4396);
#1321=VERTEX_POINT('',#4398);
#1322=VERTEX_POINT('',#4402);
#1323=VERTEX_POINT('',#4403);
#1324=VERTEX_POINT('',#4408);
#1325=VERTEX_POINT('',#4412);
#1326=VERTEX_POINT('',#4418);
#1327=VERTEX_POINT('',#4419);
#1328=VERTEX_POINT('',#4421);
#1329=VERTEX_POINT('',#4423);
#1330=VERTEX_POINT('',#4427);
#1331=VERTEX_POINT('',#4429);
#1332=VERTEX_POINT('',#4433);
#1333=VERTEX_POINT('',#4435);
#1334=VERTEX_POINT('',#4442);
#1335=VERTEX_POINT('',#4444);
#1336=VERTEX_POINT('',#4446);
#1337=VERTEX_POINT('',#4448);
#1338=VERTEX_POINT('',#4450);
#1339=VERTEX_POINT('',#4453);
#1340=VERTEX_POINT('',#4455);
#1341=VERTEX_POINT('',#4457);
#1342=VERTEX_POINT('',#4459);
#1343=VERTEX_POINT('',#4461);
#1344=VERTEX_POINT('',#4465);
#1345=VERTEX_POINT('',#4487);
#1346=VERTEX_POINT('',#4489);
#1347=VERTEX_POINT('',#4522);
#1348=VERTEX_POINT('',#4524);
#1349=VERTEX_POINT('',#4526);
#1350=VERTEX_POINT('',#4540);
#1351=VERTEX_POINT('',#4541);
#1352=VERTEX_POINT('',#4543);
#1353=VERTEX_POINT('',#4545);
#1354=VERTEX_POINT('',#4549);
#1355=VERTEX_POINT('',#4551);
#1356=VERTEX_POINT('',#4553);
#1357=VERTEX_POINT('',#4555);
#1358=VERTEX_POINT('',#4557);
#1359=VERTEX_POINT('',#4559);
#1360=VERTEX_POINT('',#4561);
#1361=VERTEX_POINT('',#4563);
#1362=VERTEX_POINT('',#4565);
#1363=VERTEX_POINT('',#4567);
#1364=VERTEX_POINT('',#4569);
#1365=VERTEX_POINT('',#4572);
#1366=VERTEX_POINT('',#4573);
#1367=VERTEX_POINT('',#4575);
#1368=VERTEX_POINT('',#4577);
#1369=VERTEX_POINT('',#4579);
#1370=VERTEX_POINT('',#4581);
#1371=VERTEX_POINT('',#4583);
#1372=VERTEX_POINT('',#4585);
#1373=VERTEX_POINT('',#4589);
#1374=VERTEX_POINT('',#4595);
#1375=VERTEX_POINT('',#4608);
#1376=VERTEX_POINT('',#4623);
#1377=VERTEX_POINT('',#4626);
#1378=VERTEX_POINT('',#4627);
#1379=VERTEX_POINT('',#4629);
#1380=VERTEX_POINT('',#4631);
#1381=VERTEX_POINT('',#4635);
#1382=VERTEX_POINT('',#4636);
#1383=VERTEX_POINT('',#4638);
#1384=VERTEX_POINT('',#4640);
#1385=VERTEX_POINT('',#4652);
#1386=VERTEX_POINT('',#4653);
#1387=VERTEX_POINT('',#4658);
#1388=VERTEX_POINT('',#4659);
#1389=VERTEX_POINT('',#4672);
#1390=VERTEX_POINT('',#4673);
#1391=VERTEX_POINT('',#4678);
#1392=VERTEX_POINT('',#4679);
#1393=VERTEX_POINT('',#4692);
#1394=VERTEX_POINT('',#4693);
#1395=VERTEX_POINT('',#4698);
#1396=VERTEX_POINT('',#4699);
#1397=VERTEX_POINT('',#4715);
#1398=VERTEX_POINT('',#4717);
#1399=VERTEX_POINT('',#4721);
#1400=VERTEX_POINT('',#4725);
#1401=VERTEX_POINT('',#4729);
#1402=VERTEX_POINT('',#4732);
#1403=VERTEX_POINT('',#4734);
#1404=VERTEX_POINT('',#4736);
#1405=VERTEX_POINT('',#4738);
#1406=VERTEX_POINT('',#4742);
#1407=VERTEX_POINT('',#4744);
#1408=VERTEX_POINT('',#4747);
#1409=VERTEX_POINT('',#4751);
#1410=VERTEX_POINT('',#4753);
#1411=VERTEX_POINT('',#4758);
#1412=VERTEX_POINT('',#4760);
#1413=VERTEX_POINT('',#4764);
#1414=VERTEX_POINT('',#4766);
#1415=VERTEX_POINT('',#4768);
#1416=VERTEX_POINT('',#4775);
#1417=VERTEX_POINT('',#4777);
#1418=VERTEX_POINT('',#4779);
#1419=VERTEX_POINT('',#4782);
#1420=VERTEX_POINT('',#4786);
#1421=VERTEX_POINT('',#4788);
#1422=VERTEX_POINT('',#4794);
#1423=VERTEX_POINT('',#4796);
#1424=VERTEX_POINT('',#4800);
#1425=VERTEX_POINT('',#4802);
#1426=VERTEX_POINT('',#4804);
#1427=VERTEX_POINT('',#4807);
#1428=VERTEX_POINT('',#4830);
#1429=VERTEX_POINT('',#4832);
#1430=VERTEX_POINT('',#4836);
#1431=VERTEX_POINT('',#4840);
#1432=VERTEX_POINT('',#4844);
#1433=VERTEX_POINT('',#4848);
#1434=VERTEX_POINT('',#4852);
#1435=VERTEX_POINT('',#4856);
#1436=VERTEX_POINT('',#4862);
#1437=VERTEX_POINT('',#4863);
#1438=VERTEX_POINT('',#4865);
#1439=VERTEX_POINT('',#4867);
#1440=VERTEX_POINT('',#4869);
#1441=VERTEX_POINT('',#4871);
#1442=VERTEX_POINT('',#4873);
#1443=VERTEX_POINT('',#4875);
#1444=VERTEX_POINT('',#4879);
#1445=VERTEX_POINT('',#4882);
#1446=VERTEX_POINT('',#4885);
#1447=VERTEX_POINT('',#4888);
#1448=VERTEX_POINT('',#4891);
#1449=VERTEX_POINT('',#4894);
#1450=VERTEX_POINT('',#4897);
#1451=VERTEX_POINT('',#4900);
#1452=VERTEX_POINT('',#4903);
#1453=VERTEX_POINT('',#4904);
#1454=VERTEX_POINT('',#4909);
#1455=VERTEX_POINT('',#4913);
#1456=VERTEX_POINT('',#4917);
#1457=VERTEX_POINT('',#4921);
#1458=VERTEX_POINT('',#4925);
#1459=VERTEX_POINT('',#4929);
#1460=VERTEX_POINT('',#4935);
#1461=VERTEX_POINT('',#4939);
#1462=VERTEX_POINT('',#4945);
#1463=VERTEX_POINT('',#4949);
#1464=VERTEX_POINT('',#4954);
#1465=VERTEX_POINT('',#4958);
#1466=VERTEX_POINT('',#4963);
#1467=VERTEX_POINT('',#4967);
#1468=VERTEX_POINT('',#4972);
#1469=VERTEX_POINT('',#4975);
#1470=VERTEX_POINT('',#4977);
#1471=VERTEX_POINT('',#4980);
#1472=VERTEX_POINT('',#4981);
#1473=VERTEX_POINT('',#4983);
#1474=VERTEX_POINT('',#4985);
#1475=VERTEX_POINT('',#4989);
#1476=VERTEX_POINT('',#4991);
#1477=VERTEX_POINT('',#4995);
#1478=VERTEX_POINT('',#4999);
#1479=VERTEX_POINT('',#5001);
#1480=VERTEX_POINT('',#5005);
#1481=VERTEX_POINT('',#5011);
#1482=VERTEX_POINT('',#5016);
#1483=VERTEX_POINT('',#5018);
#1484=VERTEX_POINT('',#5022);
#1485=VERTEX_POINT('',#5026);
#1486=VERTEX_POINT('',#5028);
#1487=VERTEX_POINT('',#5032);
#1488=VERTEX_POINT('',#5040);
#1489=VERTEX_POINT('',#5042);
#1490=VERTEX_POINT('',#5048);
#1491=VERTEX_POINT('',#5053);
#1492=VERTEX_POINT('',#5061);
#1493=VERTEX_POINT('',#5063);
#1494=VERTEX_POINT('',#5067);
#1495=VERTEX_POINT('',#5068);
#1496=VERTEX_POINT('',#5070);
#1497=VERTEX_POINT('',#5073);
#1498=VERTEX_POINT('',#5077);
#1499=VERTEX_POINT('',#5081);
#1500=VERTEX_POINT('',#5085);
#1501=VERTEX_POINT('',#5087);
#1502=VERTEX_POINT('',#5095);
#1503=VERTEX_POINT('',#5098);
#1504=VERTEX_POINT('',#5100);
#1505=VERTEX_POINT('',#5104);
#1506=VERTEX_POINT('',#5106);
#1507=VERTEX_POINT('',#5108);
#1508=VERTEX_POINT('',#5112);
#1509=VERTEX_POINT('',#5114);
#1510=VERTEX_POINT('',#5118);
#1511=VERTEX_POINT('',#5126);
#1512=VERTEX_POINT('',#5129);
#1513=VERTEX_POINT('',#5133);
#1514=VERTEX_POINT('',#5135);
#1515=VERTEX_POINT('',#5139);
#1516=VERTEX_POINT('',#5140);
#1517=VERTEX_POINT('',#5142);
#1518=VERTEX_POINT('',#5145);
#1519=VERTEX_POINT('',#5149);
#1520=VERTEX_POINT('',#5153);
#1521=VERTEX_POINT('',#5157);
#1522=VERTEX_POINT('',#5159);
#1523=VERTEX_POINT('',#5167);
#1524=VERTEX_POINT('',#5170);
#1525=VERTEX_POINT('',#5172);
#1526=VERTEX_POINT('',#5176);
#1527=VERTEX_POINT('',#5178);
#1528=VERTEX_POINT('',#5180);
#1529=VERTEX_POINT('',#5184);
#1530=VERTEX_POINT('',#5186);
#1531=VERTEX_POINT('',#5190);
#1532=VERTEX_POINT('',#5198);
#1533=VERTEX_POINT('',#5201);
#1534=VERTEX_POINT('',#5213);
#1535=VERTEX_POINT('',#5217);
#1536=VERTEX_POINT('',#5219);
#1537=VERTEX_POINT('',#5225);
#1538=VERTEX_POINT('',#5229);
#1539=VERTEX_POINT('',#5231);
#1540=VERTEX_POINT('',#5237);
#1541=VERTEX_POINT('',#5239);
#1542=VERTEX_POINT('',#5241);
#1543=EDGE_CURVE('',#1266,#1267,#1257,.T.);
#1544=EDGE_CURVE('',#1266,#1268,#707,.T.);
#1545=EDGE_CURVE('',#1269,#1268,#1258,.T.);
#1546=EDGE_CURVE('',#1269,#1267,#708,.T.);
#1547=EDGE_CURVE('',#1270,#1268,#178,.T.);
#1548=EDGE_CURVE('',#1270,#1271,#1259,.T.);
#1549=EDGE_CURVE('',#1272,#1271,#709,.T.);
#1550=EDGE_CURVE('',#1272,#1273,#179,.T.);
#1551=EDGE_CURVE('',#1269,#1273,#710,.T.);
#1552=EDGE_CURVE('',#1274,#1275,#180,.T.);
#1553=EDGE_CURVE('',#1274,#1276,#711,.T.);
#1554=EDGE_CURVE('',#1276,#1277,#181,.T.);
#1555=EDGE_CURVE('',#1277,#1275,#712,.T.);
#1556=EDGE_CURVE('',#1266,#1278,#182,.T.);
#1557=EDGE_CURVE('',#1279,#1278,#713,.T.);
#1558=EDGE_CURVE('',#1279,#1280,#183,.T.);
#1559=EDGE_CURVE('',#1280,#1281,#714,.T.);
#1560=EDGE_CURVE('',#1281,#1282,#715,.T.);
#1561=EDGE_CURVE('',#1282,#1283,#184,.T.);
#1562=EDGE_CURVE('',#1283,#1284,#716,.T.);
#1563=EDGE_CURVE('',#1284,#1285,#717,.T.);
#1564=EDGE_CURVE('',#1285,#1286,#718,.T.);
#1565=EDGE_CURVE('',#1286,#1287,#719,.T.);
#1566=EDGE_CURVE('',#1288,#1287,#720,.T.);
#1567=EDGE_CURVE('',#1288,#1289,#185,.T.);
#1568=EDGE_CURVE('',#1289,#1290,#186,.T.);
#1569=EDGE_CURVE('',#1291,#1290,#721,.T.);
#1570=EDGE_CURVE('',#1291,#1292,#187,.T.);
#1571=EDGE_CURVE('',#1292,#1293,#188,.T.);
#1572=EDGE_CURVE('',#1294,#1293,#722,.T.);
#1573=EDGE_CURVE('',#1294,#1295,#189,.T.);
#1574=EDGE_CURVE('',#1270,#1295,#723,.T.);
#1575=EDGE_CURVE('',#1296,#1297,#190,.T.);
#1576=EDGE_CURVE('',#1297,#1298,#724,.T.);
#1577=EDGE_CURVE('',#1298,#1299,#191,.T.);
#1578=EDGE_CURVE('',#1299,#1300,#725,.T.);
#1579=EDGE_CURVE('',#1300,#1301,#192,.T.);
#1580=EDGE_CURVE('',#1301,#1302,#726,.T.);
#1581=EDGE_CURVE('',#1302,#1303,#193,.T.);
#1582=EDGE_CURVE('',#1303,#1296,#727,.T.);
#1583=EDGE_CURVE('',#1304,#1305,#728,.T.);
#1584=EDGE_CURVE('',#1305,#1306,#729,.T.);
#1585=EDGE_CURVE('',#1306,#1307,#194,.T.);
#1586=EDGE_CURVE('',#1307,#1304,#730,.T.);
#1587=EDGE_CURVE('',#1308,#1308,#195,.T.);
#1588=EDGE_CURVE('',#1309,#1309,#196,.T.);
#1589=EDGE_CURVE('',#1310,#1311,#731,.T.);
#1590=EDGE_CURVE('',#1311,#1312,#732,.T.);
#1591=EDGE_CURVE('',#1313,#1312,#733,.T.);
#1592=EDGE_CURVE('',#1310,#1313,#734,.T.);
#1593=EDGE_CURVE('',#1312,#1314,#735,.T.);
#1594=EDGE_CURVE('',#1311,#1315,#736,.T.);
#1595=EDGE_CURVE('',#1315,#1314,#737,.T.);
#1596=EDGE_CURVE('',#1314,#1316,#738,.T.);
#1597=EDGE_CURVE('',#1315,#1317,#739,.T.);
#1598=EDGE_CURVE('',#1317,#1316,#740,.T.);
#1599=EDGE_CURVE('',#1316,#1313,#741,.T.);
#1600=EDGE_CURVE('',#1317,#1310,#742,.T.);
#1601=EDGE_CURVE('',#1318,#1319,#743,.T.);
#1602=EDGE_CURVE('',#1319,#1320,#744,.T.);
#1603=EDGE_CURVE('',#1320,#1321,#745,.T.);
#1604=EDGE_CURVE('',#1321,#1318,#746,.T.);
#1605=EDGE_CURVE('',#1322,#1323,#747,.T.);
#1606=EDGE_CURVE('',#1321,#1322,#748,.T.);
#1607=EDGE_CURVE('',#1320,#1323,#749,.T.);
#1608=EDGE_CURVE('',#1323,#1324,#750,.T.);
#1609=EDGE_CURVE('',#1319,#1324,#751,.T.);
#1610=EDGE_CURVE('',#1324,#1325,#752,.T.);
#1611=EDGE_CURVE('',#1318,#1325,#753,.T.);
#1612=EDGE_CURVE('',#1325,#1322,#754,.T.);
#1613=EDGE_CURVE('',#1326,#1327,#755,.T.);
#1614=EDGE_CURVE('',#1327,#1328,#756,.T.);
#1615=EDGE_CURVE('',#1329,#1328,#757,.T.);
#1616=EDGE_CURVE('',#1329,#1326,#758,.T.);
#1617=EDGE_CURVE('',#1328,#1330,#759,.T.);
#1618=EDGE_CURVE('',#1327,#1331,#760,.T.);
#1619=EDGE_CURVE('',#1330,#1331,#761,.T.);
#1620=EDGE_CURVE('',#1332,#1326,#762,.T.);
#1621=EDGE_CURVE('',#1333,#1329,#763,.T.);
#1622=EDGE_CURVE('',#1333,#1332,#764,.T.);
#1623=EDGE_CURVE('',#1331,#1332,#765,.T.);
#1624=EDGE_CURVE('',#1330,#1333,#766,.T.);
#1625=EDGE_CURVE('',#1273,#1334,#767,.T.);
#1626=EDGE_CURVE('',#1335,#1334,#768,.T.);
#1627=EDGE_CURVE('',#1336,#1335,#769,.T.);
#1628=EDGE_CURVE('',#1336,#1337,#770,.T.);
#1629=EDGE_CURVE('',#1337,#1338,#771,.T.);
#1630=EDGE_CURVE('',#1338,#1267,#772,.T.);
#1631=EDGE_CURVE('',#1339,#1339,#197,.T.);
#1632=EDGE_CURVE('',#1340,#1340,#198,.T.);
#1633=EDGE_CURVE('',#1341,#1341,#199,.T.);
#1634=EDGE_CURVE('',#1342,#1342,#200,.T.);
#1635=EDGE_CURVE('',#1343,#1343,#201,.T.);
#1636=EDGE_CURVE('',#1344,#1344,#202,.T.);
#1637=EDGE_CURVE('',#1344,#1343,#773,.T.);
#1638=EDGE_CURVE('',#1288,#1290,#1260,.T.);
#1639=EDGE_CURVE('',#1345,#1287,#203,.T.);
#1640=EDGE_CURVE('',#1345,#1346,#774,.T.);
#1641=EDGE_CURVE('',#1294,#1346,#1261,.T.);
#1642=EDGE_CURVE('',#1291,#1293,#1262,.T.);
#1643=EDGE_CURVE('',#1347,#1346,#775,.T.);
#1644=EDGE_CURVE('',#1347,#1348,#204,.T.);
#1645=EDGE_CURVE('',#1349,#1348,#776,.T.);
#1646=EDGE_CURVE('',#1349,#1295,#1263,.T.);
#1647=EDGE_CURVE('',#1350,#1351,#205,.T.);
#1648=EDGE_CURVE('',#1350,#1352,#777,.T.);
#1649=EDGE_CURVE('',#1352,#1353,#206,.T.);
#1650=EDGE_CURVE('',#1353,#1351,#778,.T.);
#1651=EDGE_CURVE('',#1345,#1354,#779,.T.);
#1652=EDGE_CURVE('',#1354,#1355,#780,.T.);
#1653=EDGE_CURVE('',#1355,#1356,#781,.T.);
#1654=EDGE_CURVE('',#1357,#1356,#782,.T.);
#1655=EDGE_CURVE('',#1357,#1358,#783,.T.);
#1656=EDGE_CURVE('',#1358,#1359,#784,.T.);
#1657=EDGE_CURVE('',#1359,#1360,#785,.T.);
#1658=EDGE_CURVE('',#1360,#1361,#786,.T.);
#1659=EDGE_CURVE('',#1362,#1361,#787,.T.);
#1660=EDGE_CURVE('',#1363,#1362,#788,.T.);
#1661=EDGE_CURVE('',#1363,#1364,#789,.T.);
#1662=EDGE_CURVE('',#1364,#1347,#790,.T.);
#1663=EDGE_CURVE('',#1365,#1366,#791,.T.);
#1664=EDGE_CURVE('',#1367,#1365,#207,.T.);
#1665=EDGE_CURVE('',#1368,#1367,#792,.T.);
#1666=EDGE_CURVE('',#1369,#1368,#208,.T.);
#1667=EDGE_CURVE('',#1370,#1369,#793,.T.);
#1668=EDGE_CURVE('',#1371,#1370,#209,.T.);
#1669=EDGE_CURVE('',#1372,#1371,#794,.T.);
#1670=EDGE_CURVE('',#1366,#1372,#210,.T.);
#1671=EDGE_CURVE('',#1286,#1373,#795,.T.);
#1672=EDGE_CURVE('',#1354,#1373,#796,.T.);
#1673=EDGE_CURVE('',#1349,#1271,#797,.T.);
#1674=EDGE_CURVE('',#1279,#1374,#1264,.T.);
#1675=EDGE_CURVE('',#1375,#1278,#1265,.T.);
#1676=EDGE_CURVE('',#1375,#1374,#798,.T.);
#1677=EDGE_CURVE('',#1338,#1376,#211,.T.);
#1678=EDGE_CURVE('',#1375,#1376,#799,.T.);
#1679=EDGE_CURVE('',#1377,#1378,#212,.T.);
#1680=EDGE_CURVE('',#1377,#1379,#800,.T.);
#1681=EDGE_CURVE('',#1379,#1380,#213,.T.);
#1682=EDGE_CURVE('',#1380,#1378,#801,.T.);
#1683=EDGE_CURVE('',#1381,#1382,#214,.T.);
#1684=EDGE_CURVE('',#1382,#1383,#802,.T.);
#1685=EDGE_CURVE('',#1383,#1384,#215,.T.);
#1686=EDGE_CURVE('',#1384,#1381,#803,.T.);
#1687=EDGE_CURVE('',#1385,#1386,#216,.T.);
#1688=EDGE_CURVE('',#1386,#1384,#217,.T.);
#1689=EDGE_CURVE('',#1383,#1385,#218,.T.);
#1690=EDGE_CURVE('',#1387,#1388,#219,.T.);
#1691=EDGE_CURVE('',#1388,#1386,#804,.T.);
#1692=EDGE_CURVE('',#1385,#1387,#805,.T.);
#1693=EDGE_CURVE('',#1389,#1390,#220,.T.);
#1694=EDGE_CURVE('',#1390,#1388,#221,.T.);
#1695=EDGE_CURVE('',#1387,#1389,#222,.T.);
#1696=EDGE_CURVE('',#1391,#1392,#223,.T.);
#1697=EDGE_CURVE('',#1392,#1390,#806,.T.);
#1698=EDGE_CURVE('',#1389,#1391,#807,.T.);
#1699=EDGE_CURVE('',#1393,#1394,#224,.T.);
#1700=EDGE_CURVE('',#1394,#1392,#225,.T.);
#1701=EDGE_CURVE('',#1391,#1393,#226,.T.);
#1702=EDGE_CURVE('',#1395,#1396,#227,.T.);
#1703=EDGE_CURVE('',#1396,#1394,#808,.T.);
#1704=EDGE_CURVE('',#1393,#1395,#809,.T.);
#1705=EDGE_CURVE('',#1381,#1396,#228,.T.);
#1706=EDGE_CURVE('',#1395,#1382,#229,.T.);
#1707=EDGE_CURVE('',#1394,#1397,#810,.T.);
#1708=EDGE_CURVE('',#1398,#1397,#230,.T.);
#1709=EDGE_CURVE('',#1392,#1398,#811,.T.);
#1710=EDGE_CURVE('',#1396,#1399,#812,.T.);
#1711=EDGE_CURVE('',#1397,#1399,#813,.T.);
#1712=EDGE_CURVE('',#1381,#1400,#814,.T.);
#1713=EDGE_CURVE('',#1399,#1400,#231,.T.);
#1714=EDGE_CURVE('',#1384,#1401,#815,.T.);
#1715=EDGE_CURVE('',#1400,#1401,#816,.T.);
#1716=EDGE_CURVE('',#1402,#1402,#232,.T.);
#1717=EDGE_CURVE('',#1403,#1403,#233,.T.);
#1718=EDGE_CURVE('',#1404,#1404,#234,.T.);
#1719=EDGE_CURVE('',#1405,#1405,#235,.T.);
#1720=EDGE_CURVE('',#1406,#1406,#236,.T.);
#1721=EDGE_CURVE('',#1406,#1407,#817,.T.);
#1722=EDGE_CURVE('',#1297,#1407,#818,.T.);
#1723=EDGE_CURVE('',#1296,#1408,#819,.T.);
#1724=EDGE_CURVE('',#1407,#1408,#237,.T.);
#1725=EDGE_CURVE('',#1409,#1409,#238,.T.);
#1726=EDGE_CURVE('',#1409,#1410,#820,.T.);
#1727=EDGE_CURVE('',#1410,#1410,#239,.T.);
#1728=EDGE_CURVE('',#1411,#1411,#240,.T.);
#1729=EDGE_CURVE('',#1411,#1412,#821,.T.);
#1730=EDGE_CURVE('',#1412,#1412,#241,.T.);
#1731=EDGE_CURVE('',#1413,#1413,#242,.T.);
#1732=EDGE_CURVE('',#1413,#1414,#822,.T.);
#1733=EDGE_CURVE('',#1415,#1414,#243,.T.);
#1734=EDGE_CURVE('',#1299,#1415,#823,.T.);
#1735=EDGE_CURVE('',#1298,#1414,#824,.T.);
#1736=EDGE_CURVE('',#1416,#1416,#244,.T.);
#1737=EDGE_CURVE('',#1416,#1417,#825,.T.);
#1738=EDGE_CURVE('',#1418,#1417,#245,.T.);
#1739=EDGE_CURVE('',#1303,#1418,#826,.T.);
#1740=EDGE_CURVE('',#1302,#1419,#827,.T.);
#1741=EDGE_CURVE('',#1417,#1419,#246,.T.);
#1742=EDGE_CURVE('',#1420,#1420,#247,.T.);
#1743=EDGE_CURVE('',#1420,#1421,#828,.T.);
#1744=EDGE_CURVE('',#1421,#1421,#248,.T.);
#1745=EDGE_CURVE('',#1422,#1422,#249,.T.);
#1746=EDGE_CURVE('',#1422,#1423,#829,.T.);
#1747=EDGE_CURVE('',#1423,#1423,#250,.T.);
#1748=EDGE_CURVE('',#1424,#1424,#251,.T.);
#1749=EDGE_CURVE('',#1424,#1425,#830,.T.);
#1750=EDGE_CURVE('',#1426,#1425,#252,.T.);
#1751=EDGE_CURVE('',#1301,#1426,#831,.T.);
#1752=EDGE_CURVE('',#1300,#1427,#832,.T.);
#1753=EDGE_CURVE('',#1425,#1427,#253,.T.);
#1754=EDGE_CURVE('',#1419,#1426,#833,.T.);
#1755=EDGE_CURVE('',#1408,#1418,#834,.T.);
#1756=EDGE_CURVE('',#1414,#1407,#835,.T.);
#1757=EDGE_CURVE('',#1427,#1415,#836,.T.);
#1758=EDGE_CURVE('',#1405,#1342,#837,.T.);
#1759=EDGE_CURVE('',#1404,#1341,#838,.T.);
#1760=EDGE_CURVE('',#1403,#1340,#839,.T.);
#1761=EDGE_CURVE('',#1402,#1339,#840,.T.);
#1762=EDGE_CURVE('',#1428,#1365,#841,.T.);
#1763=EDGE_CURVE('',#1366,#1429,#842,.T.);
#1764=EDGE_CURVE('',#1428,#1429,#843,.T.);
#1765=EDGE_CURVE('',#1430,#1367,#844,.T.);
#1766=EDGE_CURVE('',#1430,#1428,#254,.T.);
#1767=EDGE_CURVE('',#1431,#1368,#845,.T.);
#1768=EDGE_CURVE('',#1431,#1430,#846,.T.);
#1769=EDGE_CURVE('',#1432,#1369,#847,.T.);
#1770=EDGE_CURVE('',#1432,#1431,#255,.T.);
#1771=EDGE_CURVE('',#1433,#1370,#848,.T.);
#1772=EDGE_CURVE('',#1433,#1432,#849,.T.);
#1773=EDGE_CURVE('',#1434,#1371,#850,.T.);
#1774=EDGE_CURVE('',#1434,#1433,#256,.T.);
#1775=EDGE_CURVE('',#1435,#1372,#851,.T.);
#1776=EDGE_CURVE('',#1435,#1434,#852,.T.);
#1777=EDGE_CURVE('',#1429,#1435,#257,.T.);
#1778=EDGE_CURVE('',#1436,#1437,#258,.T.);
#1779=EDGE_CURVE('',#1437,#1438,#853,.T.);
#1780=EDGE_CURVE('',#1438,#1439,#259,.T.);
#1781=EDGE_CURVE('',#1439,#1440,#854,.T.);
#1782=EDGE_CURVE('',#1440,#1441,#260,.T.);
#1783=EDGE_CURVE('',#1441,#1442,#855,.T.);
#1784=EDGE_CURVE('',#1442,#1443,#261,.T.);
#1785=EDGE_CURVE('',#1443,#1436,#856,.T.);
#1786=EDGE_CURVE('',#1444,#1444,#262,.T.);
#1787=EDGE_CURVE('',#1445,#1445,#263,.T.);
#1788=EDGE_CURVE('',#1446,#1446,#264,.T.);
#1789=EDGE_CURVE('',#1447,#1447,#265,.T.);
#1790=EDGE_CURVE('',#1448,#1448,#266,.T.);
#1791=EDGE_CURVE('',#1449,#1449,#267,.T.);
#1792=EDGE_CURVE('',#1450,#1450,#268,.T.);
#1793=EDGE_CURVE('',#1451,#1451,#269,.T.);
#1794=EDGE_CURVE('',#1452,#1453,#270,.T.);
#1795=EDGE_CURVE('',#1453,#1437,#857,.T.);
#1796=EDGE_CURVE('',#1436,#1452,#858,.T.);
#1797=EDGE_CURVE('',#1454,#1453,#859,.T.);
#1798=EDGE_CURVE('',#1438,#1454,#860,.T.);
#1799=EDGE_CURVE('',#1454,#1455,#271,.T.);
#1800=EDGE_CURVE('',#1455,#1439,#861,.T.);
#1801=EDGE_CURVE('',#1456,#1455,#862,.T.);
#1802=EDGE_CURVE('',#1440,#1456,#863,.T.);
#1803=EDGE_CURVE('',#1456,#1457,#272,.T.);
#1804=EDGE_CURVE('',#1457,#1441,#864,.T.);
#1805=EDGE_CURVE('',#1458,#1457,#865,.T.);
#1806=EDGE_CURVE('',#1442,#1458,#866,.T.);
#1807=EDGE_CURVE('',#1458,#1459,#273,.T.);
#1808=EDGE_CURVE('',#1459,#1443,#867,.T.);
#1809=EDGE_CURVE('',#1452,#1459,#868,.T.);
#1810=EDGE_CURVE('',#1460,#1460,#274,.T.);
#1811=EDGE_CURVE('',#1460,#1448,#869,.T.);
#1812=EDGE_CURVE('',#1461,#1461,#275,.T.);
#1813=EDGE_CURVE('',#1461,#1292,#870,.T.);
#1814=EDGE_CURVE('',#1462,#1462,#276,.T.);
#1815=EDGE_CURVE('',#1462,#1451,#871,.T.);
#1816=EDGE_CURVE('',#1463,#1463,#277,.T.);
#1817=EDGE_CURVE('',#1463,#1309,#872,.T.);
#1818=EDGE_CURVE('',#1464,#1464,#278,.T.);
#1819=EDGE_CURVE('',#1464,#1450,#873,.T.);
#1820=EDGE_CURVE('',#1465,#1465,#279,.T.);
#1821=EDGE_CURVE('',#1465,#1289,#874,.T.);
#1822=EDGE_CURVE('',#1466,#1466,#280,.T.);
#1823=EDGE_CURVE('',#1466,#1449,#875,.T.);
#1824=EDGE_CURVE('',#1467,#1467,#281,.T.);
#1825=EDGE_CURVE('',#1467,#1308,#876,.T.);
#1826=EDGE_CURVE('',#1468,#1374,#877,.T.);
#1827=EDGE_CURVE('',#1468,#1360,#282,.T.);
#1828=EDGE_CURVE('',#1359,#1469,#283,.T.);
#1829=EDGE_CURVE('',#1469,#1470,#284,.T.);
#1830=EDGE_CURVE('',#1470,#1280,#878,.T.);
#1831=EDGE_CURVE('',#1471,#1472,#285,.T.);
#1832=EDGE_CURVE('',#1471,#1473,#879,.T.);
#1833=EDGE_CURVE('',#1473,#1474,#286,.T.);
#1834=EDGE_CURVE('',#1474,#1472,#880,.T.);
#1835=EDGE_CURVE('',#1475,#1282,#881,.T.);
#1836=EDGE_CURVE('',#1476,#1475,#287,.T.);
#1837=EDGE_CURVE('',#1476,#1283,#882,.T.);
#1838=EDGE_CURVE('',#1477,#1281,#883,.T.);
#1839=EDGE_CURVE('',#1477,#1475,#884,.T.);
#1840=EDGE_CURVE('',#1478,#1478,#288,.T.);
#1841=EDGE_CURVE('',#1478,#1479,#885,.T.);
#1842=EDGE_CURVE('',#1479,#1479,#289,.T.);
#1843=EDGE_CURVE('',#1480,#1476,#886,.T.);
#1844=EDGE_CURVE('',#1284,#1480,#887,.T.);
#1845=EDGE_CURVE('',#1477,#1470,#888,.T.);
#1846=EDGE_CURVE('',#1481,#1480,#889,.T.);
#1847=EDGE_CURVE('',#1285,#1481,#890,.T.);
#1848=EDGE_CURVE('',#1482,#1304,#891,.T.);
#1849=EDGE_CURVE('',#1483,#1482,#892,.T.);
#1850=EDGE_CURVE('',#1483,#1305,#893,.T.);
#1851=EDGE_CURVE('',#1484,#1307,#894,.T.);
#1852=EDGE_CURVE('',#1482,#1484,#895,.T.);
#1853=EDGE_CURVE('',#1485,#1485,#290,.T.);
#1854=EDGE_CURVE('',#1485,#1486,#896,.T.);
#1855=EDGE_CURVE('',#1486,#1486,#291,.T.);
#1856=EDGE_CURVE('',#1487,#1306,#897,.T.);
#1857=EDGE_CURVE('',#1484,#1487,#292,.T.);
#1858=EDGE_CURVE('',#1483,#1487,#898,.T.);
#1859=EDGE_CURVE('',#1488,#1357,#899,.T.);
#1860=EDGE_CURVE('',#1488,#1489,#900,.T.);
#1861=EDGE_CURVE('',#1469,#1489,#901,.T.);
#1862=EDGE_CURVE('',#1358,#1469,#902,.T.);
#1863=EDGE_CURVE('',#1489,#1490,#903,.T.);
#1864=EDGE_CURVE('',#1490,#1355,#904,.T.);
#1865=EDGE_CURVE('',#1373,#1481,#905,.T.);
#1866=EDGE_CURVE('',#1356,#1491,#906,.T.);
#1867=EDGE_CURVE('',#1491,#1490,#907,.T.);
#1868=EDGE_CURVE('',#1491,#1488,#908,.T.);
#1869=EDGE_CURVE('',#1492,#1492,#293,.T.);
#1870=EDGE_CURVE('',#1492,#1493,#909,.T.);
#1871=EDGE_CURVE('',#1493,#1493,#294,.T.);
#1872=EDGE_CURVE('',#1494,#1495,#910,.T.);
#1873=EDGE_CURVE('',#1496,#1494,#911,.T.);
#1874=EDGE_CURVE('',#1350,#1496,#912,.T.);
#1875=EDGE_CURVE('',#1497,#1351,#913,.T.);
#1876=EDGE_CURVE('',#1495,#1497,#914,.T.);
#1877=EDGE_CURVE('',#1496,#1498,#915,.T.);
#1878=EDGE_CURVE('',#1498,#1352,#916,.T.);
#1879=EDGE_CURVE('',#1494,#1499,#917,.T.);
#1880=EDGE_CURVE('',#1499,#1498,#918,.T.);
#1881=EDGE_CURVE('',#1497,#1500,#919,.T.);
#1882=EDGE_CURVE('',#1500,#1501,#920,.T.);
#1883=EDGE_CURVE('',#1495,#1501,#921,.T.);
#1884=EDGE_CURVE('',#1353,#1500,#922,.T.);
#1885=EDGE_CURVE('',#1501,#1499,#923,.T.);
#1886=EDGE_CURVE('',#1502,#1502,#295,.T.);
#1887=EDGE_CURVE('',#1503,#1503,#296,.T.);
#1888=EDGE_CURVE('',#1503,#1504,#924,.T.);
#1889=EDGE_CURVE('',#1504,#1504,#297,.T.);
#1890=EDGE_CURVE('',#1471,#1505,#925,.T.);
#1891=EDGE_CURVE('',#1506,#1472,#926,.T.);
#1892=EDGE_CURVE('',#1507,#1506,#927,.T.);
#1893=EDGE_CURVE('',#1505,#1507,#928,.T.);
#1894=EDGE_CURVE('',#1507,#1508,#929,.T.);
#1895=EDGE_CURVE('',#1508,#1509,#930,.T.);
#1896=EDGE_CURVE('',#1505,#1509,#931,.T.);
#1897=EDGE_CURVE('',#1506,#1510,#932,.T.);
#1898=EDGE_CURVE('',#1510,#1508,#933,.T.);
#1899=EDGE_CURVE('',#1474,#1510,#934,.T.);
#1900=EDGE_CURVE('',#1509,#1473,#935,.T.);
#1901=EDGE_CURVE('',#1511,#1511,#298,.T.);
#1902=EDGE_CURVE('',#1512,#1468,#936,.T.);
#1903=EDGE_CURVE('',#1361,#1512,#299,.T.);
#1904=EDGE_CURVE('',#1513,#1513,#300,.T.);
#1905=EDGE_CURVE('',#1513,#1514,#937,.T.);
#1906=EDGE_CURVE('',#1514,#1514,#301,.T.);
#1907=EDGE_CURVE('',#1515,#1516,#938,.T.);
#1908=EDGE_CURVE('',#1517,#1515,#939,.T.);
#1909=EDGE_CURVE('',#1274,#1517,#940,.T.);
#1910=EDGE_CURVE('',#1518,#1275,#941,.T.);
#1911=EDGE_CURVE('',#1516,#1518,#942,.T.);
#1912=EDGE_CURVE('',#1517,#1519,#943,.T.);
#1913=EDGE_CURVE('',#1519,#1276,#944,.T.);
#1914=EDGE_CURVE('',#1515,#1520,#945,.T.);
#1915=EDGE_CURVE('',#1520,#1519,#946,.T.);
#1916=EDGE_CURVE('',#1518,#1521,#947,.T.);
#1917=EDGE_CURVE('',#1521,#1522,#948,.T.);
#1918=EDGE_CURVE('',#1516,#1522,#949,.T.);
#1919=EDGE_CURVE('',#1277,#1521,#950,.T.);
#1920=EDGE_CURVE('',#1522,#1520,#951,.T.);
#1921=EDGE_CURVE('',#1523,#1523,#302,.T.);
#1922=EDGE_CURVE('',#1524,#1524,#303,.T.);
#1923=EDGE_CURVE('',#1524,#1525,#952,.T.);
#1924=EDGE_CURVE('',#1525,#1525,#304,.T.);
#1925=EDGE_CURVE('',#1377,#1526,#953,.T.);
#1926=EDGE_CURVE('',#1527,#1378,#954,.T.);
#1927=EDGE_CURVE('',#1528,#1527,#955,.T.);
#1928=EDGE_CURVE('',#1526,#1528,#956,.T.);
#1929=EDGE_CURVE('',#1528,#1529,#957,.T.);
#1930=EDGE_CURVE('',#1529,#1530,#958,.T.);
#1931=EDGE_CURVE('',#1526,#1530,#959,.T.);
#1932=EDGE_CURVE('',#1527,#1531,#960,.T.);
#1933=EDGE_CURVE('',#1531,#1529,#961,.T.);
#1934=EDGE_CURVE('',#1380,#1531,#962,.T.);
#1935=EDGE_CURVE('',#1530,#1379,#963,.T.);
#1936=EDGE_CURVE('',#1532,#1532,#305,.T.);
#1937=EDGE_CURVE('',#1533,#1337,#306,.T.);
#1938=EDGE_CURVE('',#1376,#1533,#964,.T.);
#1939=EDGE_CURVE('',#1511,#1444,#965,.T.);
#1940=EDGE_CURVE('',#1532,#1446,#966,.T.);
#1941=EDGE_CURVE('',#1502,#1445,#967,.T.);
#1942=EDGE_CURVE('',#1523,#1447,#968,.T.);
#1943=EDGE_CURVE('',#1534,#1336,#307,.T.);
#1944=EDGE_CURVE('',#1534,#1533,#969,.T.);
#1945=EDGE_CURVE('',#1335,#1535,#308,.T.);
#1946=EDGE_CURVE('',#1334,#1536,#309,.T.);
#1947=EDGE_CURVE('',#1535,#1536,#970,.T.);
#1948=EDGE_CURVE('',#1536,#1272,#971,.T.);
#1949=EDGE_CURVE('',#1362,#1537,#310,.T.);
#1950=EDGE_CURVE('',#1537,#1512,#972,.T.);
#1951=EDGE_CURVE('',#1538,#1363,#311,.T.);
#1952=EDGE_CURVE('',#1538,#1539,#973,.T.);
#1953=EDGE_CURVE('',#1539,#1364,#312,.T.);
#1954=EDGE_CURVE('',#1348,#1539,#974,.T.);
#1955=EDGE_CURVE('',#1401,#1540,#313,.T.);
#1956=EDGE_CURVE('',#1540,#1541,#975,.T.);
#1957=EDGE_CURVE('',#1541,#1542,#314,.T.);
#1958=EDGE_CURVE('',#1542,#1398,#976,.T.);
#1959=EDGE_CURVE('',#1537,#1534,#977,.T.);
#1960=EDGE_CURVE('',#1535,#1538,#978,.T.);
#1961=EDGE_CURVE('',#1390,#1542,#979,.T.);
#1962=EDGE_CURVE('',#1388,#1541,#980,.T.);
#1963=EDGE_CURVE('',#1386,#1540,#981,.T.);
#1964=ORIENTED_EDGE('',*,*,#1543,.F.);
#1965=ORIENTED_EDGE('',*,*,#1544,.T.);
#1966=ORIENTED_EDGE('',*,*,#1545,.F.);
#1967=ORIENTED_EDGE('',*,*,#1546,.T.);
#1968=ORIENTED_EDGE('',*,*,#1545,.T.);
#1969=ORIENTED_EDGE('',*,*,#1547,.F.);
#1970=ORIENTED_EDGE('',*,*,#1548,.T.);
#1971=ORIENTED_EDGE('',*,*,#1549,.F.);
#1972=ORIENTED_EDGE('',*,*,#1550,.T.);
#1973=ORIENTED_EDGE('',*,*,#1551,.F.);
#1974=ORIENTED_EDGE('',*,*,#1552,.F.);
#1975=ORIENTED_EDGE('',*,*,#1553,.T.);
#1976=ORIENTED_EDGE('',*,*,#1554,.T.);
#1977=ORIENTED_EDGE('',*,*,#1555,.T.);
#1978=ORIENTED_EDGE('',*,*,#1544,.F.);
#1979=ORIENTED_EDGE('',*,*,#1556,.T.);
#1980=ORIENTED_EDGE('',*,*,#1557,.F.);
#1981=ORIENTED_EDGE('',*,*,#1558,.T.);
#1982=ORIENTED_EDGE('',*,*,#1559,.T.);
#1983=ORIENTED_EDGE('',*,*,#1560,.T.);
#1984=ORIENTED_EDGE('',*,*,#1561,.T.);
#1985=ORIENTED_EDGE('',*,*,#1562,.T.);
#1986=ORIENTED_EDGE('',*,*,#1563,.T.);
#1987=ORIENTED_EDGE('',*,*,#1564,.T.);
#1988=ORIENTED_EDGE('',*,*,#1565,.T.);
#1989=ORIENTED_EDGE('',*,*,#1566,.F.);
#1990=ORIENTED_EDGE('',*,*,#1567,.T.);
#1991=ORIENTED_EDGE('',*,*,#1568,.T.);
#1992=ORIENTED_EDGE('',*,*,#1569,.F.);
#1993=ORIENTED_EDGE('',*,*,#1570,.T.);
#1994=ORIENTED_EDGE('',*,*,#1571,.T.);
#1995=ORIENTED_EDGE('',*,*,#1572,.F.);
#1996=ORIENTED_EDGE('',*,*,#1573,.T.);
#1997=ORIENTED_EDGE('',*,*,#1574,.F.);
#1998=ORIENTED_EDGE('',*,*,#1547,.T.);
#1999=ORIENTED_EDGE('',*,*,#1575,.T.);
#2000=ORIENTED_EDGE('',*,*,#1576,.T.);
#2001=ORIENTED_EDGE('',*,*,#1577,.T.);
#2002=ORIENTED_EDGE('',*,*,#1578,.T.);
#2003=ORIENTED_EDGE('',*,*,#1579,.T.);
#2004=ORIENTED_EDGE('',*,*,#1580,.T.);
#2005=ORIENTED_EDGE('',*,*,#1581,.T.);
#2006=ORIENTED_EDGE('',*,*,#1582,.T.);
#2007=ORIENTED_EDGE('',*,*,#1583,.T.);
#2008=ORIENTED_EDGE('',*,*,#1584,.T.);
#2009=ORIENTED_EDGE('',*,*,#1585,.T.);
#2010=ORIENTED_EDGE('',*,*,#1586,.T.);
#2011=ORIENTED_EDGE('',*,*,#1587,.T.);
#2012=ORIENTED_EDGE('',*,*,#1588,.T.);
#2013=ORIENTED_EDGE('',*,*,#1589,.T.);
#2014=ORIENTED_EDGE('',*,*,#1590,.T.);
#2015=ORIENTED_EDGE('',*,*,#1591,.F.);
#2016=ORIENTED_EDGE('',*,*,#1592,.F.);
#2017=ORIENTED_EDGE('',*,*,#1593,.F.);
#2018=ORIENTED_EDGE('',*,*,#1590,.F.);
#2019=ORIENTED_EDGE('',*,*,#1594,.T.);
#2020=ORIENTED_EDGE('',*,*,#1595,.T.);
#2021=ORIENTED_EDGE('',*,*,#1596,.F.);
#2022=ORIENTED_EDGE('',*,*,#1595,.F.);
#2023=ORIENTED_EDGE('',*,*,#1597,.T.);
#2024=ORIENTED_EDGE('',*,*,#1598,.T.);
#2025=ORIENTED_EDGE('',*,*,#1599,.F.);
#2026=ORIENTED_EDGE('',*,*,#1598,.F.);
#2027=ORIENTED_EDGE('',*,*,#1600,.T.);
#2028=ORIENTED_EDGE('',*,*,#1592,.T.);
#2029=ORIENTED_EDGE('',*,*,#1589,.F.);
#2030=ORIENTED_EDGE('',*,*,#1600,.F.);
#2031=ORIENTED_EDGE('',*,*,#1597,.F.);
#2032=ORIENTED_EDGE('',*,*,#1594,.F.);
#2033=ORIENTED_EDGE('',*,*,#1601,.T.);
#2034=ORIENTED_EDGE('',*,*,#1602,.T.);
#2035=ORIENTED_EDGE('',*,*,#1603,.T.);
#2036=ORIENTED_EDGE('',*,*,#1604,.T.);
#2037=ORIENTED_EDGE('',*,*,#1605,.F.);
#2038=ORIENTED_EDGE('',*,*,#1606,.F.);
#2039=ORIENTED_EDGE('',*,*,#1603,.F.);
#2040=ORIENTED_EDGE('',*,*,#1607,.T.);
#2041=ORIENTED_EDGE('',*,*,#1608,.F.);
#2042=ORIENTED_EDGE('',*,*,#1607,.F.);
#2043=ORIENTED_EDGE('',*,*,#1602,.F.);
#2044=ORIENTED_EDGE('',*,*,#1609,.T.);
#2045=ORIENTED_EDGE('',*,*,#1610,.F.);
#2046=ORIENTED_EDGE('',*,*,#1609,.F.);
#2047=ORIENTED_EDGE('',*,*,#1601,.F.);
#2048=ORIENTED_EDGE('',*,*,#1611,.T.);
#2049=ORIENTED_EDGE('',*,*,#1612,.F.);
#2050=ORIENTED_EDGE('',*,*,#1611,.F.);
#2051=ORIENTED_EDGE('',*,*,#1604,.F.);
#2052=ORIENTED_EDGE('',*,*,#1606,.T.);
#2053=ORIENTED_EDGE('',*,*,#1613,.T.);
#2054=ORIENTED_EDGE('',*,*,#1614,.T.);
#2055=ORIENTED_EDGE('',*,*,#1615,.F.);
#2056=ORIENTED_EDGE('',*,*,#1616,.T.);
#2057=ORIENTED_EDGE('',*,*,#1617,.F.);
#2058=ORIENTED_EDGE('',*,*,#1614,.F.);
#2059=ORIENTED_EDGE('',*,*,#1618,.T.);
#2060=ORIENTED_EDGE('',*,*,#1619,.F.);
#2061=ORIENTED_EDGE('',*,*,#1620,.T.);
#2062=ORIENTED_EDGE('',*,*,#1616,.F.);
#2063=ORIENTED_EDGE('',*,*,#1621,.F.);
#2064=ORIENTED_EDGE('',*,*,#1622,.T.);
#2065=ORIENTED_EDGE('',*,*,#1623,.T.);
#2066=ORIENTED_EDGE('',*,*,#1622,.F.);
#2067=ORIENTED_EDGE('',*,*,#1624,.F.);
#2068=ORIENTED_EDGE('',*,*,#1619,.T.);
#2069=ORIENTED_EDGE('',*,*,#1546,.F.);
#2070=ORIENTED_EDGE('',*,*,#1551,.T.);
#2071=ORIENTED_EDGE('',*,*,#1625,.T.);
#2072=ORIENTED_EDGE('',*,*,#1626,.F.);
#2073=ORIENTED_EDGE('',*,*,#1627,.F.);
#2074=ORIENTED_EDGE('',*,*,#1628,.T.);
#2075=ORIENTED_EDGE('',*,*,#1629,.T.);
#2076=ORIENTED_EDGE('',*,*,#1630,.T.);
#2077=ORIENTED_EDGE('',*,*,#1631,.T.);
#2078=ORIENTED_EDGE('',*,*,#1632,.T.);
#2079=ORIENTED_EDGE('',*,*,#1633,.T.);
#2080=ORIENTED_EDGE('',*,*,#1634,.T.);
#2081=ORIENTED_EDGE('',*,*,#1635,.T.);
#2082=ORIENTED_EDGE('',*,*,#1613,.F.);
#2083=ORIENTED_EDGE('',*,*,#1620,.F.);
#2084=ORIENTED_EDGE('',*,*,#1623,.F.);
#2085=ORIENTED_EDGE('',*,*,#1618,.F.);
#2086=ORIENTED_EDGE('',*,*,#1617,.T.);
#2087=ORIENTED_EDGE('',*,*,#1624,.T.);
#2088=ORIENTED_EDGE('',*,*,#1621,.T.);
#2089=ORIENTED_EDGE('',*,*,#1615,.T.);
#2090=ORIENTED_EDGE('',*,*,#1610,.T.);
#2091=ORIENTED_EDGE('',*,*,#1612,.T.);
#2092=ORIENTED_EDGE('',*,*,#1605,.T.);
#2093=ORIENTED_EDGE('',*,*,#1608,.T.);
#2094=ORIENTED_EDGE('',*,*,#1636,.F.);
#2095=ORIENTED_EDGE('',*,*,#1637,.T.);
#2096=ORIENTED_EDGE('',*,*,#1635,.F.);
#2097=ORIENTED_EDGE('',*,*,#1637,.F.);
#2098=ORIENTED_EDGE('',*,*,#1638,.F.);
#2099=ORIENTED_EDGE('',*,*,#1566,.T.);
#2100=ORIENTED_EDGE('',*,*,#1639,.F.);
#2101=ORIENTED_EDGE('',*,*,#1640,.T.);
#2102=ORIENTED_EDGE('',*,*,#1641,.F.);
#2103=ORIENTED_EDGE('',*,*,#1572,.T.);
#2104=ORIENTED_EDGE('',*,*,#1642,.F.);
#2105=ORIENTED_EDGE('',*,*,#1569,.T.);
#2106=ORIENTED_EDGE('',*,*,#1641,.T.);
#2107=ORIENTED_EDGE('',*,*,#1643,.F.);
#2108=ORIENTED_EDGE('',*,*,#1644,.T.);
#2109=ORIENTED_EDGE('',*,*,#1645,.F.);
#2110=ORIENTED_EDGE('',*,*,#1646,.T.);
#2111=ORIENTED_EDGE('',*,*,#1573,.F.);
#2112=ORIENTED_EDGE('',*,*,#1647,.F.);
#2113=ORIENTED_EDGE('',*,*,#1648,.T.);
#2114=ORIENTED_EDGE('',*,*,#1649,.T.);
#2115=ORIENTED_EDGE('',*,*,#1650,.T.);
#2116=ORIENTED_EDGE('',*,*,#1640,.F.);
#2117=ORIENTED_EDGE('',*,*,#1651,.T.);
#2118=ORIENTED_EDGE('',*,*,#1652,.T.);
#2119=ORIENTED_EDGE('',*,*,#1653,.T.);
#2120=ORIENTED_EDGE('',*,*,#1654,.F.);
#2121=ORIENTED_EDGE('',*,*,#1655,.T.);
#2122=ORIENTED_EDGE('',*,*,#1656,.T.);
#2123=ORIENTED_EDGE('',*,*,#1657,.T.);
#2124=ORIENTED_EDGE('',*,*,#1658,.T.);
#2125=ORIENTED_EDGE('',*,*,#1659,.F.);
#2126=ORIENTED_EDGE('',*,*,#1660,.F.);
#2127=ORIENTED_EDGE('',*,*,#1661,.T.);
#2128=ORIENTED_EDGE('',*,*,#1662,.T.);
#2129=ORIENTED_EDGE('',*,*,#1643,.T.);
#2130=ORIENTED_EDGE('',*,*,#1663,.F.);
#2131=ORIENTED_EDGE('',*,*,#1664,.F.);
#2132=ORIENTED_EDGE('',*,*,#1665,.F.);
#2133=ORIENTED_EDGE('',*,*,#1666,.F.);
#2134=ORIENTED_EDGE('',*,*,#1667,.F.);
#2135=ORIENTED_EDGE('',*,*,#1668,.F.);
#2136=ORIENTED_EDGE('',*,*,#1669,.F.);
#2137=ORIENTED_EDGE('',*,*,#1670,.F.);
#2138=ORIENTED_EDGE('',*,*,#1639,.T.);
#2139=ORIENTED_EDGE('',*,*,#1565,.F.);
#2140=ORIENTED_EDGE('',*,*,#1671,.T.);
#2141=ORIENTED_EDGE('',*,*,#1672,.F.);
#2142=ORIENTED_EDGE('',*,*,#1651,.F.);
#2143=ORIENTED_EDGE('',*,*,#1548,.F.);
#2144=ORIENTED_EDGE('',*,*,#1574,.T.);
#2145=ORIENTED_EDGE('',*,*,#1646,.F.);
#2146=ORIENTED_EDGE('',*,*,#1673,.T.);
#2147=ORIENTED_EDGE('',*,*,#1674,.F.);
#2148=ORIENTED_EDGE('',*,*,#1557,.T.);
#2149=ORIENTED_EDGE('',*,*,#1675,.F.);
#2150=ORIENTED_EDGE('',*,*,#1676,.T.);
#2151=ORIENTED_EDGE('',*,*,#1543,.T.);
#2152=ORIENTED_EDGE('',*,*,#1630,.F.);
#2153=ORIENTED_EDGE('',*,*,#1677,.T.);
#2154=ORIENTED_EDGE('',*,*,#1678,.F.);
#2155=ORIENTED_EDGE('',*,*,#1675,.T.);
#2156=ORIENTED_EDGE('',*,*,#1556,.F.);
#2157=ORIENTED_EDGE('',*,*,#1679,.F.);
#2158=ORIENTED_EDGE('',*,*,#1680,.T.);
#2159=ORIENTED_EDGE('',*,*,#1681,.T.);
#2160=ORIENTED_EDGE('',*,*,#1682,.T.);
#2161=ORIENTED_EDGE('',*,*,#1683,.T.);
#2162=ORIENTED_EDGE('',*,*,#1684,.T.);
#2163=ORIENTED_EDGE('',*,*,#1685,.T.);
#2164=ORIENTED_EDGE('',*,*,#1686,.T.);
#2165=ORIENTED_EDGE('',*,*,#1687,.T.);
#2166=ORIENTED_EDGE('',*,*,#1688,.T.);
#2167=ORIENTED_EDGE('',*,*,#1685,.F.);
#2168=ORIENTED_EDGE('',*,*,#1689,.T.);
#2169=ORIENTED_EDGE('',*,*,#1690,.T.);
#2170=ORIENTED_EDGE('',*,*,#1691,.T.);
#2171=ORIENTED_EDGE('',*,*,#1687,.F.);
#2172=ORIENTED_EDGE('',*,*,#1692,.T.);
#2173=ORIENTED_EDGE('',*,*,#1693,.T.);
#2174=ORIENTED_EDGE('',*,*,#1694,.T.);
#2175=ORIENTED_EDGE('',*,*,#1690,.F.);
#2176=ORIENTED_EDGE('',*,*,#1695,.T.);
#2177=ORIENTED_EDGE('',*,*,#1696,.T.);
#2178=ORIENTED_EDGE('',*,*,#1697,.T.);
#2179=ORIENTED_EDGE('',*,*,#1693,.F.);
#2180=ORIENTED_EDGE('',*,*,#1698,.T.);
#2181=ORIENTED_EDGE('',*,*,#1699,.T.);
#2182=ORIENTED_EDGE('',*,*,#1700,.T.);
#2183=ORIENTED_EDGE('',*,*,#1696,.F.);
#2184=ORIENTED_EDGE('',*,*,#1701,.T.);
#2185=ORIENTED_EDGE('',*,*,#1702,.T.);
#2186=ORIENTED_EDGE('',*,*,#1703,.T.);
#2187=ORIENTED_EDGE('',*,*,#1699,.F.);
#2188=ORIENTED_EDGE('',*,*,#1704,.T.);
#2189=ORIENTED_EDGE('',*,*,#1683,.F.);
#2190=ORIENTED_EDGE('',*,*,#1705,.T.);
#2191=ORIENTED_EDGE('',*,*,#1702,.F.);
#2192=ORIENTED_EDGE('',*,*,#1706,.T.);
#2193=ORIENTED_EDGE('',*,*,#1700,.F.);
#2194=ORIENTED_EDGE('',*,*,#1707,.T.);
#2195=ORIENTED_EDGE('',*,*,#1708,.F.);
#2196=ORIENTED_EDGE('',*,*,#1709,.F.);
#2197=ORIENTED_EDGE('',*,*,#1703,.F.);
#2198=ORIENTED_EDGE('',*,*,#1710,.T.);
#2199=ORIENTED_EDGE('',*,*,#1711,.F.);
#2200=ORIENTED_EDGE('',*,*,#1707,.F.);
#2201=ORIENTED_EDGE('',*,*,#1705,.F.);
#2202=ORIENTED_EDGE('',*,*,#1712,.T.);
#2203=ORIENTED_EDGE('',*,*,#1713,.F.);
#2204=ORIENTED_EDGE('',*,*,#1710,.F.);
#2205=ORIENTED_EDGE('',*,*,#1686,.F.);
#2206=ORIENTED_EDGE('',*,*,#1714,.T.);
#2207=ORIENTED_EDGE('',*,*,#1715,.F.);
#2208=ORIENTED_EDGE('',*,*,#1712,.F.);
#2209=ORIENTED_EDGE('',*,*,#1591,.T.);
#2210=ORIENTED_EDGE('',*,*,#1593,.T.);
#2211=ORIENTED_EDGE('',*,*,#1596,.T.);
#2212=ORIENTED_EDGE('',*,*,#1599,.T.);
#2213=ORIENTED_EDGE('',*,*,#1636,.T.);
#2214=ORIENTED_EDGE('',*,*,#1716,.T.);
#2215=ORIENTED_EDGE('',*,*,#1717,.T.);
#2216=ORIENTED_EDGE('',*,*,#1718,.T.);
#2217=ORIENTED_EDGE('',*,*,#1719,.T.);
#2218=ORIENTED_EDGE('',*,*,#1684,.F.);
#2219=ORIENTED_EDGE('',*,*,#1706,.F.);
#2220=ORIENTED_EDGE('',*,*,#1704,.F.);
#2221=ORIENTED_EDGE('',*,*,#1701,.F.);
#2222=ORIENTED_EDGE('',*,*,#1698,.F.);
#2223=ORIENTED_EDGE('',*,*,#1695,.F.);
#2224=ORIENTED_EDGE('',*,*,#1692,.F.);
#2225=ORIENTED_EDGE('',*,*,#1689,.F.);
#2226=ORIENTED_EDGE('',*,*,#1720,.F.);
#2227=ORIENTED_EDGE('',*,*,#1721,.T.);
#2228=ORIENTED_EDGE('',*,*,#1722,.F.);
#2229=ORIENTED_EDGE('',*,*,#1575,.F.);
#2230=ORIENTED_EDGE('',*,*,#1723,.T.);
#2231=ORIENTED_EDGE('',*,*,#1724,.F.);
#2232=ORIENTED_EDGE('',*,*,#1721,.F.);
#2233=ORIENTED_EDGE('',*,*,#1725,.F.);
#2234=ORIENTED_EDGE('',*,*,#1726,.T.);
#2235=ORIENTED_EDGE('',*,*,#1727,.F.);
#2236=ORIENTED_EDGE('',*,*,#1726,.F.);
#2237=ORIENTED_EDGE('',*,*,#1720,.T.);
#2238=ORIENTED_EDGE('',*,*,#1725,.T.);
#2239=ORIENTED_EDGE('',*,*,#1728,.F.);
#2240=ORIENTED_EDGE('',*,*,#1729,.T.);
#2241=ORIENTED_EDGE('',*,*,#1730,.F.);
#2242=ORIENTED_EDGE('',*,*,#1729,.F.);
#2243=ORIENTED_EDGE('',*,*,#1731,.F.);
#2244=ORIENTED_EDGE('',*,*,#1732,.T.);
#2245=ORIENTED_EDGE('',*,*,#1733,.F.);
#2246=ORIENTED_EDGE('',*,*,#1734,.F.);
#2247=ORIENTED_EDGE('',*,*,#1577,.F.);
#2248=ORIENTED_EDGE('',*,*,#1735,.T.);
#2249=ORIENTED_EDGE('',*,*,#1732,.F.);
#2250=ORIENTED_EDGE('',*,*,#1731,.T.);
#2251=ORIENTED_EDGE('',*,*,#1728,.T.);
#2252=ORIENTED_EDGE('',*,*,#1730,.T.);
#2253=ORIENTED_EDGE('',*,*,#1736,.F.);
#2254=ORIENTED_EDGE('',*,*,#1737,.T.);
#2255=ORIENTED_EDGE('',*,*,#1738,.F.);
#2256=ORIENTED_EDGE('',*,*,#1739,.F.);
#2257=ORIENTED_EDGE('',*,*,#1581,.F.);
#2258=ORIENTED_EDGE('',*,*,#1740,.T.);
#2259=ORIENTED_EDGE('',*,*,#1741,.F.);
#2260=ORIENTED_EDGE('',*,*,#1737,.F.);
#2261=ORIENTED_EDGE('',*,*,#1742,.F.);
#2262=ORIENTED_EDGE('',*,*,#1743,.T.);
#2263=ORIENTED_EDGE('',*,*,#1744,.F.);
#2264=ORIENTED_EDGE('',*,*,#1743,.F.);
#2265=ORIENTED_EDGE('',*,*,#1736,.T.);
#2266=ORIENTED_EDGE('',*,*,#1742,.T.);
#2267=ORIENTED_EDGE('',*,*,#1727,.T.);
#2268=ORIENTED_EDGE('',*,*,#1745,.F.);
#2269=ORIENTED_EDGE('',*,*,#1746,.T.);
#2270=ORIENTED_EDGE('',*,*,#1747,.F.);
#2271=ORIENTED_EDGE('',*,*,#1746,.F.);
#2272=ORIENTED_EDGE('',*,*,#1748,.F.);
#2273=ORIENTED_EDGE('',*,*,#1749,.T.);
#2274=ORIENTED_EDGE('',*,*,#1750,.F.);
#2275=ORIENTED_EDGE('',*,*,#1751,.F.);
#2276=ORIENTED_EDGE('',*,*,#1579,.F.);
#2277=ORIENTED_EDGE('',*,*,#1752,.T.);
#2278=ORIENTED_EDGE('',*,*,#1753,.F.);
#2279=ORIENTED_EDGE('',*,*,#1749,.F.);
#2280=ORIENTED_EDGE('',*,*,#1748,.T.);
#2281=ORIENTED_EDGE('',*,*,#1745,.T.);
#2282=ORIENTED_EDGE('',*,*,#1747,.T.);
#2283=ORIENTED_EDGE('',*,*,#1580,.F.);
#2284=ORIENTED_EDGE('',*,*,#1751,.T.);
#2285=ORIENTED_EDGE('',*,*,#1754,.F.);
#2286=ORIENTED_EDGE('',*,*,#1740,.F.);
#2287=ORIENTED_EDGE('',*,*,#1582,.F.);
#2288=ORIENTED_EDGE('',*,*,#1739,.T.);
#2289=ORIENTED_EDGE('',*,*,#1755,.F.);
#2290=ORIENTED_EDGE('',*,*,#1723,.F.);
#2291=ORIENTED_EDGE('',*,*,#1576,.F.);
#2292=ORIENTED_EDGE('',*,*,#1722,.T.);
#2293=ORIENTED_EDGE('',*,*,#1756,.F.);
#2294=ORIENTED_EDGE('',*,*,#1735,.F.);
#2295=ORIENTED_EDGE('',*,*,#1578,.F.);
#2296=ORIENTED_EDGE('',*,*,#1734,.T.);
#2297=ORIENTED_EDGE('',*,*,#1757,.F.);
#2298=ORIENTED_EDGE('',*,*,#1752,.F.);
#2299=ORIENTED_EDGE('',*,*,#1757,.T.);
#2300=ORIENTED_EDGE('',*,*,#1733,.T.);
#2301=ORIENTED_EDGE('',*,*,#1756,.T.);
#2302=ORIENTED_EDGE('',*,*,#1724,.T.);
#2303=ORIENTED_EDGE('',*,*,#1755,.T.);
#2304=ORIENTED_EDGE('',*,*,#1738,.T.);
#2305=ORIENTED_EDGE('',*,*,#1741,.T.);
#2306=ORIENTED_EDGE('',*,*,#1754,.T.);
#2307=ORIENTED_EDGE('',*,*,#1750,.T.);
#2308=ORIENTED_EDGE('',*,*,#1753,.T.);
#2309=ORIENTED_EDGE('',*,*,#1719,.F.);
#2310=ORIENTED_EDGE('',*,*,#1758,.T.);
#2311=ORIENTED_EDGE('',*,*,#1634,.F.);
#2312=ORIENTED_EDGE('',*,*,#1758,.F.);
#2313=ORIENTED_EDGE('',*,*,#1718,.F.);
#2314=ORIENTED_EDGE('',*,*,#1759,.T.);
#2315=ORIENTED_EDGE('',*,*,#1633,.F.);
#2316=ORIENTED_EDGE('',*,*,#1759,.F.);
#2317=ORIENTED_EDGE('',*,*,#1717,.F.);
#2318=ORIENTED_EDGE('',*,*,#1760,.T.);
#2319=ORIENTED_EDGE('',*,*,#1632,.F.);
#2320=ORIENTED_EDGE('',*,*,#1760,.F.);
#2321=ORIENTED_EDGE('',*,*,#1716,.F.);
#2322=ORIENTED_EDGE('',*,*,#1761,.T.);
#2323=ORIENTED_EDGE('',*,*,#1631,.F.);
#2324=ORIENTED_EDGE('',*,*,#1761,.F.);
#2325=ORIENTED_EDGE('',*,*,#1762,.T.);
#2326=ORIENTED_EDGE('',*,*,#1663,.T.);
#2327=ORIENTED_EDGE('',*,*,#1763,.T.);
#2328=ORIENTED_EDGE('',*,*,#1764,.F.);
#2329=ORIENTED_EDGE('',*,*,#1765,.T.);
#2330=ORIENTED_EDGE('',*,*,#1664,.T.);
#2331=ORIENTED_EDGE('',*,*,#1762,.F.);
#2332=ORIENTED_EDGE('',*,*,#1766,.F.);
#2333=ORIENTED_EDGE('',*,*,#1767,.T.);
#2334=ORIENTED_EDGE('',*,*,#1665,.T.);
#2335=ORIENTED_EDGE('',*,*,#1765,.F.);
#2336=ORIENTED_EDGE('',*,*,#1768,.F.);
#2337=ORIENTED_EDGE('',*,*,#1769,.T.);
#2338=ORIENTED_EDGE('',*,*,#1666,.T.);
#2339=ORIENTED_EDGE('',*,*,#1767,.F.);
#2340=ORIENTED_EDGE('',*,*,#1770,.F.);
#2341=ORIENTED_EDGE('',*,*,#1771,.T.);
#2342=ORIENTED_EDGE('',*,*,#1667,.T.);
#2343=ORIENTED_EDGE('',*,*,#1769,.F.);
#2344=ORIENTED_EDGE('',*,*,#1772,.F.);
#2345=ORIENTED_EDGE('',*,*,#1773,.T.);
#2346=ORIENTED_EDGE('',*,*,#1668,.T.);
#2347=ORIENTED_EDGE('',*,*,#1771,.F.);
#2348=ORIENTED_EDGE('',*,*,#1774,.F.);
#2349=ORIENTED_EDGE('',*,*,#1775,.T.);
#2350=ORIENTED_EDGE('',*,*,#1669,.T.);
#2351=ORIENTED_EDGE('',*,*,#1773,.F.);
#2352=ORIENTED_EDGE('',*,*,#1776,.F.);
#2353=ORIENTED_EDGE('',*,*,#1763,.F.);
#2354=ORIENTED_EDGE('',*,*,#1670,.T.);
#2355=ORIENTED_EDGE('',*,*,#1775,.F.);
#2356=ORIENTED_EDGE('',*,*,#1777,.F.);
#2357=ORIENTED_EDGE('',*,*,#1766,.T.);
#2358=ORIENTED_EDGE('',*,*,#1764,.T.);
#2359=ORIENTED_EDGE('',*,*,#1777,.T.);
#2360=ORIENTED_EDGE('',*,*,#1776,.T.);
#2361=ORIENTED_EDGE('',*,*,#1774,.T.);
#2362=ORIENTED_EDGE('',*,*,#1772,.T.);
#2363=ORIENTED_EDGE('',*,*,#1770,.T.);
#2364=ORIENTED_EDGE('',*,*,#1768,.T.);
#2365=ORIENTED_EDGE('',*,*,#1778,.T.);
#2366=ORIENTED_EDGE('',*,*,#1779,.T.);
#2367=ORIENTED_EDGE('',*,*,#1780,.T.);
#2368=ORIENTED_EDGE('',*,*,#1781,.T.);
#2369=ORIENTED_EDGE('',*,*,#1782,.T.);
#2370=ORIENTED_EDGE('',*,*,#1783,.T.);
#2371=ORIENTED_EDGE('',*,*,#1784,.T.);
#2372=ORIENTED_EDGE('',*,*,#1785,.T.);
#2373=ORIENTED_EDGE('',*,*,#1786,.F.);
#2374=ORIENTED_EDGE('',*,*,#1787,.F.);
#2375=ORIENTED_EDGE('',*,*,#1788,.F.);
#2376=ORIENTED_EDGE('',*,*,#1789,.F.);
#2377=ORIENTED_EDGE('',*,*,#1790,.F.);
#2378=ORIENTED_EDGE('',*,*,#1791,.F.);
#2379=ORIENTED_EDGE('',*,*,#1792,.F.);
#2380=ORIENTED_EDGE('',*,*,#1793,.F.);
#2381=ORIENTED_EDGE('',*,*,#1794,.T.);
#2382=ORIENTED_EDGE('',*,*,#1795,.T.);
#2383=ORIENTED_EDGE('',*,*,#1778,.F.);
#2384=ORIENTED_EDGE('',*,*,#1796,.T.);
#2385=ORIENTED_EDGE('',*,*,#1795,.F.);
#2386=ORIENTED_EDGE('',*,*,#1797,.F.);
#2387=ORIENTED_EDGE('',*,*,#1798,.F.);
#2388=ORIENTED_EDGE('',*,*,#1779,.F.);
#2389=ORIENTED_EDGE('',*,*,#1799,.T.);
#2390=ORIENTED_EDGE('',*,*,#1800,.T.);
#2391=ORIENTED_EDGE('',*,*,#1780,.F.);
#2392=ORIENTED_EDGE('',*,*,#1798,.T.);
#2393=ORIENTED_EDGE('',*,*,#1800,.F.);
#2394=ORIENTED_EDGE('',*,*,#1801,.F.);
#2395=ORIENTED_EDGE('',*,*,#1802,.F.);
#2396=ORIENTED_EDGE('',*,*,#1781,.F.);
#2397=ORIENTED_EDGE('',*,*,#1803,.T.);
#2398=ORIENTED_EDGE('',*,*,#1804,.T.);
#2399=ORIENTED_EDGE('',*,*,#1782,.F.);
#2400=ORIENTED_EDGE('',*,*,#1802,.T.);
#2401=ORIENTED_EDGE('',*,*,#1804,.F.);
#2402=ORIENTED_EDGE('',*,*,#1805,.F.);
#2403=ORIENTED_EDGE('',*,*,#1806,.F.);
#2404=ORIENTED_EDGE('',*,*,#1783,.F.);
#2405=ORIENTED_EDGE('',*,*,#1807,.T.);
#2406=ORIENTED_EDGE('',*,*,#1808,.T.);
#2407=ORIENTED_EDGE('',*,*,#1784,.F.);
#2408=ORIENTED_EDGE('',*,*,#1806,.T.);
#2409=ORIENTED_EDGE('',*,*,#1796,.F.);
#2410=ORIENTED_EDGE('',*,*,#1785,.F.);
#2411=ORIENTED_EDGE('',*,*,#1808,.F.);
#2412=ORIENTED_EDGE('',*,*,#1809,.F.);
#2413=ORIENTED_EDGE('',*,*,#1810,.F.);
#2414=ORIENTED_EDGE('',*,*,#1811,.T.);
#2415=ORIENTED_EDGE('',*,*,#1790,.T.);
#2416=ORIENTED_EDGE('',*,*,#1811,.F.);
#2417=ORIENTED_EDGE('',*,*,#1812,.F.);
#2418=ORIENTED_EDGE('',*,*,#1813,.T.);
#2419=ORIENTED_EDGE('',*,*,#1570,.F.);
#2420=ORIENTED_EDGE('',*,*,#1642,.T.);
#2421=ORIENTED_EDGE('',*,*,#1571,.F.);
#2422=ORIENTED_EDGE('',*,*,#1813,.F.);
#2423=ORIENTED_EDGE('',*,*,#1812,.T.);
#2424=ORIENTED_EDGE('',*,*,#1810,.T.);
#2425=ORIENTED_EDGE('',*,*,#1744,.T.);
#2426=ORIENTED_EDGE('',*,*,#1814,.F.);
#2427=ORIENTED_EDGE('',*,*,#1815,.T.);
#2428=ORIENTED_EDGE('',*,*,#1793,.T.);
#2429=ORIENTED_EDGE('',*,*,#1815,.F.);
#2430=ORIENTED_EDGE('',*,*,#1816,.F.);
#2431=ORIENTED_EDGE('',*,*,#1817,.T.);
#2432=ORIENTED_EDGE('',*,*,#1588,.F.);
#2433=ORIENTED_EDGE('',*,*,#1817,.F.);
#2434=ORIENTED_EDGE('',*,*,#1816,.T.);
#2435=ORIENTED_EDGE('',*,*,#1814,.T.);
#2436=ORIENTED_EDGE('',*,*,#1818,.F.);
#2437=ORIENTED_EDGE('',*,*,#1819,.T.);
#2438=ORIENTED_EDGE('',*,*,#1792,.T.);
#2439=ORIENTED_EDGE('',*,*,#1819,.F.);
#2440=ORIENTED_EDGE('',*,*,#1820,.F.);
#2441=ORIENTED_EDGE('',*,*,#1821,.T.);
#2442=ORIENTED_EDGE('',*,*,#1567,.F.);
#2443=ORIENTED_EDGE('',*,*,#1638,.T.);
#2444=ORIENTED_EDGE('',*,*,#1568,.F.);
#2445=ORIENTED_EDGE('',*,*,#1821,.F.);
#2446=ORIENTED_EDGE('',*,*,#1820,.T.);
#2447=ORIENTED_EDGE('',*,*,#1818,.T.);
#2448=ORIENTED_EDGE('',*,*,#1822,.F.);
#2449=ORIENTED_EDGE('',*,*,#1823,.T.);
#2450=ORIENTED_EDGE('',*,*,#1791,.T.);
#2451=ORIENTED_EDGE('',*,*,#1823,.F.);
#2452=ORIENTED_EDGE('',*,*,#1824,.F.);
#2453=ORIENTED_EDGE('',*,*,#1825,.T.);
#2454=ORIENTED_EDGE('',*,*,#1587,.F.);
#2455=ORIENTED_EDGE('',*,*,#1825,.F.);
#2456=ORIENTED_EDGE('',*,*,#1824,.T.);
#2457=ORIENTED_EDGE('',*,*,#1822,.T.);
#2458=ORIENTED_EDGE('',*,*,#1674,.T.);
#2459=ORIENTED_EDGE('',*,*,#1826,.F.);
#2460=ORIENTED_EDGE('',*,*,#1827,.T.);
#2461=ORIENTED_EDGE('',*,*,#1657,.F.);
#2462=ORIENTED_EDGE('',*,*,#1828,.T.);
#2463=ORIENTED_EDGE('',*,*,#1829,.T.);
#2464=ORIENTED_EDGE('',*,*,#1830,.T.);
#2465=ORIENTED_EDGE('',*,*,#1558,.F.);
#2466=ORIENTED_EDGE('',*,*,#1831,.F.);
#2467=ORIENTED_EDGE('',*,*,#1832,.T.);
#2468=ORIENTED_EDGE('',*,*,#1833,.T.);
#2469=ORIENTED_EDGE('',*,*,#1834,.T.);
#2470=ORIENTED_EDGE('',*,*,#1561,.F.);
#2471=ORIENTED_EDGE('',*,*,#1835,.F.);
#2472=ORIENTED_EDGE('',*,*,#1836,.F.);
#2473=ORIENTED_EDGE('',*,*,#1837,.T.);
#2474=ORIENTED_EDGE('',*,*,#1560,.F.);
#2475=ORIENTED_EDGE('',*,*,#1838,.F.);
#2476=ORIENTED_EDGE('',*,*,#1839,.T.);
#2477=ORIENTED_EDGE('',*,*,#1835,.T.);
#2478=ORIENTED_EDGE('',*,*,#1840,.F.);
#2479=ORIENTED_EDGE('',*,*,#1841,.T.);
#2480=ORIENTED_EDGE('',*,*,#1842,.F.);
#2481=ORIENTED_EDGE('',*,*,#1841,.F.);
#2482=ORIENTED_EDGE('',*,*,#1562,.F.);
#2483=ORIENTED_EDGE('',*,*,#1837,.F.);
#2484=ORIENTED_EDGE('',*,*,#1843,.F.);
#2485=ORIENTED_EDGE('',*,*,#1844,.F.);
#2486=ORIENTED_EDGE('',*,*,#1838,.T.);
#2487=ORIENTED_EDGE('',*,*,#1559,.F.);
#2488=ORIENTED_EDGE('',*,*,#1830,.F.);
#2489=ORIENTED_EDGE('',*,*,#1845,.F.);
#2490=ORIENTED_EDGE('',*,*,#1844,.T.);
#2491=ORIENTED_EDGE('',*,*,#1846,.F.);
#2492=ORIENTED_EDGE('',*,*,#1847,.F.);
#2493=ORIENTED_EDGE('',*,*,#1563,.F.);
#2494=ORIENTED_EDGE('',*,*,#1840,.T.);
#2495=ORIENTED_EDGE('',*,*,#1583,.F.);
#2496=ORIENTED_EDGE('',*,*,#1848,.F.);
#2497=ORIENTED_EDGE('',*,*,#1849,.F.);
#2498=ORIENTED_EDGE('',*,*,#1850,.T.);
#2499=ORIENTED_EDGE('',*,*,#1586,.F.);
#2500=ORIENTED_EDGE('',*,*,#1851,.F.);
#2501=ORIENTED_EDGE('',*,*,#1852,.F.);
#2502=ORIENTED_EDGE('',*,*,#1848,.T.);
#2503=ORIENTED_EDGE('',*,*,#1853,.F.);
#2504=ORIENTED_EDGE('',*,*,#1854,.T.);
#2505=ORIENTED_EDGE('',*,*,#1855,.F.);
#2506=ORIENTED_EDGE('',*,*,#1854,.F.);
#2507=ORIENTED_EDGE('',*,*,#1585,.F.);
#2508=ORIENTED_EDGE('',*,*,#1856,.F.);
#2509=ORIENTED_EDGE('',*,*,#1857,.F.);
#2510=ORIENTED_EDGE('',*,*,#1851,.T.);
#2511=ORIENTED_EDGE('',*,*,#1584,.F.);
#2512=ORIENTED_EDGE('',*,*,#1850,.F.);
#2513=ORIENTED_EDGE('',*,*,#1858,.T.);
#2514=ORIENTED_EDGE('',*,*,#1856,.T.);
#2515=ORIENTED_EDGE('',*,*,#1849,.T.);
#2516=ORIENTED_EDGE('',*,*,#1852,.T.);
#2517=ORIENTED_EDGE('',*,*,#1857,.T.);
#2518=ORIENTED_EDGE('',*,*,#1858,.F.);
#2519=ORIENTED_EDGE('',*,*,#1855,.T.);
#2520=ORIENTED_EDGE('',*,*,#1853,.T.);
#2521=ORIENTED_EDGE('',*,*,#1859,.F.);
#2522=ORIENTED_EDGE('',*,*,#1860,.T.);
#2523=ORIENTED_EDGE('',*,*,#1861,.F.);
#2524=ORIENTED_EDGE('',*,*,#1862,.F.);
#2525=ORIENTED_EDGE('',*,*,#1655,.F.);
#2526=ORIENTED_EDGE('',*,*,#1828,.F.);
#2527=ORIENTED_EDGE('',*,*,#1656,.F.);
#2528=ORIENTED_EDGE('',*,*,#1862,.T.);
#2529=ORIENTED_EDGE('',*,*,#1829,.F.);
#2530=ORIENTED_EDGE('',*,*,#1861,.T.);
#2531=ORIENTED_EDGE('',*,*,#1863,.T.);
#2532=ORIENTED_EDGE('',*,*,#1864,.T.);
#2533=ORIENTED_EDGE('',*,*,#1652,.F.);
#2534=ORIENTED_EDGE('',*,*,#1672,.T.);
#2535=ORIENTED_EDGE('',*,*,#1865,.T.);
#2536=ORIENTED_EDGE('',*,*,#1846,.T.);
#2537=ORIENTED_EDGE('',*,*,#1843,.T.);
#2538=ORIENTED_EDGE('',*,*,#1836,.T.);
#2539=ORIENTED_EDGE('',*,*,#1839,.F.);
#2540=ORIENTED_EDGE('',*,*,#1845,.T.);
#2541=ORIENTED_EDGE('',*,*,#1842,.T.);
#2542=ORIENTED_EDGE('',*,*,#1866,.F.);
#2543=ORIENTED_EDGE('',*,*,#1653,.F.);
#2544=ORIENTED_EDGE('',*,*,#1864,.F.);
#2545=ORIENTED_EDGE('',*,*,#1867,.F.);
#2546=ORIENTED_EDGE('',*,*,#1868,.F.);
#2547=ORIENTED_EDGE('',*,*,#1867,.T.);
#2548=ORIENTED_EDGE('',*,*,#1863,.F.);
#2549=ORIENTED_EDGE('',*,*,#1860,.F.);
#2550=ORIENTED_EDGE('',*,*,#1564,.F.);
#2551=ORIENTED_EDGE('',*,*,#1847,.T.);
#2552=ORIENTED_EDGE('',*,*,#1865,.F.);
#2553=ORIENTED_EDGE('',*,*,#1671,.F.);
#2554=ORIENTED_EDGE('',*,*,#1866,.T.);
#2555=ORIENTED_EDGE('',*,*,#1868,.T.);
#2556=ORIENTED_EDGE('',*,*,#1859,.T.);
#2557=ORIENTED_EDGE('',*,*,#1654,.T.);
#2558=ORIENTED_EDGE('',*,*,#1869,.F.);
#2559=ORIENTED_EDGE('',*,*,#1870,.T.);
#2560=ORIENTED_EDGE('',*,*,#1871,.F.);
#2561=ORIENTED_EDGE('',*,*,#1870,.F.);
#2562=ORIENTED_EDGE('',*,*,#1872,.F.);
#2563=ORIENTED_EDGE('',*,*,#1873,.F.);
#2564=ORIENTED_EDGE('',*,*,#1874,.F.);
#2565=ORIENTED_EDGE('',*,*,#1647,.T.);
#2566=ORIENTED_EDGE('',*,*,#1875,.F.);
#2567=ORIENTED_EDGE('',*,*,#1876,.F.);
#2568=ORIENTED_EDGE('',*,*,#1869,.T.);
#2569=ORIENTED_EDGE('',*,*,#1874,.T.);
#2570=ORIENTED_EDGE('',*,*,#1877,.T.);
#2571=ORIENTED_EDGE('',*,*,#1878,.T.);
#2572=ORIENTED_EDGE('',*,*,#1648,.F.);
#2573=ORIENTED_EDGE('',*,*,#1873,.T.);
#2574=ORIENTED_EDGE('',*,*,#1879,.T.);
#2575=ORIENTED_EDGE('',*,*,#1880,.T.);
#2576=ORIENTED_EDGE('',*,*,#1877,.F.);
#2577=ORIENTED_EDGE('',*,*,#1876,.T.);
#2578=ORIENTED_EDGE('',*,*,#1881,.T.);
#2579=ORIENTED_EDGE('',*,*,#1882,.T.);
#2580=ORIENTED_EDGE('',*,*,#1883,.F.);
#2581=ORIENTED_EDGE('',*,*,#1875,.T.);
#2582=ORIENTED_EDGE('',*,*,#1650,.F.);
#2583=ORIENTED_EDGE('',*,*,#1884,.T.);
#2584=ORIENTED_EDGE('',*,*,#1881,.F.);
#2585=ORIENTED_EDGE('',*,*,#1872,.T.);
#2586=ORIENTED_EDGE('',*,*,#1883,.T.);
#2587=ORIENTED_EDGE('',*,*,#1885,.T.);
#2588=ORIENTED_EDGE('',*,*,#1879,.F.);
#2589=ORIENTED_EDGE('',*,*,#1885,.F.);
#2590=ORIENTED_EDGE('',*,*,#1882,.F.);
#2591=ORIENTED_EDGE('',*,*,#1884,.F.);
#2592=ORIENTED_EDGE('',*,*,#1649,.F.);
#2593=ORIENTED_EDGE('',*,*,#1878,.F.);
#2594=ORIENTED_EDGE('',*,*,#1880,.F.);
#2595=ORIENTED_EDGE('',*,*,#1886,.F.);
#2596=ORIENTED_EDGE('',*,*,#1887,.F.);
#2597=ORIENTED_EDGE('',*,*,#1888,.T.);
#2598=ORIENTED_EDGE('',*,*,#1889,.F.);
#2599=ORIENTED_EDGE('',*,*,#1888,.F.);
#2600=ORIENTED_EDGE('',*,*,#1890,.F.);
#2601=ORIENTED_EDGE('',*,*,#1831,.T.);
#2602=ORIENTED_EDGE('',*,*,#1891,.F.);
#2603=ORIENTED_EDGE('',*,*,#1892,.F.);
#2604=ORIENTED_EDGE('',*,*,#1893,.F.);
#2605=ORIENTED_EDGE('',*,*,#1887,.T.);
#2606=ORIENTED_EDGE('',*,*,#1893,.T.);
#2607=ORIENTED_EDGE('',*,*,#1894,.T.);
#2608=ORIENTED_EDGE('',*,*,#1895,.T.);
#2609=ORIENTED_EDGE('',*,*,#1896,.F.);
#2610=ORIENTED_EDGE('',*,*,#1892,.T.);
#2611=ORIENTED_EDGE('',*,*,#1897,.T.);
#2612=ORIENTED_EDGE('',*,*,#1898,.T.);
#2613=ORIENTED_EDGE('',*,*,#1894,.F.);
#2614=ORIENTED_EDGE('',*,*,#1891,.T.);
#2615=ORIENTED_EDGE('',*,*,#1834,.F.);
#2616=ORIENTED_EDGE('',*,*,#1899,.T.);
#2617=ORIENTED_EDGE('',*,*,#1897,.F.);
#2618=ORIENTED_EDGE('',*,*,#1890,.T.);
#2619=ORIENTED_EDGE('',*,*,#1896,.T.);
#2620=ORIENTED_EDGE('',*,*,#1900,.T.);
#2621=ORIENTED_EDGE('',*,*,#1832,.F.);
#2622=ORIENTED_EDGE('',*,*,#1900,.F.);
#2623=ORIENTED_EDGE('',*,*,#1895,.F.);
#2624=ORIENTED_EDGE('',*,*,#1898,.F.);
#2625=ORIENTED_EDGE('',*,*,#1899,.F.);
#2626=ORIENTED_EDGE('',*,*,#1833,.F.);
#2627=ORIENTED_EDGE('',*,*,#1901,.F.);
#2628=ORIENTED_EDGE('',*,*,#1827,.F.);
#2629=ORIENTED_EDGE('',*,*,#1902,.F.);
#2630=ORIENTED_EDGE('',*,*,#1903,.F.);
#2631=ORIENTED_EDGE('',*,*,#1658,.F.);
#2632=ORIENTED_EDGE('',*,*,#1889,.T.);
#2633=ORIENTED_EDGE('',*,*,#1904,.F.);
#2634=ORIENTED_EDGE('',*,*,#1905,.T.);
#2635=ORIENTED_EDGE('',*,*,#1906,.F.);
#2636=ORIENTED_EDGE('',*,*,#1905,.F.);
#2637=ORIENTED_EDGE('',*,*,#1907,.F.);
#2638=ORIENTED_EDGE('',*,*,#1908,.F.);
#2639=ORIENTED_EDGE('',*,*,#1909,.F.);
#2640=ORIENTED_EDGE('',*,*,#1552,.T.);
#2641=ORIENTED_EDGE('',*,*,#1910,.F.);
#2642=ORIENTED_EDGE('',*,*,#1911,.F.);
#2643=ORIENTED_EDGE('',*,*,#1904,.T.);
#2644=ORIENTED_EDGE('',*,*,#1909,.T.);
#2645=ORIENTED_EDGE('',*,*,#1912,.T.);
#2646=ORIENTED_EDGE('',*,*,#1913,.T.);
#2647=ORIENTED_EDGE('',*,*,#1553,.F.);
#2648=ORIENTED_EDGE('',*,*,#1908,.T.);
#2649=ORIENTED_EDGE('',*,*,#1914,.T.);
#2650=ORIENTED_EDGE('',*,*,#1915,.T.);
#2651=ORIENTED_EDGE('',*,*,#1912,.F.);
#2652=ORIENTED_EDGE('',*,*,#1911,.T.);
#2653=ORIENTED_EDGE('',*,*,#1916,.T.);
#2654=ORIENTED_EDGE('',*,*,#1917,.T.);
#2655=ORIENTED_EDGE('',*,*,#1918,.F.);
#2656=ORIENTED_EDGE('',*,*,#1910,.T.);
#2657=ORIENTED_EDGE('',*,*,#1555,.F.);
#2658=ORIENTED_EDGE('',*,*,#1919,.T.);
#2659=ORIENTED_EDGE('',*,*,#1916,.F.);
#2660=ORIENTED_EDGE('',*,*,#1907,.T.);
#2661=ORIENTED_EDGE('',*,*,#1918,.T.);
#2662=ORIENTED_EDGE('',*,*,#1920,.T.);
#2663=ORIENTED_EDGE('',*,*,#1914,.F.);
#2664=ORIENTED_EDGE('',*,*,#1920,.F.);
#2665=ORIENTED_EDGE('',*,*,#1917,.F.);
#2666=ORIENTED_EDGE('',*,*,#1919,.F.);
#2667=ORIENTED_EDGE('',*,*,#1554,.F.);
#2668=ORIENTED_EDGE('',*,*,#1913,.F.);
#2669=ORIENTED_EDGE('',*,*,#1915,.F.);
#2670=ORIENTED_EDGE('',*,*,#1921,.F.);
#2671=ORIENTED_EDGE('',*,*,#1922,.F.);
#2672=ORIENTED_EDGE('',*,*,#1923,.T.);
#2673=ORIENTED_EDGE('',*,*,#1924,.F.);
#2674=ORIENTED_EDGE('',*,*,#1923,.F.);
#2675=ORIENTED_EDGE('',*,*,#1925,.F.);
#2676=ORIENTED_EDGE('',*,*,#1679,.T.);
#2677=ORIENTED_EDGE('',*,*,#1926,.F.);
#2678=ORIENTED_EDGE('',*,*,#1927,.F.);
#2679=ORIENTED_EDGE('',*,*,#1928,.F.);
#2680=ORIENTED_EDGE('',*,*,#1922,.T.);
#2681=ORIENTED_EDGE('',*,*,#1928,.T.);
#2682=ORIENTED_EDGE('',*,*,#1929,.T.);
#2683=ORIENTED_EDGE('',*,*,#1930,.T.);
#2684=ORIENTED_EDGE('',*,*,#1931,.F.);
#2685=ORIENTED_EDGE('',*,*,#1927,.T.);
#2686=ORIENTED_EDGE('',*,*,#1932,.T.);
#2687=ORIENTED_EDGE('',*,*,#1933,.T.);
#2688=ORIENTED_EDGE('',*,*,#1929,.F.);
#2689=ORIENTED_EDGE('',*,*,#1926,.T.);
#2690=ORIENTED_EDGE('',*,*,#1682,.F.);
#2691=ORIENTED_EDGE('',*,*,#1934,.T.);
#2692=ORIENTED_EDGE('',*,*,#1932,.F.);
#2693=ORIENTED_EDGE('',*,*,#1925,.T.);
#2694=ORIENTED_EDGE('',*,*,#1931,.T.);
#2695=ORIENTED_EDGE('',*,*,#1935,.T.);
#2696=ORIENTED_EDGE('',*,*,#1680,.F.);
#2697=ORIENTED_EDGE('',*,*,#1935,.F.);
#2698=ORIENTED_EDGE('',*,*,#1930,.F.);
#2699=ORIENTED_EDGE('',*,*,#1933,.F.);
#2700=ORIENTED_EDGE('',*,*,#1934,.F.);
#2701=ORIENTED_EDGE('',*,*,#1681,.F.);
#2702=ORIENTED_EDGE('',*,*,#1936,.F.);
#2703=ORIENTED_EDGE('',*,*,#1677,.F.);
#2704=ORIENTED_EDGE('',*,*,#1629,.F.);
#2705=ORIENTED_EDGE('',*,*,#1937,.F.);
#2706=ORIENTED_EDGE('',*,*,#1938,.F.);
#2707=ORIENTED_EDGE('',*,*,#1924,.T.);
#2708=ORIENTED_EDGE('',*,*,#1901,.T.);
#2709=ORIENTED_EDGE('',*,*,#1939,.T.);
#2710=ORIENTED_EDGE('',*,*,#1786,.T.);
#2711=ORIENTED_EDGE('',*,*,#1939,.F.);
#2712=ORIENTED_EDGE('',*,*,#1936,.T.);
#2713=ORIENTED_EDGE('',*,*,#1940,.T.);
#2714=ORIENTED_EDGE('',*,*,#1788,.T.);
#2715=ORIENTED_EDGE('',*,*,#1940,.F.);
#2716=ORIENTED_EDGE('',*,*,#1886,.T.);
#2717=ORIENTED_EDGE('',*,*,#1941,.T.);
#2718=ORIENTED_EDGE('',*,*,#1787,.T.);
#2719=ORIENTED_EDGE('',*,*,#1941,.F.);
#2720=ORIENTED_EDGE('',*,*,#1921,.T.);
#2721=ORIENTED_EDGE('',*,*,#1942,.T.);
#2722=ORIENTED_EDGE('',*,*,#1789,.T.);
#2723=ORIENTED_EDGE('',*,*,#1942,.F.);
#2724=ORIENTED_EDGE('',*,*,#1943,.F.);
#2725=ORIENTED_EDGE('',*,*,#1944,.T.);
#2726=ORIENTED_EDGE('',*,*,#1937,.T.);
#2727=ORIENTED_EDGE('',*,*,#1628,.F.);
#2728=ORIENTED_EDGE('',*,*,#1945,.F.);
#2729=ORIENTED_EDGE('',*,*,#1626,.T.);
#2730=ORIENTED_EDGE('',*,*,#1946,.T.);
#2731=ORIENTED_EDGE('',*,*,#1947,.F.);
#2732=ORIENTED_EDGE('',*,*,#1550,.F.);
#2733=ORIENTED_EDGE('',*,*,#1948,.F.);
#2734=ORIENTED_EDGE('',*,*,#1946,.F.);
#2735=ORIENTED_EDGE('',*,*,#1625,.F.);
#2736=ORIENTED_EDGE('',*,*,#1906,.T.);
#2737=ORIENTED_EDGE('',*,*,#1949,.F.);
#2738=ORIENTED_EDGE('',*,*,#1659,.T.);
#2739=ORIENTED_EDGE('',*,*,#1903,.T.);
#2740=ORIENTED_EDGE('',*,*,#1950,.F.);
#2741=ORIENTED_EDGE('',*,*,#1951,.F.);
#2742=ORIENTED_EDGE('',*,*,#1952,.T.);
#2743=ORIENTED_EDGE('',*,*,#1953,.T.);
#2744=ORIENTED_EDGE('',*,*,#1661,.F.);
#2745=ORIENTED_EDGE('',*,*,#1644,.F.);
#2746=ORIENTED_EDGE('',*,*,#1662,.F.);
#2747=ORIENTED_EDGE('',*,*,#1953,.F.);
#2748=ORIENTED_EDGE('',*,*,#1954,.F.);
#2749=ORIENTED_EDGE('',*,*,#1871,.T.);
#2750=ORIENTED_EDGE('',*,*,#1708,.T.);
#2751=ORIENTED_EDGE('',*,*,#1711,.T.);
#2752=ORIENTED_EDGE('',*,*,#1713,.T.);
#2753=ORIENTED_EDGE('',*,*,#1715,.T.);
#2754=ORIENTED_EDGE('',*,*,#1955,.T.);
#2755=ORIENTED_EDGE('',*,*,#1956,.T.);
#2756=ORIENTED_EDGE('',*,*,#1957,.T.);
#2757=ORIENTED_EDGE('',*,*,#1958,.T.);
#2758=ORIENTED_EDGE('',*,*,#1959,.T.);
#2759=ORIENTED_EDGE('',*,*,#1943,.T.);
#2760=ORIENTED_EDGE('',*,*,#1627,.T.);
#2761=ORIENTED_EDGE('',*,*,#1945,.T.);
#2762=ORIENTED_EDGE('',*,*,#1960,.T.);
#2763=ORIENTED_EDGE('',*,*,#1951,.T.);
#2764=ORIENTED_EDGE('',*,*,#1660,.T.);
#2765=ORIENTED_EDGE('',*,*,#1949,.T.);
#2766=ORIENTED_EDGE('',*,*,#1676,.F.);
#2767=ORIENTED_EDGE('',*,*,#1678,.T.);
#2768=ORIENTED_EDGE('',*,*,#1938,.T.);
#2769=ORIENTED_EDGE('',*,*,#1944,.F.);
#2770=ORIENTED_EDGE('',*,*,#1959,.F.);
#2771=ORIENTED_EDGE('',*,*,#1950,.T.);
#2772=ORIENTED_EDGE('',*,*,#1902,.T.);
#2773=ORIENTED_EDGE('',*,*,#1826,.T.);
#2774=ORIENTED_EDGE('',*,*,#1673,.F.);
#2775=ORIENTED_EDGE('',*,*,#1645,.T.);
#2776=ORIENTED_EDGE('',*,*,#1954,.T.);
#2777=ORIENTED_EDGE('',*,*,#1952,.F.);
#2778=ORIENTED_EDGE('',*,*,#1960,.F.);
#2779=ORIENTED_EDGE('',*,*,#1947,.T.);
#2780=ORIENTED_EDGE('',*,*,#1948,.T.);
#2781=ORIENTED_EDGE('',*,*,#1549,.T.);
#2782=ORIENTED_EDGE('',*,*,#1697,.F.);
#2783=ORIENTED_EDGE('',*,*,#1709,.T.);
#2784=ORIENTED_EDGE('',*,*,#1958,.F.);
#2785=ORIENTED_EDGE('',*,*,#1961,.F.);
#2786=ORIENTED_EDGE('',*,*,#1797,.T.);
#2787=ORIENTED_EDGE('',*,*,#1794,.F.);
#2788=ORIENTED_EDGE('',*,*,#1809,.T.);
#2789=ORIENTED_EDGE('',*,*,#1807,.F.);
#2790=ORIENTED_EDGE('',*,*,#1805,.T.);
#2791=ORIENTED_EDGE('',*,*,#1803,.F.);
#2792=ORIENTED_EDGE('',*,*,#1801,.T.);
#2793=ORIENTED_EDGE('',*,*,#1799,.F.);
#2794=ORIENTED_EDGE('',*,*,#1694,.F.);
#2795=ORIENTED_EDGE('',*,*,#1961,.T.);
#2796=ORIENTED_EDGE('',*,*,#1957,.F.);
#2797=ORIENTED_EDGE('',*,*,#1962,.F.);
#2798=ORIENTED_EDGE('',*,*,#1691,.F.);
#2799=ORIENTED_EDGE('',*,*,#1962,.T.);
#2800=ORIENTED_EDGE('',*,*,#1956,.F.);
#2801=ORIENTED_EDGE('',*,*,#1963,.F.);
#2802=ORIENTED_EDGE('',*,*,#1688,.F.);
#2803=ORIENTED_EDGE('',*,*,#1963,.T.);
#2804=ORIENTED_EDGE('',*,*,#1955,.F.);
#2805=ORIENTED_EDGE('',*,*,#1714,.F.);
#2806=CYLINDRICAL_SURFACE('',#3049,2.5);
#2807=CYLINDRICAL_SURFACE('',#3050,10.);
#2808=CYLINDRICAL_SURFACE('',#3091,3.50000000000001);
#2809=CYLINDRICAL_SURFACE('',#3093,2.5);
#2810=CYLINDRICAL_SURFACE('',#3095,10.);
#2811=CYLINDRICAL_SURFACE('',#3105,2.5);
#2812=CYLINDRICAL_SURFACE('',#3106,2.5);
#2813=CYLINDRICAL_SURFACE('',#3107,9.99999999999998);
#2814=CYLINDRICAL_SURFACE('',#3111,5.);
#2815=CYLINDRICAL_SURFACE('',#3117,5.);
#2816=CYLINDRICAL_SURFACE('',#3122,5.);
#2817=CYLINDRICAL_SURFACE('',#3127,5.);
#2818=CYLINDRICAL_SURFACE('',#3131,9.99999999999998);
#2819=CYLINDRICAL_SURFACE('',#3134,9.99999999999998);
#2820=CYLINDRICAL_SURFACE('',#3142,4.);
#2821=CYLINDRICAL_SURFACE('',#3145,2.1);
#2822=CYLINDRICAL_SURFACE('',#3149,2.1);
#2823=CYLINDRICAL_SURFACE('',#3152,4.);
#2824=CYLINDRICAL_SURFACE('',#3157,4.);
#2825=CYLINDRICAL_SURFACE('',#3161,2.1);
#2826=CYLINDRICAL_SURFACE('',#3166,2.1);
#2827=CYLINDRICAL_SURFACE('',#3169,4.);
#2828=CYLINDRICAL_SURFACE('',#3180,2.6);
#2829=CYLINDRICAL_SURFACE('',#3181,2.6);
#2830=CYLINDRICAL_SURFACE('',#3182,2.6);
#2831=CYLINDRICAL_SURFACE('',#3183,2.6);
#2832=CYLINDRICAL_SURFACE('',#3217,3.);
#2833=CYLINDRICAL_SURFACE('',#3220,3.);
#2834=CYLINDRICAL_SURFACE('',#3223,3.);
#2835=CYLINDRICAL_SURFACE('',#3226,3.);
#2836=CYLINDRICAL_SURFACE('',#3229,2.1);
#2837=CYLINDRICAL_SURFACE('',#3231,4.);
#2838=CYLINDRICAL_SURFACE('',#3235,2.1);
#2839=CYLINDRICAL_SURFACE('',#3237,3.99999999999999);
#2840=CYLINDRICAL_SURFACE('',#3240,2.1);
#2841=CYLINDRICAL_SURFACE('',#3242,4.);
#2842=CYLINDRICAL_SURFACE('',#3245,2.1);
#2843=CYLINDRICAL_SURFACE('',#3247,4.);
#2844=CYLINDRICAL_SURFACE('',#3250,10.);
#2845=CYLINDRICAL_SURFACE('',#3256,5.);
#2846=CYLINDRICAL_SURFACE('',#3259,2.10000000000001);
#2847=CYLINDRICAL_SURFACE('',#3268,2.1);
#2848=CYLINDRICAL_SURFACE('',#3271,5.);
#2849=CYLINDRICAL_SURFACE('',#3283,2.74999999999999);
#2850=CYLINDRICAL_SURFACE('',#3294,2.75);
#2851=CYLINDRICAL_SURFACE('',#3306,2.75);
#2852=CYLINDRICAL_SURFACE('',#3317,2.75);
#2853=CYLINDRICAL_SURFACE('',#3329,2.75);
#2854=CYLINDRICAL_SURFACE('',#3330,2.75);
#2855=CYLINDRICAL_SURFACE('',#3331,2.74999999999999);
#2856=CYLINDRICAL_SURFACE('',#3332,2.75);
#2857=CYLINDRICAL_SURFACE('',#3333,7.99999999999999);
#2858=CYLINDRICAL_SURFACE('',#3335,7.99999999999999);
#2859=CYLINDRICAL_SURFACE('',#3339,7.99999999999999);
#2860=CYLINDRICAL_SURFACE('',#3341,7.99999999999999);
#2861=CYLINDRICAL_SURFACE('',#3351,9.99999999999998);
#2862=CYLINDRICAL_SURFACE('',#3353,9.99999999999998);
#2863=ADVANCED_FACE('',(#315),#2806,.F.);
#2864=ADVANCED_FACE('',(#316,#130),#2807,.T.);
#2865=ADVANCED_FACE('',(#317,#131,#132,#133,#134),#23,.T.);
#2866=ADVANCED_FACE('',(#318),#24,.T.);
#2867=ADVANCED_FACE('',(#319),#25,.T.);
#2868=ADVANCED_FACE('',(#320),#26,.T.);
#2869=ADVANCED_FACE('',(#321),#27,.T.);
#2870=ADVANCED_FACE('',(#322,#135),#28,.F.);
#2871=ADVANCED_FACE('',(#323),#29,.F.);
#2872=ADVANCED_FACE('',(#324),#30,.F.);
#2873=ADVANCED_FACE('',(#325),#31,.F.);
#2874=ADVANCED_FACE('',(#326),#32,.F.);
#2875=ADVANCED_FACE('',(#327),#33,.T.);
#2876=ADVANCED_FACE('',(#328),#34,.T.);
#2877=ADVANCED_FACE('',(#329),#35,.T.);
#2878=ADVANCED_FACE('',(#330),#36,.T.);
#2879=ADVANCED_FACE('',(#331,#136,#137,#138,#139,#140,#141),#37,.T.);
#2880=ADVANCED_FACE('',(#332,#142),#38,.T.);
#2881=ADVANCED_FACE('',(#333),#2808,.F.);
#2882=ADVANCED_FACE('',(#334),#2809,.F.);
#2883=ADVANCED_FACE('',(#335,#143),#2810,.T.);
#2884=ADVANCED_FACE('',(#336,#144),#39,.T.);
#2885=ADVANCED_FACE('',(#337),#40,.T.);
#2886=ADVANCED_FACE('',(#338),#2811,.F.);
#2887=ADVANCED_FACE('',(#339),#2812,.F.);
#2888=ADVANCED_FACE('',(#340,#145),#2813,.T.);
#2889=ADVANCED_FACE('',(#341),#2814,.T.);
#2890=ADVANCED_FACE('',(#342),#19,.F.);
#2891=ADVANCED_FACE('',(#343),#2815,.T.);
#2892=ADVANCED_FACE('',(#344),#20,.F.);
#2893=ADVANCED_FACE('',(#345),#2816,.T.);
#2894=ADVANCED_FACE('',(#346),#21,.F.);
#2895=ADVANCED_FACE('',(#347),#2817,.T.);
#2896=ADVANCED_FACE('',(#348),#22,.F.);
#2897=ADVANCED_FACE('',(#349),#2818,.T.);
#2898=ADVANCED_FACE('',(#350),#41,.T.);
#2899=ADVANCED_FACE('',(#351),#2819,.T.);
#2900=ADVANCED_FACE('',(#352,#146,#147,#148,#149,#150,#151),#42,.T.);
#2901=ADVANCED_FACE('',(#353),#43,.F.);
#2902=ADVANCED_FACE('',(#354),#2820,.T.);
#2903=ADVANCED_FACE('',(#355),#2821,.F.);
#2904=ADVANCED_FACE('',(#356,#152),#44,.T.);
#2905=ADVANCED_FACE('',(#357),#2822,.F.);
#2906=ADVANCED_FACE('',(#358),#2823,.T.);
#2907=ADVANCED_FACE('',(#359,#153),#45,.T.);
#2908=ADVANCED_FACE('',(#360),#46,.T.);
#2909=ADVANCED_FACE('',(#361),#2824,.T.);
#2910=ADVANCED_FACE('',(#362),#2825,.F.);
#2911=ADVANCED_FACE('',(#363,#154),#47,.T.);
#2912=ADVANCED_FACE('',(#364),#48,.T.);
#2913=ADVANCED_FACE('',(#365),#2826,.F.);
#2914=ADVANCED_FACE('',(#366),#2827,.T.);
#2915=ADVANCED_FACE('',(#367,#155),#49,.T.);
#2916=ADVANCED_FACE('',(#368),#50,.T.);
#2917=ADVANCED_FACE('',(#369),#51,.T.);
#2918=ADVANCED_FACE('',(#370),#52,.T.);
#2919=ADVANCED_FACE('',(#371),#53,.T.);
#2920=ADVANCED_FACE('',(#372),#54,.T.);
#2921=ADVANCED_FACE('',(#373),#55,.T.);
#2922=ADVANCED_FACE('',(#374),#2828,.F.);
#2923=ADVANCED_FACE('',(#375),#2829,.F.);
#2924=ADVANCED_FACE('',(#376),#2830,.F.);
#2925=ADVANCED_FACE('',(#377),#2831,.F.);
#2926=ADVANCED_FACE('',(#378),#56,.T.);
#2927=ADVANCED_FACE('',(#379),#15,.T.);
#2928=ADVANCED_FACE('',(#380),#57,.T.);
#2929=ADVANCED_FACE('',(#381),#16,.T.);
#2930=ADVANCED_FACE('',(#382),#58,.T.);
#2931=ADVANCED_FACE('',(#383),#17,.T.);
#2932=ADVANCED_FACE('',(#384),#59,.T.);
#2933=ADVANCED_FACE('',(#385),#18,.T.);
#2934=ADVANCED_FACE('',(#386,#156),#60,.F.);
#2935=ADVANCED_FACE('',(#387),#61,.F.);
#2936=ADVANCED_FACE('',(#388),#62,.F.);
#2937=ADVANCED_FACE('',(#389),#63,.F.);
#2938=ADVANCED_FACE('',(#390),#64,.F.);
#2939=ADVANCED_FACE('',(#391),#65,.T.);
#2940=ADVANCED_FACE('',(#392),#66,.T.);
#2941=ADVANCED_FACE('',(#393),#67,.T.);
#2942=ADVANCED_FACE('',(#394),#68,.T.);
#2943=ADVANCED_FACE('',(#395),#2832,.F.);
#2944=ADVANCED_FACE('',(#396),#69,.F.);
#2945=ADVANCED_FACE('',(#397),#2833,.F.);
#2946=ADVANCED_FACE('',(#398),#70,.F.);
#2947=ADVANCED_FACE('',(#399),#2834,.F.);
#2948=ADVANCED_FACE('',(#400),#71,.F.);
#2949=ADVANCED_FACE('',(#401),#2835,.F.);
#2950=ADVANCED_FACE('',(#402),#72,.F.);
#2951=ADVANCED_FACE('',(#403),#2836,.F.);
#2952=ADVANCED_FACE('',(#404),#2837,.T.);
#2953=ADVANCED_FACE('',(#405,#157),#73,.T.);
#2954=ADVANCED_FACE('',(#406),#74,.T.);
#2955=ADVANCED_FACE('',(#407),#2838,.F.);
#2956=ADVANCED_FACE('',(#408),#2839,.T.);
#2957=ADVANCED_FACE('',(#409,#158),#75,.T.);
#2958=ADVANCED_FACE('',(#410),#2840,.F.);
#2959=ADVANCED_FACE('',(#411),#2841,.T.);
#2960=ADVANCED_FACE('',(#412,#159),#76,.T.);
#2961=ADVANCED_FACE('',(#413),#2842,.F.);
#2962=ADVANCED_FACE('',(#414),#2843,.T.);
#2963=ADVANCED_FACE('',(#415,#160),#77,.T.);
#2964=ADVANCED_FACE('',(#416,#161),#2844,.T.);
#2965=ADVANCED_FACE('',(#417),#2845,.T.);
#2966=ADVANCED_FACE('',(#418),#78,.T.);
#2967=ADVANCED_FACE('',(#419),#2846,.F.);
#2968=ADVANCED_FACE('',(#420),#79,.T.);
#2969=ADVANCED_FACE('',(#421),#80,.T.);
#2970=ADVANCED_FACE('',(#422),#81,.T.);
#2971=ADVANCED_FACE('',(#423),#82,.T.);
#2972=ADVANCED_FACE('',(#424),#83,.T.);
#2973=ADVANCED_FACE('',(#425),#84,.T.);
#2974=ADVANCED_FACE('',(#426),#2847,.F.);
#2975=ADVANCED_FACE('',(#427),#2848,.T.);
#2976=ADVANCED_FACE('',(#428),#85,.T.);
#2977=ADVANCED_FACE('',(#429,#162),#86,.T.);
#2978=ADVANCED_FACE('',(#430),#87,.T.);
#2979=ADVANCED_FACE('',(#431),#88,.T.);
#2980=ADVANCED_FACE('',(#432),#89,.T.);
#2981=ADVANCED_FACE('',(#433,#163),#90,.T.);
#2982=ADVANCED_FACE('',(#434),#91,.T.);
#2983=ADVANCED_FACE('',(#435),#92,.T.);
#2984=ADVANCED_FACE('',(#436),#93,.T.);
#2985=ADVANCED_FACE('',(#437),#94,.T.);
#2986=ADVANCED_FACE('',(#438),#2849,.F.);
#2987=ADVANCED_FACE('',(#439,#164),#95,.F.);
#2988=ADVANCED_FACE('',(#440),#96,.F.);
#2989=ADVANCED_FACE('',(#441),#97,.F.);
#2990=ADVANCED_FACE('',(#442),#98,.F.);
#2991=ADVANCED_FACE('',(#443),#99,.F.);
#2992=ADVANCED_FACE('',(#444),#100,.F.);
#2993=ADVANCED_FACE('',(#445,#165),#101,.T.);
#2994=ADVANCED_FACE('',(#446),#2850,.F.);
#2995=ADVANCED_FACE('',(#447,#166),#102,.F.);
#2996=ADVANCED_FACE('',(#448),#103,.F.);
#2997=ADVANCED_FACE('',(#449),#104,.F.);
#2998=ADVANCED_FACE('',(#450),#105,.F.);
#2999=ADVANCED_FACE('',(#451),#106,.F.);
#3000=ADVANCED_FACE('',(#452,#167),#107,.T.);
#3001=ADVANCED_FACE('',(#453,#168),#108,.T.);
#3002=ADVANCED_FACE('',(#454),#2851,.F.);
#3003=ADVANCED_FACE('',(#455,#169),#109,.F.);
#3004=ADVANCED_FACE('',(#456),#110,.F.);
#3005=ADVANCED_FACE('',(#457),#111,.F.);
#3006=ADVANCED_FACE('',(#458),#112,.F.);
#3007=ADVANCED_FACE('',(#459),#113,.F.);
#3008=ADVANCED_FACE('',(#460),#114,.F.);
#3009=ADVANCED_FACE('',(#461,#170),#115,.T.);
#3010=ADVANCED_FACE('',(#462),#2852,.F.);
#3011=ADVANCED_FACE('',(#463,#171),#116,.F.);
#3012=ADVANCED_FACE('',(#464),#117,.F.);
#3013=ADVANCED_FACE('',(#465),#118,.F.);
#3014=ADVANCED_FACE('',(#466),#119,.F.);
#3015=ADVANCED_FACE('',(#467),#120,.F.);
#3016=ADVANCED_FACE('',(#468,#172),#121,.T.);
#3017=ADVANCED_FACE('',(#469,#173),#122,.T.);
#3018=ADVANCED_FACE('',(#470),#2853,.F.);
#3019=ADVANCED_FACE('',(#471),#2854,.F.);
#3020=ADVANCED_FACE('',(#472),#2855,.F.);
#3021=ADVANCED_FACE('',(#473),#2856,.F.);
#3022=ADVANCED_FACE('',(#474),#2857,.F.);
#3023=ADVANCED_FACE('',(#475),#2858,.F.);
#3024=ADVANCED_FACE('',(#476,#174),#123,.T.);
#3025=ADVANCED_FACE('',(#477),#2859,.F.);
#3026=ADVANCED_FACE('',(#478),#2860,.F.);
#3027=ADVANCED_FACE('',(#479,#175),#124,.T.);
#3028=ADVANCED_FACE('',(#480,#176),#125,.T.);
#3029=ADVANCED_FACE('',(#481),#126,.T.);
#3030=ADVANCED_FACE('',(#482),#127,.T.);
#3031=ADVANCED_FACE('',(#483,#177),#128,.T.);
#3032=ADVANCED_FACE('',(#484),#2861,.T.);
#3033=ADVANCED_FACE('',(#485),#129,.T.);
#3034=ADVANCED_FACE('',(#486),#2862,.T.);
#3035=CLOSED_SHELL('',(#2863,#2864,#2865,#2866,#2867,#2868,#2869,#2870,
#2871,#2872,#2873,#2874,#2875,#2876,#2877,#2878,#2879,#2880,#2881,#2882,
#2883,#2884,#2885,#2886,#2887,#2888,#2889,#2890,#2891,#2892,#2893,#2894,
#2895,#2896,#2897,#2898,#2899,#2900,#2901,#2902,#2903,#2904,#2905,#2906,
#2907,#2908,#2909,#2910,#2911,#2912,#2913,#2914,#2915,#2916,#2917,#2918,
#2919,#2920,#2921,#2922,#2923,#2924,#2925,#2926,#2927,#2928,#2929,#2930,
#2931,#2932,#2933,#2934,#2935,#2936,#2937,#2938,#2939,#2940,#2941,#2942,
#2943,#2944,#2945,#2946,#2947,#2948,#2949,#2950,#2951,#2952,#2953,#2954,
#2955,#2956,#2957,#2958,#2959,#2960,#2961,#2962,#2963,#2964,#2965,#2966,
#2967,#2968,#2969,#2970,#2971,#2972,#2973,#2974,#2975,#2976,#2977,#2978,
#2979,#2980,#2981,#2982,#2983,#2984,#2985,#2986,#2987,#2988,#2989,#2990,
#2991,#2992,#2993,#2994,#2995,#2996,#2997,#2998,#2999,#3000,#3001,#3002,
#3003,#3004,#3005,#3006,#3007,#3008,#3009,#3010,#3011,#3012,#3013,#3014,
#3015,#3016,#3017,#3018,#3019,#3020,#3021,#3022,#3023,#3024,#3025,#3026,
#3027,#3028,#3029,#3030,#3031,#3032,#3033,#3034));
#3036=DERIVED_UNIT_ELEMENT(#3038,1.);
#3037=DERIVED_UNIT_ELEMENT(#5260,-3.);
#3038=(
MASS_UNIT()
NAMED_UNIT(*)
SI_UNIT(.KILO.,.GRAM.)
);
#3039=DERIVED_UNIT((#3036,#3037));
#3040=MEASURE_REPRESENTATION_ITEM('density measure',
POSITIVE_RATIO_MEASURE(7850.),#3039);
#3041=PROPERTY_DEFINITION_REPRESENTATION(#3046,#3043);
#3042=PROPERTY_DEFINITION_REPRESENTATION(#3047,#3044);
#3043=REPRESENTATION('material name',(#3045),#5257);
#3044=REPRESENTATION('density',(#3040),#5257);
#3045=DESCRIPTIVE_REPRESENTATION_ITEM('Steel','Steel');
#3046=PROPERTY_DEFINITION('material property','material name',#5267);
#3047=PROPERTY_DEFINITION('material property','density of part',#5267);
#3048=AXIS2_PLACEMENT_3D('',#4241,#3354,#3355);
#3049=AXIS2_PLACEMENT_3D('',#4242,#3356,#3357);
#3050=AXIS2_PLACEMENT_3D('',#4273,#3360,#3361);
#3051=AXIS2_PLACEMENT_3D('',#4275,#3362,#3363);
#3052=AXIS2_PLACEMENT_3D('',#4292,#3365,#3366);
#3053=AXIS2_PLACEMENT_3D('',#4296,#3368,#3369);
#3054=AXIS2_PLACEMENT_3D('',#4300,#3371,#3372);
#3055=AXIS2_PLACEMENT_3D('',#4302,#3374,#3375);
#3056=AXIS2_PLACEMENT_3D('',#4304,#3376,#3377);
#3057=AXIS2_PLACEMENT_3D('',#4308,#3379,#3380);
#3058=AXIS2_PLACEMENT_3D('',#4314,#3383,#3384);
#3059=AXIS2_PLACEMENT_3D('',#4326,#3390,#3391);
#3060=AXIS2_PLACEMENT_3D('',#4328,#3392,#3393);
#3061=AXIS2_PLACEMENT_3D('',#4332,#3395,#3396);
#3062=AXIS2_PLACEMENT_3D('',#4334,#3397,#3398);
#3063=AXIS2_PLACEMENT_3D('',#4338,#3400,#3401);
#3064=AXIS2_PLACEMENT_3D('',#4342,#3403,#3404);
#3065=AXIS2_PLACEMENT_3D('',#4346,#3406,#3407);
#3066=AXIS2_PLACEMENT_3D('',#4350,#3409,#3410);
#3067=AXIS2_PLACEMENT_3D('',#4354,#3412,#3413);
#3068=AXIS2_PLACEMENT_3D('',#4362,#3417,#3418);
#3069=AXIS2_PLACEMENT_3D('',#4365,#3420,#3421);
#3070=AXIS2_PLACEMENT_3D('',#4367,#3422,#3423);
#3071=AXIS2_PLACEMENT_3D('',#4368,#3424,#3425);
#3072=AXIS2_PLACEMENT_3D('',#4377,#3430,#3431);
#3073=AXIS2_PLACEMENT_3D('',#4383,#3435,#3436);
#3074=AXIS2_PLACEMENT_3D('',#4389,#3440,#3441);
#3075=AXIS2_PLACEMENT_3D('',#4392,#3444,#3445);
#3076=AXIS2_PLACEMENT_3D('',#4401,#3450,#3451);
#3077=AXIS2_PLACEMENT_3D('',#4407,#3455,#3456);
#3078=AXIS2_PLACEMENT_3D('',#4411,#3459,#3460);
#3079=AXIS2_PLACEMENT_3D('',#4415,#3463,#3464);
#3080=AXIS2_PLACEMENT_3D('',#4417,#3466,#3467);
#3081=AXIS2_PLACEMENT_3D('',#4426,#3472,#3473);
#3082=AXIS2_PLACEMENT_3D('',#4432,#3477,#3478);
#3083=AXIS2_PLACEMENT_3D('',#4438,#3482,#3483);
#3084=AXIS2_PLACEMENT_3D('',#4441,#3486,#3487);
#3085=AXIS2_PLACEMENT_3D('',#4454,#3494,#3495);
#3086=AXIS2_PLACEMENT_3D('',#4456,#3496,#3497);
#3087=AXIS2_PLACEMENT_3D('',#4458,#3498,#3499);
#3088=AXIS2_PLACEMENT_3D('',#4460,#3500,#3501);
#3089=AXIS2_PLACEMENT_3D('',#4462,#3502,#3503);
#3090=AXIS2_PLACEMENT_3D('',#4463,#3504,#3505);
#3091=AXIS2_PLACEMENT_3D('',#4464,#3506,#3507);
#3092=AXIS2_PLACEMENT_3D('',#4466,#3508,#3509);
#3093=AXIS2_PLACEMENT_3D('',#4468,#3511,#3512);
#3094=AXIS2_PLACEMENT_3D('',#4488,#3513,#3514);
#3095=AXIS2_PLACEMENT_3D('',#4521,#3516,#3517);
#3096=AXIS2_PLACEMENT_3D('',#4525,#3519,#3520);
#3097=AXIS2_PLACEMENT_3D('',#4542,#3522,#3523);
#3098=AXIS2_PLACEMENT_3D('',#4546,#3525,#3526);
#3099=AXIS2_PLACEMENT_3D('',#4548,#3528,#3529);
#3100=AXIS2_PLACEMENT_3D('',#4576,#3543,#3544);
#3101=AXIS2_PLACEMENT_3D('',#4580,#3546,#3547);
#3102=AXIS2_PLACEMENT_3D('',#4584,#3549,#3550);
#3103=AXIS2_PLACEMENT_3D('',#4587,#3552,#3553);
#3104=AXIS2_PLACEMENT_3D('',#4588,#3554,#3555);
#3105=AXIS2_PLACEMENT_3D('',#4592,#3558,#3559);
#3106=AXIS2_PLACEMENT_3D('',#4594,#3561,#3562);
#3107=AXIS2_PLACEMENT_3D('',#4622,#3564,#3565);
#3108=AXIS2_PLACEMENT_3D('',#4624,#3566,#3567);
#3109=AXIS2_PLACEMENT_3D('',#4628,#3569,#3570);
#3110=AXIS2_PLACEMENT_3D('',#4632,#3572,#3573);
#3111=AXIS2_PLACEMENT_3D('',#4634,#3575,#3576);
#3112=AXIS2_PLACEMENT_3D('',#4637,#3577,#3578);
#3113=AXIS2_PLACEMENT_3D('',#4641,#3580,#3581);
#3114=AXIS2_PLACEMENT_3D('',#4654,#3583,#3584);
#3115=AXIS2_PLACEMENT_3D('',#4655,#3585,#3586);
#3116=AXIS2_PLACEMENT_3D('',#4656,#3587,#3588);
#3117=AXIS2_PLACEMENT_3D('',#4657,#3589,#3590);
#3118=AXIS2_PLACEMENT_3D('',#4660,#3591,#3592);
#3119=AXIS2_PLACEMENT_3D('',#4674,#3595,#3596);
#3120=AXIS2_PLACEMENT_3D('',#4675,#3597,#3598);
#3121=AXIS2_PLACEMENT_3D('',#4676,#3599,#3600);
#3122=AXIS2_PLACEMENT_3D('',#4677,#3601,#3602);
#3123=AXIS2_PLACEMENT_3D('',#4680,#3603,#3604);
#3124=AXIS2_PLACEMENT_3D('',#4694,#3607,#3608);
#3125=AXIS2_PLACEMENT_3D('',#4695,#3609,#3610);
#3126=AXIS2_PLACEMENT_3D('',#4696,#3611,#3612);
#3127=AXIS2_PLACEMENT_3D('',#4697,#3613,#3614);
#3128=AXIS2_PLACEMENT_3D('',#4700,#3615,#3616);
#3129=AXIS2_PLACEMENT_3D('',#4712,#3619,#3620);
#3130=AXIS2_PLACEMENT_3D('',#4713,#3621,#3622);
#3131=AXIS2_PLACEMENT_3D('',#4714,#3623,#3624);
#3132=AXIS2_PLACEMENT_3D('',#4718,#3626,#3627);
#3133=AXIS2_PLACEMENT_3D('',#4720,#3629,#3630);
#3134=AXIS2_PLACEMENT_3D('',#4724,#3633,#3634);
#3135=AXIS2_PLACEMENT_3D('',#4727,#3636,#3637);
#3136=AXIS2_PLACEMENT_3D('',#4728,#3638,#3639);
#3137=AXIS2_PLACEMENT_3D('',#4733,#3642,#3643);
#3138=AXIS2_PLACEMENT_3D('',#4735,#3644,#3645);
#3139=AXIS2_PLACEMENT_3D('',#4737,#3646,#3647);
#3140=AXIS2_PLACEMENT_3D('',#4739,#3648,#3649);
#3141=AXIS2_PLACEMENT_3D('',#4740,#3650,#3651);
#3142=AXIS2_PLACEMENT_3D('',#4741,#3652,#3653);
#3143=AXIS2_PLACEMENT_3D('',#4743,#3654,#3655);
#3144=AXIS2_PLACEMENT_3D('',#4749,#3659,#3660);
#3145=AXIS2_PLACEMENT_3D('',#4750,#3661,#3662);
#3146=AXIS2_PLACEMENT_3D('',#4752,#3663,#3664);
#3147=AXIS2_PLACEMENT_3D('',#4755,#3666,#3667);
#3148=AXIS2_PLACEMENT_3D('',#4756,#3668,#3669);
#3149=AXIS2_PLACEMENT_3D('',#4757,#3670,#3671);
#3150=AXIS2_PLACEMENT_3D('',#4759,#3672,#3673);
#3151=AXIS2_PLACEMENT_3D('',#4762,#3675,#3676);
#3152=AXIS2_PLACEMENT_3D('',#4763,#3677,#3678);
#3153=AXIS2_PLACEMENT_3D('',#4765,#3679,#3680);
#3154=AXIS2_PLACEMENT_3D('',#4769,#3682,#3683);
#3155=AXIS2_PLACEMENT_3D('',#4772,#3686,#3687);
#3156=AXIS2_PLACEMENT_3D('',#4773,#3688,#3689);
#3157=AXIS2_PLACEMENT_3D('',#4774,#3690,#3691);
#3158=AXIS2_PLACEMENT_3D('',#4776,#3692,#3693);
#3159=AXIS2_PLACEMENT_3D('',#4780,#3695,#3696);
#3160=AXIS2_PLACEMENT_3D('',#4784,#3699,#3700);
#3161=AXIS2_PLACEMENT_3D('',#4785,#3701,#3702);
#3162=AXIS2_PLACEMENT_3D('',#4787,#3703,#3704);
#3163=AXIS2_PLACEMENT_3D('',#4790,#3706,#3707);
#3164=AXIS2_PLACEMENT_3D('',#4791,#3708,#3709);
#3165=AXIS2_PLACEMENT_3D('',#4792,#3710,#3711);
#3166=AXIS2_PLACEMENT_3D('',#4793,#3712,#3713);
#3167=AXIS2_PLACEMENT_3D('',#4795,#3714,#3715);
#3168=AXIS2_PLACEMENT_3D('',#4798,#3717,#3718);
#3169=AXIS2_PLACEMENT_3D('',#4799,#3719,#3720);
#3170=AXIS2_PLACEMENT_3D('',#4801,#3721,#3722);
#3171=AXIS2_PLACEMENT_3D('',#4805,#3724,#3725);
#3172=AXIS2_PLACEMENT_3D('',#4809,#3728,#3729);
#3173=AXIS2_PLACEMENT_3D('',#4810,#3730,#3731);
#3174=AXIS2_PLACEMENT_3D('',#4811,#3732,#3733);
#3175=AXIS2_PLACEMENT_3D('',#4812,#3734,#3735);
#3176=AXIS2_PLACEMENT_3D('',#4814,#3737,#3738);
#3177=AXIS2_PLACEMENT_3D('',#4816,#3740,#3741);
#3178=AXIS2_PLACEMENT_3D('',#4818,#3743,#3744);
#3179=AXIS2_PLACEMENT_3D('',#4820,#3746,#3747);
#3180=AXIS2_PLACEMENT_3D('',#4821,#3748,#3749);
#3181=AXIS2_PLACEMENT_3D('',#4823,#3751,#3752);
#3182=AXIS2_PLACEMENT_3D('',#4825,#3754,#3755);
#3183=AXIS2_PLACEMENT_3D('',#4827,#3757,#3758);
#3184=AXIS2_PLACEMENT_3D('',#4829,#3760,#3761);
#3185=AXIS2_PLACEMENT_3D('',#4835,#3765,#3766);
#3186=AXIS2_PLACEMENT_3D('',#4838,#3768,#3769);
#3187=AXIS2_PLACEMENT_3D('',#4839,#3770,#3771);
#3188=AXIS2_PLACEMENT_3D('',#4843,#3774,#3775);
#3189=AXIS2_PLACEMENT_3D('',#4846,#3777,#3778);
#3190=AXIS2_PLACEMENT_3D('',#4847,#3779,#3780);
#3191=AXIS2_PLACEMENT_3D('',#4851,#3783,#3784);
#3192=AXIS2_PLACEMENT_3D('',#4854,#3786,#3787);
#3193=AXIS2_PLACEMENT_3D('',#4855,#3788,#3789);
#3194=AXIS2_PLACEMENT_3D('',#4859,#3792,#3793);
#3195=AXIS2_PLACEMENT_3D('',#4860,#3794,#3795);
#3196=AXIS2_PLACEMENT_3D('',#4861,#3796,#3797);
#3197=AXIS2_PLACEMENT_3D('',#4864,#3798,#3799);
#3198=AXIS2_PLACEMENT_3D('',#4868,#3801,#3802);
#3199=AXIS2_PLACEMENT_3D('',#4872,#3804,#3805);
#3200=AXIS2_PLACEMENT_3D('',#4876,#3807,#3808);
#3201=AXIS2_PLACEMENT_3D('',#4878,#3810,#3811);
#3202=AXIS2_PLACEMENT_3D('',#4880,#3812,#3813);
#3203=AXIS2_PLACEMENT_3D('',#4881,#3814,#3815);
#3204=AXIS2_PLACEMENT_3D('',#4883,#3816,#3817);
#3205=AXIS2_PLACEMENT_3D('',#4884,#3818,#3819);
#3206=AXIS2_PLACEMENT_3D('',#4886,#3820,#3821);
#3207=AXIS2_PLACEMENT_3D('',#4887,#3822,#3823);
#3208=AXIS2_PLACEMENT_3D('',#4889,#3824,#3825);
#3209=AXIS2_PLACEMENT_3D('',#4890,#3826,#3827);
#3210=AXIS2_PLACEMENT_3D('',#4892,#3828,#3829);
#3211=AXIS2_PLACEMENT_3D('',#4893,#3830,#3831);
#3212=AXIS2_PLACEMENT_3D('',#4895,#3832,#3833);
#3213=AXIS2_PLACEMENT_3D('',#4896,#3834,#3835);
#3214=AXIS2_PLACEMENT_3D('',#4898,#3836,#3837);
#3215=AXIS2_PLACEMENT_3D('',#4899,#3838,#3839);
#3216=AXIS2_PLACEMENT_3D('',#4901,#3840,#3841);
#3217=AXIS2_PLACEMENT_3D('',#4902,#3842,#3843);
#3218=AXIS2_PLACEMENT_3D('',#4905,#3844,#3845);
#3219=AXIS2_PLACEMENT_3D('',#4908,#3848,#3849);
#3220=AXIS2_PLACEMENT_3D('',#4912,#3852,#3853);
#3221=AXIS2_PLACEMENT_3D('',#4914,#3854,#3855);
#3222=AXIS2_PLACEMENT_3D('',#4916,#3857,#3858);
#3223=AXIS2_PLACEMENT_3D('',#4920,#3861,#3862);
#3224=AXIS2_PLACEMENT_3D('',#4922,#3863,#3864);
#3225=AXIS2_PLACEMENT_3D('',#4924,#3866,#3867);
#3226=AXIS2_PLACEMENT_3D('',#4928,#3870,#3871);
#3227=AXIS2_PLACEMENT_3D('',#4930,#3872,#3873);
#3228=AXIS2_PLACEMENT_3D('',#4932,#3875,#3876);
#3229=AXIS2_PLACEMENT_3D('',#4934,#3878,#3879);
#3230=AXIS2_PLACEMENT_3D('',#4936,#3880,#3881);
#3231=AXIS2_PLACEMENT_3D('',#4938,#3883,#3884);
#3232=AXIS2_PLACEMENT_3D('',#4940,#3885,#3886);
#3233=AXIS2_PLACEMENT_3D('',#4942,#3888,#3889);
#3234=AXIS2_PLACEMENT_3D('',#4943,#3890,#3891);
#3235=AXIS2_PLACEMENT_3D('',#4944,#3892,#3893);
#3236=AXIS2_PLACEMENT_3D('',#4946,#3894,#3895);
#3237=AXIS2_PLACEMENT_3D('',#4948,#3897,#3898);
#3238=AXIS2_PLACEMENT_3D('',#4950,#3899,#3900);
#3239=AXIS2_PLACEMENT_3D('',#4952,#3902,#3903);
#3240=AXIS2_PLACEMENT_3D('',#4953,#3904,#3905);
#3241=AXIS2_PLACEMENT_3D('',#4955,#3906,#3907);
#3242=AXIS2_PLACEMENT_3D('',#4957,#3909,#3910);
#3243=AXIS2_PLACEMENT_3D('',#4959,#3911,#3912);
#3244=AXIS2_PLACEMENT_3D('',#4961,#3914,#3915);
#3245=AXIS2_PLACEMENT_3D('',#4962,#3916,#3917);
#3246=AXIS2_PLACEMENT_3D('',#4964,#3918,#3919);
#3247=AXIS2_PLACEMENT_3D('',#4966,#3921,#3922);
#3248=AXIS2_PLACEMENT_3D('',#4968,#3923,#3924);
#3249=AXIS2_PLACEMENT_3D('',#4970,#3926,#3927);
#3250=AXIS2_PLACEMENT_3D('',#4971,#3928,#3929);
#3251=AXIS2_PLACEMENT_3D('',#4974,#3931,#3932);
#3252=AXIS2_PLACEMENT_3D('',#4976,#3933,#3934);
#3253=AXIS2_PLACEMENT_3D('',#4978,#3935,#3936);
#3254=AXIS2_PLACEMENT_3D('',#4982,#3938,#3939);
#3255=AXIS2_PLACEMENT_3D('',#4986,#3941,#3942);
#3256=AXIS2_PLACEMENT_3D('',#4988,#3944,#3945);
#3257=AXIS2_PLACEMENT_3D('',#4992,#3947,#3948);
#3258=AXIS2_PLACEMENT_3D('',#4994,#3950,#3951);
#3259=AXIS2_PLACEMENT_3D('',#4998,#3954,#3955);
#3260=AXIS2_PLACEMENT_3D('',#5000,#3956,#3957);
#3261=AXIS2_PLACEMENT_3D('',#5003,#3959,#3960);
#3262=AXIS2_PLACEMENT_3D('',#5004,#3961,#3962);
#3263=AXIS2_PLACEMENT_3D('',#5008,#3965,#3966);
#3264=AXIS2_PLACEMENT_3D('',#5010,#3968,#3969);
#3265=AXIS2_PLACEMENT_3D('',#5014,#3972,#3973);
#3266=AXIS2_PLACEMENT_3D('',#5015,#3974,#3975);
#3267=AXIS2_PLACEMENT_3D('',#5021,#3979,#3980);
#3268=AXIS2_PLACEMENT_3D('',#5025,#3983,#3984);
#3269=AXIS2_PLACEMENT_3D('',#5027,#3985,#3986);
#3270=AXIS2_PLACEMENT_3D('',#5030,#3988,#3989);
#3271=AXIS2_PLACEMENT_3D('',#5031,#3990,#3991);
#3272=AXIS2_PLACEMENT_3D('',#5034,#3993,#3994);
#3273=AXIS2_PLACEMENT_3D('',#5035,#3995,#3996);
#3274=AXIS2_PLACEMENT_3D('',#5037,#3998,#3999);
#3275=AXIS2_PLACEMENT_3D('',#5038,#4000,#4001);
#3276=AXIS2_PLACEMENT_3D('',#5039,#4002,#4003);
#3277=AXIS2_PLACEMENT_3D('',#5046,#4008,#4009);
#3278=AXIS2_PLACEMENT_3D('',#5047,#4010,#4011);
#3279=AXIS2_PLACEMENT_3D('',#5052,#4015,#4016);
#3280=AXIS2_PLACEMENT_3D('',#5056,#4019,#4020);
#3281=AXIS2_PLACEMENT_3D('',#5058,#4022,#4023);
#3282=AXIS2_PLACEMENT_3D('',#5059,#4024,#4025);
#3283=AXIS2_PLACEMENT_3D('',#5060,#4026,#4027);
#3284=AXIS2_PLACEMENT_3D('',#5062,#4028,#4029);
#3285=AXIS2_PLACEMENT_3D('',#5065,#4031,#4032);
#3286=AXIS2_PLACEMENT_3D('',#5066,#4033,#4034);
#3287=AXIS2_PLACEMENT_3D('',#5076,#4040,#4041);
#3288=AXIS2_PLACEMENT_3D('',#5080,#4044,#4045);
#3289=AXIS2_PLACEMENT_3D('',#5084,#4048,#4049);
#3290=AXIS2_PLACEMENT_3D('',#5090,#4053,#4054);
#3291=AXIS2_PLACEMENT_3D('',#5092,#4056,#4057);
#3292=AXIS2_PLACEMENT_3D('',#5094,#4059,#4060);
#3293=AXIS2_PLACEMENT_3D('',#5096,#4061,#4062);
#3294=AXIS2_PLACEMENT_3D('',#5097,#4063,#4064);
#3295=AXIS2_PLACEMENT_3D('',#5099,#4065,#4066);
#3296=AXIS2_PLACEMENT_3D('',#5102,#4068,#4069);
#3297=AXIS2_PLACEMENT_3D('',#5103,#4070,#4071);
#3298=AXIS2_PLACEMENT_3D('',#5111,#4076,#4077);
#3299=AXIS2_PLACEMENT_3D('',#5117,#4081,#4082);
#3300=AXIS2_PLACEMENT_3D('',#5121,#4085,#4086);
#3301=AXIS2_PLACEMENT_3D('',#5123,#4088,#4089);
#3302=AXIS2_PLACEMENT_3D('',#5125,#4091,#4092);
#3303=AXIS2_PLACEMENT_3D('',#5127,#4093,#4094);
#3304=AXIS2_PLACEMENT_3D('',#5128,#4095,#4096);
#3305=AXIS2_PLACEMENT_3D('',#5131,#4098,#4099);
#3306=AXIS2_PLACEMENT_3D('',#5132,#4100,#4101);
#3307=AXIS2_PLACEMENT_3D('',#5134,#4102,#4103);
#3308=AXIS2_PLACEMENT_3D('',#5137,#4105,#4106);
#3309=AXIS2_PLACEMENT_3D('',#5138,#4107,#4108);
#3310=AXIS2_PLACEMENT_3D('',#5148,#4114,#4115);
#3311=AXIS2_PLACEMENT_3D('',#5152,#4118,#4119);
#3312=AXIS2_PLACEMENT_3D('',#5156,#4122,#4123);
#3313=AXIS2_PLACEMENT_3D('',#5162,#4127,#4128);
#3314=AXIS2_PLACEMENT_3D('',#5164,#4130,#4131);
#3315=AXIS2_PLACEMENT_3D('',#5166,#4133,#4134);
#3316=AXIS2_PLACEMENT_3D('',#5168,#4135,#4136);
#3317=AXIS2_PLACEMENT_3D('',#5169,#4137,#4138);
#3318=AXIS2_PLACEMENT_3D('',#5171,#4139,#4140);
#3319=AXIS2_PLACEMENT_3D('',#5174,#4142,#4143);
#3320=AXIS2_PLACEMENT_3D('',#5175,#4144,#4145);
#3321=AXIS2_PLACEMENT_3D('',#5183,#4150,#4151);
#3322=AXIS2_PLACEMENT_3D('',#5189,#4155,#4156);
#3323=AXIS2_PLACEMENT_3D('',#5193,#4159,#4160);
#3324=AXIS2_PLACEMENT_3D('',#5195,#4162,#4163);
#3325=AXIS2_PLACEMENT_3D('',#5197,#4165,#4166);
#3326=AXIS2_PLACEMENT_3D('',#5199,#4167,#4168);
#3327=AXIS2_PLACEMENT_3D('',#5200,#4169,#4170);
#3328=AXIS2_PLACEMENT_3D('',#5202,#4171,#4172);
#3329=AXIS2_PLACEMENT_3D('',#5204,#4174,#4175);
#3330=AXIS2_PLACEMENT_3D('',#5206,#4177,#4178);
#3331=AXIS2_PLACEMENT_3D('',#5208,#4180,#4181);
#3332=AXIS2_PLACEMENT_3D('',#5210,#4183,#4184);
#3333=AXIS2_PLACEMENT_3D('',#5212,#4186,#4187);
#3334=AXIS2_PLACEMENT_3D('',#5214,#4188,#4189);
#3335=AXIS2_PLACEMENT_3D('',#5216,#4191,#4192);
#3336=AXIS2_PLACEMENT_3D('',#5218,#4193,#4194);
#3337=AXIS2_PLACEMENT_3D('',#5220,#4195,#4196);
#3338=AXIS2_PLACEMENT_3D('',#5222,#4198,#4199);
#3339=AXIS2_PLACEMENT_3D('',#5224,#4201,#4202);
#3340=AXIS2_PLACEMENT_3D('',#5226,#4203,#4204);
#3341=AXIS2_PLACEMENT_3D('',#5228,#4206,#4207);
#3342=AXIS2_PLACEMENT_3D('',#5230,#4208,#4209);
#3343=AXIS2_PLACEMENT_3D('',#5233,#4211,#4212);
#3344=AXIS2_PLACEMENT_3D('',#5234,#4213,#4214);
#3345=AXIS2_PLACEMENT_3D('',#5236,#4216,#4217);
#3346=AXIS2_PLACEMENT_3D('',#5238,#4218,#4219);
#3347=AXIS2_PLACEMENT_3D('',#5242,#4221,#4222);
#3348=AXIS2_PLACEMENT_3D('',#5246,#4226,#4227);
#3349=AXIS2_PLACEMENT_3D('',#5247,#4228,#4229);
#3350=AXIS2_PLACEMENT_3D('',#5248,#4230,#4231);
#3351=AXIS2_PLACEMENT_3D('',#5250,#4233,#4234);
#3352=AXIS2_PLACEMENT_3D('',#5252,#4236,#4237);
#3353=AXIS2_PLACEMENT_3D('',#5254,#4239,#4240);
#3354=DIRECTION('axis',(0.,0.,1.));
#3355=DIRECTION('refdir',(1.,0.,0.));
#3356=DIRECTION('center_axis',(-1.,0.,0.));
#3357=DIRECTION('ref_axis',(0.,0.707106781186547,-0.707106781186547));
#3358=DIRECTION('',(1.,0.,0.));
#3359=DIRECTION('',(-1.,0.,0.));
#3360=DIRECTION('center_axis',(0.,0.,-1.));
#3361=DIRECTION('ref_axis',(-1.,0.,0.));
#3362=DIRECTION('center_axis',(0.,0.,-1.));
#3363=DIRECTION('ref_axis',(-1.,0.,0.));
#3364=DIRECTION('',(0.,0.,-1.));
#3365=DIRECTION('center_axis',(0.,0.,-1.));
#3366=DIRECTION('ref_axis',(-1.,0.,0.));
#3367=DIRECTION('',(0.,0.,1.));
#3368=DIRECTION('center_axis',(0.,0.,-1.));
#3369=DIRECTION('ref_axis',(-0.600000000000003,0.799999999999998,0.));
#3370=DIRECTION('',(0.,0.,-1.));
#3371=DIRECTION('center_axis',(0.,0.,-1.));
#3372=DIRECTION('ref_axis',(-1.,0.,0.));
#3373=DIRECTION('',(0.,0.,1.));
#3374=DIRECTION('center_axis',(0.,0.,1.));
#3375=DIRECTION('ref_axis',(1.,0.,0.));
#3376=DIRECTION('center_axis',(0.,0.,-1.));
#3377=DIRECTION('ref_axis',(-1.,0.,0.));
#3378=DIRECTION('',(0.,1.,0.));
#3379=DIRECTION('center_axis',(0.,0.,-1.));
#3380=DIRECTION('ref_axis',(-1.,0.,0.));
#3381=DIRECTION('',(0.,1.,0.));
#3382=DIRECTION('',(-1.,0.,0.));
#3383=DIRECTION('center_axis',(0.,0.,-1.));
#3384=DIRECTION('ref_axis',(-1.,0.,0.));
#3385=DIRECTION('',(1.,0.,0.));
#3386=DIRECTION('',(0.,1.,0.));
#3387=DIRECTION('',(1.,0.,0.));
#3388=DIRECTION('',(0.,-1.,0.));
#3389=DIRECTION('',(-1.,0.,0.));
#3390=DIRECTION('center_axis',(0.,0.,-1.));
#3391=DIRECTION('ref_axis',(-1.,0.,0.));
#3392=DIRECTION('center_axis',(0.,0.,-1.));
#3393=DIRECTION('ref_axis',(-1.,0.,0.));
#3394=DIRECTION('',(-1.,0.,0.));
#3395=DIRECTION('center_axis',(0.,0.,-1.));
#3396=DIRECTION('ref_axis',(-1.,0.,0.));
#3397=DIRECTION('center_axis',(0.,0.,-1.));
#3398=DIRECTION('ref_axis',(-1.,0.,0.));
#3399=DIRECTION('',(-1.,0.,0.));
#3400=DIRECTION('center_axis',(0.,0.,-1.));
#3401=DIRECTION('ref_axis',(-1.,0.,0.));
#3402=DIRECTION('',(0.,-1.,0.));
#3403=DIRECTION('center_axis',(0.,0.,-1.));
#3404=DIRECTION('ref_axis',(-1.,0.,0.));
#3405=DIRECTION('',(-9.65411325761005E-17,-1.,0.));
#3406=DIRECTION('center_axis',(0.,0.,-1.));
#3407=DIRECTION('ref_axis',(-1.,0.,0.));
#3408=DIRECTION('',(-1.,3.62089713495777E-13,0.));
#3409=DIRECTION('center_axis',(0.,0.,-1.));
#3410=DIRECTION('ref_axis',(-1.,0.,0.));
#3411=DIRECTION('',(9.65411325761005E-17,1.,0.));
#3412=DIRECTION('center_axis',(0.,0.,-1.));
#3413=DIRECTION('ref_axis',(-1.,0.,0.));
#3414=DIRECTION('',(1.,1.93082265152201E-16,0.));
#3415=DIRECTION('',(-6.18398185991964E-7,0.999999999999809,0.));
#3416=DIRECTION('',(0.999999999999809,6.18398185991964E-7,0.));
#3417=DIRECTION('center_axis',(0.,0.,-1.));
#3418=DIRECTION('ref_axis',(-1.,0.,0.));
#3419=DIRECTION('',(-0.999999999999809,-6.18398185991964E-7,0.));
#3420=DIRECTION('center_axis',(0.,0.,-1.));
#3421=DIRECTION('ref_axis',(-1.,0.,0.));
#3422=DIRECTION('center_axis',(0.,0.,-1.));
#3423=DIRECTION('ref_axis',(-1.,0.,0.));
#3424=DIRECTION('center_axis',(0.,0.242535625036334,-0.970142500145332));
#3425=DIRECTION('ref_axis',(-1.,0.,0.));
#3426=DIRECTION('',(-1.,0.,0.));
#3427=DIRECTION('',(-0.235702260395513,0.942809041582064,0.235702260395517));
#3428=DIRECTION('',(-1.,0.,0.));
#3429=DIRECTION('',(0.235702260395513,0.942809041582064,0.235702260395517));
#3430=DIRECTION('center_axis',(0.970142500145333,0.24253562503633,0.));
#3431=DIRECTION('ref_axis',(0.,0.,-1.));
#3432=DIRECTION('',(0.,0.,-1.));
#3433=DIRECTION('',(0.,0.,-1.));
#3434=DIRECTION('',(-0.235702260395513,0.942809041582064,-0.235702260395517));
#3435=DIRECTION('center_axis',(0.,0.242535625036333,0.970142500145332));
#3436=DIRECTION('ref_axis',(1.,0.,0.));
#3437=DIRECTION('',(1.,0.,0.));
#3438=DIRECTION('',(1.,0.,0.));
#3439=DIRECTION('',(0.235702260395513,0.942809041582064,-0.235702260395517));
#3440=DIRECTION('center_axis',(-0.970142500145333,0.24253562503633,0.));
#3441=DIRECTION('ref_axis',(0.,0.,1.));
#3442=DIRECTION('',(0.,0.,1.));
#3443=DIRECTION('',(0.,0.,1.));
#3444=DIRECTION('center_axis',(0.,-1.,0.));
#3445=DIRECTION('ref_axis',(0.,0.,-1.));
#3446=DIRECTION('',(-1.,0.,0.));
#3447=DIRECTION('',(0.,0.,-1.));
#3448=DIRECTION('',(1.,0.,0.));
#3449=DIRECTION('',(0.,0.,1.));
#3450=DIRECTION('center_axis',(0.,0.,-1.));
#3451=DIRECTION('ref_axis',(1.,0.,0.));
#3452=DIRECTION('',(-1.,0.,0.));
#3453=DIRECTION('',(0.,-1.,0.));
#3454=DIRECTION('',(0.,-1.,0.));
#3455=DIRECTION('center_axis',(-1.,0.,0.));
#3456=DIRECTION('ref_axis',(0.,0.,-1.));
#3457=DIRECTION('',(0.,0.,1.));
#3458=DIRECTION('',(0.,-1.,0.));
#3459=DIRECTION('center_axis',(0.,0.,1.));
#3460=DIRECTION('ref_axis',(-1.,0.,0.));
#3461=DIRECTION('',(1.,0.,0.));
#3462=DIRECTION('',(0.,-1.,0.));
#3463=DIRECTION('center_axis',(1.,0.,0.));
#3464=DIRECTION('ref_axis',(0.,0.,1.));
#3465=DIRECTION('',(0.,0.,-1.));
#3466=DIRECTION('center_axis',(0.,-0.707106781186546,0.707106781186549));
#3467=DIRECTION('ref_axis',(1.,0.,0.));
#3468=DIRECTION('',(-1.,0.,0.));
#3469=DIRECTION('',(0.577350269189628,-0.577350269189626,-0.577350269189624));
#3470=DIRECTION('',(-1.,0.,0.));
#3471=DIRECTION('',(0.577350269189628,0.577350269189626,0.577350269189624));
#3472=DIRECTION('center_axis',(-0.707106781186547,-0.707106781186549,0.));
#3473=DIRECTION('ref_axis',(0.,0.,1.));
#3474=DIRECTION('',(0.,0.,-1.));
#3475=DIRECTION('',(0.,0.,-1.));
#3476=DIRECTION('',(-0.577350269189627,0.577350269189626,-0.577350269189624));
#3477=DIRECTION('center_axis',(0.707106781186547,-0.707106781186549,0.));
#3478=DIRECTION('ref_axis',(0.,0.,-1.));
#3479=DIRECTION('',(0.,0.,1.));
#3480=DIRECTION('',(0.,0.,1.));
#3481=DIRECTION('',(0.577350269189627,0.577350269189626,-0.577350269189624));
#3482=DIRECTION('center_axis',(0.,-0.707106781186547,-0.707106781186548));
#3483=DIRECTION('ref_axis',(-1.,0.,0.));
#3484=DIRECTION('',(1.,0.,0.));
#3485=DIRECTION('',(1.,0.,0.));
#3486=DIRECTION('center_axis',(0.,-1.,0.));
#3487=DIRECTION('ref_axis',(1.,0.,0.));
#3488=DIRECTION('',(1.,0.,0.));
#3489=DIRECTION('',(0.,0.,-1.));
#3490=DIRECTION('',(1.,0.,0.));
#3491=DIRECTION('',(0.,0.,-1.));
#3492=DIRECTION('',(1.,0.,0.));
#3493=DIRECTION('',(0.,0.,-1.));
#3494=DIRECTION('center_axis',(0.,1.,0.));
#3495=DIRECTION('ref_axis',(-1.,0.,0.));
#3496=DIRECTION('center_axis',(0.,1.,0.));
#3497=DIRECTION('ref_axis',(-1.,0.,0.));
#3498=DIRECTION('center_axis',(0.,1.,0.));
#3499=DIRECTION('ref_axis',(-1.,0.,0.));
#3500=DIRECTION('center_axis',(0.,1.,0.));
#3501=DIRECTION('ref_axis',(-1.,0.,0.));
#3502=DIRECTION('center_axis',(0.,1.,0.));
#3503=DIRECTION('ref_axis',(-1.,0.,0.));
#3504=DIRECTION('center_axis',(0.,-1.,0.));
#3505=DIRECTION('ref_axis',(0.,0.,-1.));
#3506=DIRECTION('center_axis',(0.,-1.,0.));
#3507=DIRECTION('ref_axis',(-1.,0.,0.));
#3508=DIRECTION('center_axis',(0.,-1.,0.));
#3509=DIRECTION('ref_axis',(-1.,0.,0.));
#3510=DIRECTION('',(0.,-1.,0.));
#3511=DIRECTION('center_axis',(1.,0.,0.));
#3512=DIRECTION('ref_axis',(0.,-0.707106781186547,-0.707106781186547));
#3513=DIRECTION('center_axis',(1.,0.,0.));
#3514=DIRECTION('ref_axis',(0.,-0.707106781186547,-0.707106781186547));
#3515=DIRECTION('',(1.,0.,0.));
#3516=DIRECTION('center_axis',(0.,0.,-1.));
#3517=DIRECTION('ref_axis',(-1.,0.,0.));
#3518=DIRECTION('',(0.,0.,-1.));
#3519=DIRECTION('center_axis',(0.,0.,-1.));
#3520=DIRECTION('ref_axis',(-1.,0.,0.));
#3521=DIRECTION('',(0.,0.,1.));
#3522=DIRECTION('center_axis',(0.,0.,-1.));
#3523=DIRECTION('ref_axis',(0.799999999999997,0.600000000000003,0.));
#3524=DIRECTION('',(0.,0.,-1.));
#3525=DIRECTION('center_axis',(0.,0.,-1.));
#3526=DIRECTION('ref_axis',(-1.,0.,0.));
#3527=DIRECTION('',(0.,0.,1.));
#3528=DIRECTION('center_axis',(0.,1.,0.));
#3529=DIRECTION('ref_axis',(-1.,0.,0.));
#3530=DIRECTION('',(0.,0.,1.));
#3531=DIRECTION('',(-1.,0.,0.));
#3532=DIRECTION('',(0.,0.,-1.));
#3533=DIRECTION('',(1.,0.,0.));
#3534=DIRECTION('',(0.,0.,1.));
#3535=DIRECTION('',(-1.,0.,0.));
#3536=DIRECTION('',(0.,0.,1.));
#3537=DIRECTION('',(-1.,0.,0.));
#3538=DIRECTION('',(0.,0.,-1.));
#3539=DIRECTION('',(-1.,0.,0.));
#3540=DIRECTION('',(0.,0.,-1.));
#3541=DIRECTION('',(-1.,0.,0.));
#3542=DIRECTION('',(1.,0.,-4.93432455388958E-16));
#3543=DIRECTION('center_axis',(0.,1.,0.));
#3544=DIRECTION('ref_axis',(0.,0.,1.));
#3545=DIRECTION('',(0.,0.,1.));
#3546=DIRECTION('center_axis',(0.,1.,0.));
#3547=DIRECTION('ref_axis',(-1.,0.,0.));
#3548=DIRECTION('',(-1.,0.,0.));
#3549=DIRECTION('center_axis',(0.,1.,0.));
#3550=DIRECTION('ref_axis',(0.,0.,-1.));
#3551=DIRECTION('',(0.,0.,-1.));
#3552=DIRECTION('center_axis',(0.,1.,0.));
#3553=DIRECTION('ref_axis',(1.,0.,0.));
#3554=DIRECTION('center_axis',(1.,0.,0.));
#3555=DIRECTION('ref_axis',(0.,1.,0.));
#3556=DIRECTION('',(0.,0.,1.));
#3557=DIRECTION('',(0.,1.,0.));
#3558=DIRECTION('center_axis',(0.,1.,0.));
#3559=DIRECTION('ref_axis',(0.707106781186547,0.,-0.707106781186547));
#3560=DIRECTION('',(0.,1.,0.));
#3561=DIRECTION('center_axis',(0.,-1.,0.));
#3562=DIRECTION('ref_axis',(-0.707106781186547,0.,-0.707106781186547));
#3563=DIRECTION('',(0.,-1.,0.));
#3564=DIRECTION('center_axis',(0.,0.,-1.));
#3565=DIRECTION('ref_axis',(0.707106781186548,-0.707106781186547,0.));
#3566=DIRECTION('center_axis',(0.,0.,-1.));
#3567=DIRECTION('ref_axis',(-1.,0.,0.));
#3568=DIRECTION('',(0.,0.,1.));
#3569=DIRECTION('center_axis',(0.,0.,-1.));
#3570=DIRECTION('ref_axis',(-0.800000000000001,-0.599999999999999,0.));
#3571=DIRECTION('',(0.,0.,-1.));
#3572=DIRECTION('center_axis',(0.,0.,-1.));
#3573=DIRECTION('ref_axis',(-1.,0.,0.));
#3574=DIRECTION('',(0.,0.,1.));
#3575=DIRECTION('center_axis',(-1.,0.,0.));
#3576=DIRECTION('ref_axis',(0.,0.707106781186547,-0.707106781186547));
#3577=DIRECTION('center_axis',(-1.,0.,0.));
#3578=DIRECTION('ref_axis',(0.,1.,0.));
#3579=DIRECTION('',(-1.,0.,0.));
#3580=DIRECTION('center_axis',(1.,3.5527136788005E-15,0.));
#3581=DIRECTION('ref_axis',(0.,0.,-1.));
#3582=DIRECTION('',(1.,0.,0.));
#3583=DIRECTION('center_axis',(-3.5527136788005E-15,1.,0.));
#3584=DIRECTION('ref_axis',(0.,0.,-1.));
#3585=DIRECTION('center_axis',(0.,0.,-1.));
#3586=DIRECTION('ref_axis',(-0.707106781186548,0.707106781186548,0.));
#3587=DIRECTION('center_axis',(0.,0.,1.));
#3588=DIRECTION('ref_axis',(-0.707106781186548,0.707106781186548,0.));
#3589=DIRECTION('center_axis',(0.,-1.,0.));
#3590=DIRECTION('ref_axis',(-0.707106781186547,0.,-0.707106781186547));
#3591=DIRECTION('center_axis',(0.,1.,0.));
#3592=DIRECTION('ref_axis',(0.,0.,-1.));
#3593=DIRECTION('',(0.,1.,0.));
#3594=DIRECTION('',(0.,-1.,0.));
#3595=DIRECTION('center_axis',(-1.,0.,0.));
#3596=DIRECTION('ref_axis',(0.,0.,-1.));
#3597=DIRECTION('center_axis',(0.,0.,-1.));
#3598=DIRECTION('ref_axis',(-0.707106781186548,-0.707106781186548,0.));
#3599=DIRECTION('center_axis',(0.,0.,1.));
#3600=DIRECTION('ref_axis',(-0.707106781186548,-0.707106781186548,0.));
#3601=DIRECTION('center_axis',(1.,0.,0.));
#3602=DIRECTION('ref_axis',(0.,-0.707106781186547,-0.707106781186547));
#3603=DIRECTION('center_axis',(-1.,-3.5527136788005E-15,0.));
#3604=DIRECTION('ref_axis',(0.,0.,-1.));
#3605=DIRECTION('',(-1.,0.,0.));
#3606=DIRECTION('',(1.,0.,0.));
#3607=DIRECTION('center_axis',(3.5527136788005E-15,-1.,0.));
#3608=DIRECTION('ref_axis',(0.,0.,-1.));
#3609=DIRECTION('center_axis',(0.,0.,-1.));
#3610=DIRECTION('ref_axis',(0.707106781186548,-0.707106781186548,0.));
#3611=DIRECTION('center_axis',(0.,0.,1.));
#3612=DIRECTION('ref_axis',(0.707106781186548,-0.707106781186548,0.));
#3613=DIRECTION('center_axis',(0.,1.,0.));
#3614=DIRECTION('ref_axis',(0.707106781186547,0.,-0.707106781186547));
#3615=DIRECTION('center_axis',(0.,-1.,0.));
#3616=DIRECTION('ref_axis',(0.,0.,-1.));
#3617=DIRECTION('',(0.,-1.,0.));
#3618=DIRECTION('',(0.,1.,0.));
#3619=DIRECTION('center_axis',(0.,0.,-1.));
#3620=DIRECTION('ref_axis',(0.707106781186548,0.707106781186548,0.));
#3621=DIRECTION('center_axis',(0.,0.,1.));
#3622=DIRECTION('ref_axis',(0.707106781186548,0.707106781186548,0.));
#3623=DIRECTION('center_axis',(0.,0.,1.));
#3624=DIRECTION('ref_axis',(-1.77635683940025E-15,-1.,0.));
#3625=DIRECTION('',(0.,0.,1.));
#3626=DIRECTION('center_axis',(0.,0.,1.));
#3627=DIRECTION('ref_axis',(-1.77635683940025E-15,-1.,0.));
#3628=DIRECTION('',(0.,0.,1.));
#3629=DIRECTION('center_axis',(1.,0.,0.));
#3630=DIRECTION('ref_axis',(0.,1.,0.));
#3631=DIRECTION('',(0.,0.,1.));
#3632=DIRECTION('',(0.,1.,0.));
#3633=DIRECTION('center_axis',(0.,0.,1.));
#3634=DIRECTION('ref_axis',(1.,-1.77635683940025E-15,0.));
#3635=DIRECTION('',(0.,0.,1.));
#3636=DIRECTION('center_axis',(0.,0.,1.));
#3637=DIRECTION('ref_axis',(1.,-1.77635683940025E-15,0.));
#3638=DIRECTION('center_axis',(0.,1.,0.));
#3639=DIRECTION('ref_axis',(-1.,0.,0.));
#3640=DIRECTION('',(0.,0.,1.));
#3641=DIRECTION('',(-1.,0.,0.));
#3642=DIRECTION('center_axis',(0.,-1.,0.));
#3643=DIRECTION('ref_axis',(-1.,0.,0.));
#3644=DIRECTION('center_axis',(0.,-1.,0.));
#3645=DIRECTION('ref_axis',(-1.,0.,0.));
#3646=DIRECTION('center_axis',(0.,-1.,0.));
#3647=DIRECTION('ref_axis',(-1.,0.,0.));
#3648=DIRECTION('center_axis',(0.,-1.,0.));
#3649=DIRECTION('ref_axis',(-1.,0.,0.));
#3650=DIRECTION('center_axis',(0.,0.,1.));
#3651=DIRECTION('ref_axis',(1.,0.,0.));
#3652=DIRECTION('center_axis',(0.,0.,1.));
#3653=DIRECTION('ref_axis',(-1.,0.,0.));
#3654=DIRECTION('center_axis',(0.,0.,1.));
#3655=DIRECTION('ref_axis',(-1.,0.,0.));
#3656=DIRECTION('',(0.,0.,-1.));
#3657=DIRECTION('',(0.,0.,1.));
#3658=DIRECTION('',(0.,0.,1.));
#3659=DIRECTION('center_axis',(0.,0.,-1.));
#3660=DIRECTION('ref_axis',(-1.,0.,0.));
#3661=DIRECTION('center_axis',(0.,0.,1.));
#3662=DIRECTION('ref_axis',(-1.,0.,0.));
#3663=DIRECTION('center_axis',(0.,0.,-1.));
#3664=DIRECTION('ref_axis',(-1.,0.,0.));
#3665=DIRECTION('',(0.,0.,-1.));
#3666=DIRECTION('center_axis',(0.,0.,1.));
#3667=DIRECTION('ref_axis',(-1.,0.,0.));
#3668=DIRECTION('center_axis',(0.,0.,1.));
#3669=DIRECTION('ref_axis',(-1.,0.,0.));
#3670=DIRECTION('center_axis',(0.,0.,1.));
#3671=DIRECTION('ref_axis',(-1.,0.,0.));
#3672=DIRECTION('center_axis',(0.,0.,-1.));
#3673=DIRECTION('ref_axis',(-1.,0.,0.));
#3674=DIRECTION('',(0.,0.,-1.));
#3675=DIRECTION('center_axis',(0.,0.,1.));
#3676=DIRECTION('ref_axis',(-1.,0.,0.));
#3677=DIRECTION('center_axis',(0.,0.,1.));
#3678=DIRECTION('ref_axis',(-1.,0.,0.));
#3679=DIRECTION('center_axis',(0.,0.,1.));
#3680=DIRECTION('ref_axis',(-1.,0.,0.));
#3681=DIRECTION('',(0.,0.,-1.));
#3682=DIRECTION('center_axis',(0.,0.,-1.));
#3683=DIRECTION('ref_axis',(-1.,0.,0.));
#3684=DIRECTION('',(0.,0.,1.));
#3685=DIRECTION('',(0.,0.,1.));
#3686=DIRECTION('center_axis',(0.,0.,1.));
#3687=DIRECTION('ref_axis',(-1.,0.,0.));
#3688=DIRECTION('center_axis',(0.,0.,1.));
#3689=DIRECTION('ref_axis',(1.,0.,0.));
#3690=DIRECTION('center_axis',(0.,0.,1.));
#3691=DIRECTION('ref_axis',(-1.,0.,0.));
#3692=DIRECTION('center_axis',(0.,0.,1.));
#3693=DIRECTION('ref_axis',(-1.,0.,0.));
#3694=DIRECTION('',(0.,0.,-1.));
#3695=DIRECTION('center_axis',(0.,0.,-1.));
#3696=DIRECTION('ref_axis',(-1.,0.,0.));
#3697=DIRECTION('',(0.,0.,1.));
#3698=DIRECTION('',(0.,0.,1.));
#3699=DIRECTION('center_axis',(0.,0.,-1.));
#3700=DIRECTION('ref_axis',(-1.,0.,0.));
#3701=DIRECTION('center_axis',(0.,0.,1.));
#3702=DIRECTION('ref_axis',(-1.,0.,0.));
#3703=DIRECTION('center_axis',(0.,0.,-1.));
#3704=DIRECTION('ref_axis',(-1.,0.,0.));
#3705=DIRECTION('',(0.,0.,-1.));
#3706=DIRECTION('center_axis',(0.,0.,1.));
#3707=DIRECTION('ref_axis',(-1.,0.,0.));
#3708=DIRECTION('center_axis',(0.,0.,1.));
#3709=DIRECTION('ref_axis',(-1.,0.,0.));
#3710=DIRECTION('center_axis',(0.,0.,1.));
#3711=DIRECTION('ref_axis',(1.,0.,0.));
#3712=DIRECTION('center_axis',(0.,0.,1.));
#3713=DIRECTION('ref_axis',(-1.,0.,0.));
#3714=DIRECTION('center_axis',(0.,0.,-1.));
#3715=DIRECTION('ref_axis',(-1.,0.,0.));
#3716=DIRECTION('',(0.,0.,-1.));
#3717=DIRECTION('center_axis',(0.,0.,1.));
#3718=DIRECTION('ref_axis',(-1.,0.,0.));
#3719=DIRECTION('center_axis',(0.,0.,1.));
#3720=DIRECTION('ref_axis',(-1.,0.,0.));
#3721=DIRECTION('center_axis',(0.,0.,1.));
#3722=DIRECTION('ref_axis',(-1.,0.,0.));
#3723=DIRECTION('',(0.,0.,-1.));
#3724=DIRECTION('center_axis',(0.,0.,-1.));
#3725=DIRECTION('ref_axis',(-1.,0.,0.));
#3726=DIRECTION('',(0.,0.,1.));
#3727=DIRECTION('',(0.,0.,1.));
#3728=DIRECTION('center_axis',(0.,0.,-1.));
#3729=DIRECTION('ref_axis',(-1.,0.,0.));
#3730=DIRECTION('center_axis',(0.,0.,1.));
#3731=DIRECTION('ref_axis',(-1.,0.,0.));
#3732=DIRECTION('center_axis',(0.,0.,1.));
#3733=DIRECTION('ref_axis',(1.,0.,0.));
#3734=DIRECTION('center_axis',(-1.,9.65411325761005E-17,0.));
#3735=DIRECTION('ref_axis',(-9.65411325761005E-17,-1.,0.));
#3736=DIRECTION('',(-9.65411325761005E-17,-1.,0.));
#3737=DIRECTION('center_axis',(-1.93082265152201E-16,1.,0.));
#3738=DIRECTION('ref_axis',(-1.,-1.93082265152201E-16,0.));
#3739=DIRECTION('',(-1.,-1.93082265152201E-16,0.));
#3740=DIRECTION('center_axis',(1.,-9.65411325761005E-17,0.));
#3741=DIRECTION('ref_axis',(9.65411325761005E-17,1.,0.));
#3742=DIRECTION('',(9.65411325761005E-17,1.,0.));
#3743=DIRECTION('center_axis',(-3.62089713495777E-13,-1.,0.));
#3744=DIRECTION('ref_axis',(1.,-3.62089713495777E-13,0.));
#3745=DIRECTION('',(1.,-3.62089713495777E-13,0.));
#3746=DIRECTION('center_axis',(0.,0.,1.));
#3747=DIRECTION('ref_axis',(-1.,0.,0.));
#3748=DIRECTION('center_axis',(0.,-1.,0.));
#3749=DIRECTION('ref_axis',(-1.,0.,0.));
#3750=DIRECTION('',(0.,-1.,0.));
#3751=DIRECTION('center_axis',(0.,-1.,0.));
#3752=DIRECTION('ref_axis',(-1.,0.,0.));
#3753=DIRECTION('',(0.,-1.,0.));
#3754=DIRECTION('center_axis',(0.,-1.,0.));
#3755=DIRECTION('ref_axis',(-1.,0.,0.));
#3756=DIRECTION('',(0.,-1.,0.));
#3757=DIRECTION('center_axis',(0.,-1.,0.));
#3758=DIRECTION('ref_axis',(-1.,0.,0.));
#3759=DIRECTION('',(0.,-1.,0.));
#3760=DIRECTION('center_axis',(3.4890943526306E-16,0.707106781186549,0.707106781186546));
#3761=DIRECTION('ref_axis',(1.,0.,-4.93432455388958E-16));
#3762=DIRECTION('',(0.,-0.707106781186549,0.707106781186546));
#3763=DIRECTION('',(0.,0.707106781186549,-0.707106781186546));
#3764=DIRECTION('',(1.,0.,-4.93432455388958E-16));
#3765=DIRECTION('center_axis',(0.,-1.,0.));
#3766=DIRECTION('ref_axis',(0.,0.,1.));
#3767=DIRECTION('',(-0.707106781186547,-0.707106781186548,0.));
#3768=DIRECTION('center_axis',(0.,1.,0.));
#3769=DIRECTION('ref_axis',(0.,0.,1.));
#3770=DIRECTION('center_axis',(-0.707106781186547,0.707106781186548,0.));
#3771=DIRECTION('ref_axis',(0.,0.,1.));
#3772=DIRECTION('',(-0.707106781186545,-0.70710678118655,0.));
#3773=DIRECTION('',(0.,0.,1.));
#3774=DIRECTION('center_axis',(0.,-1.,0.));
#3775=DIRECTION('ref_axis',(-1.,0.,0.));
#3776=DIRECTION('',(0.,-0.707106781186549,-0.707106781186546));
#3777=DIRECTION('center_axis',(0.,1.,0.));
#3778=DIRECTION('ref_axis',(-1.,0.,0.));
#3779=DIRECTION('center_axis',(0.,0.707106781186549,-0.707106781186546));
#3780=DIRECTION('ref_axis',(-1.,0.,0.));
#3781=DIRECTION('',(0.,-0.707106781186549,-0.707106781186546));
#3782=DIRECTION('',(-1.,0.,0.));
#3783=DIRECTION('center_axis',(0.,-1.,0.));
#3784=DIRECTION('ref_axis',(0.,0.,-1.));
#3785=DIRECTION('',(0.707106781186544,-0.707106781186551,0.));
#3786=DIRECTION('center_axis',(0.,1.,0.));
#3787=DIRECTION('ref_axis',(0.,0.,-1.));
#3788=DIRECTION('center_axis',(0.707106781186548,0.707106781186548,0.));
#3789=DIRECTION('ref_axis',(0.,0.,-1.));
#3790=DIRECTION('',(0.707106781186544,-0.707106781186551,0.));
#3791=DIRECTION('',(0.,0.,-1.));
#3792=DIRECTION('center_axis',(0.,-1.,0.));
#3793=DIRECTION('ref_axis',(1.,0.,0.));
#3794=DIRECTION('center_axis',(0.,1.,0.));
#3795=DIRECTION('ref_axis',(1.,0.,0.));
#3796=DIRECTION('center_axis',(0.,-1.,0.));
#3797=DIRECTION('ref_axis',(1.,0.,0.));
#3798=DIRECTION('center_axis',(0.,-1.,0.));
#3799=DIRECTION('ref_axis',(1.,0.,0.));
#3800=DIRECTION('',(-1.,0.,0.));
#3801=DIRECTION('center_axis',(0.,-1.,0.));
#3802=DIRECTION('ref_axis',(0.,0.,1.));
#3803=DIRECTION('',(0.,0.,-1.));
#3804=DIRECTION('center_axis',(0.,-1.,0.));
#3805=DIRECTION('ref_axis',(-1.,0.,0.));
#3806=DIRECTION('',(1.,0.,4.93432455388958E-16));
#3807=DIRECTION('center_axis',(0.,-1.,0.));
#3808=DIRECTION('ref_axis',(0.,0.,-1.));
#3809=DIRECTION('',(0.,0.,1.));
#3810=DIRECTION('center_axis',(0.,0.,-1.));
#3811=DIRECTION('ref_axis',(1.,0.,0.));
#3812=DIRECTION('center_axis',(0.,0.,-1.));
#3813=DIRECTION('ref_axis',(-1.,0.,0.));
#3814=DIRECTION('center_axis',(0.,0.,-1.));
#3815=DIRECTION('ref_axis',(1.,0.,0.));
#3816=DIRECTION('center_axis',(0.,0.,-1.));
#3817=DIRECTION('ref_axis',(-1.,0.,0.));
#3818=DIRECTION('center_axis',(0.,0.,-1.));
#3819=DIRECTION('ref_axis',(1.,0.,0.));
#3820=DIRECTION('center_axis',(0.,0.,-1.));
#3821=DIRECTION('ref_axis',(-1.,0.,0.));
#3822=DIRECTION('center_axis',(0.,0.,-1.));
#3823=DIRECTION('ref_axis',(1.,0.,0.));
#3824=DIRECTION('center_axis',(0.,0.,-1.));
#3825=DIRECTION('ref_axis',(-1.,0.,0.));
#3826=DIRECTION('center_axis',(0.,0.,1.));
#3827=DIRECTION('ref_axis',(1.,0.,0.));
#3828=DIRECTION('center_axis',(0.,0.,-1.));
#3829=DIRECTION('ref_axis',(-1.,0.,0.));
#3830=DIRECTION('center_axis',(0.,0.,1.));
#3831=DIRECTION('ref_axis',(1.,0.,0.));
#3832=DIRECTION('center_axis',(0.,0.,-1.));
#3833=DIRECTION('ref_axis',(-1.,0.,0.));
#3834=DIRECTION('center_axis',(0.,0.,1.));
#3835=DIRECTION('ref_axis',(1.,0.,0.));
#3836=DIRECTION('center_axis',(0.,0.,-1.));
#3837=DIRECTION('ref_axis',(-1.,0.,0.));
#3838=DIRECTION('center_axis',(0.,0.,1.));
#3839=DIRECTION('ref_axis',(1.,0.,0.));
#3840=DIRECTION('center_axis',(0.,0.,-1.));
#3841=DIRECTION('ref_axis',(-1.,0.,0.));
#3842=DIRECTION('center_axis',(0.,1.,0.));
#3843=DIRECTION('ref_axis',(0.707106781186546,0.,0.707106781186549));
#3844=DIRECTION('center_axis',(0.,-1.,0.));
#3845=DIRECTION('ref_axis',(0.707106781186546,0.,0.707106781186549));
#3846=DIRECTION('',(0.,1.,0.));
#3847=DIRECTION('',(0.,-1.,0.));
#3848=DIRECTION('center_axis',(0.,0.,1.));
#3849=DIRECTION('ref_axis',(1.,0.,0.));
#3850=DIRECTION('',(1.,0.,0.));
#3851=DIRECTION('',(0.,-1.,0.));
#3852=DIRECTION('center_axis',(0.,1.,0.));
#3853=DIRECTION('ref_axis',(-0.707106781186546,0.,0.707106781186549));
#3854=DIRECTION('center_axis',(0.,-1.,0.));
#3855=DIRECTION('ref_axis',(-0.707106781186546,0.,0.707106781186549));
#3856=DIRECTION('',(0.,1.,0.));
#3857=DIRECTION('center_axis',(-1.,0.,0.));
#3858=DIRECTION('ref_axis',(0.,0.,1.));
#3859=DIRECTION('',(0.,0.,1.));
#3860=DIRECTION('',(0.,-1.,0.));
#3861=DIRECTION('center_axis',(0.,1.,0.));
#3862=DIRECTION('ref_axis',(-0.707106781186546,0.,-0.707106781186549));
#3863=DIRECTION('center_axis',(0.,-1.,0.));
#3864=DIRECTION('ref_axis',(-0.707106781186546,0.,-0.707106781186549));
#3865=DIRECTION('',(0.,1.,0.));
#3866=DIRECTION('center_axis',(0.,0.,-1.));
#3867=DIRECTION('ref_axis',(-1.,0.,0.));
#3868=DIRECTION('',(-1.,0.,0.));
#3869=DIRECTION('',(0.,-1.,0.));
#3870=DIRECTION('center_axis',(0.,1.,0.));
#3871=DIRECTION('ref_axis',(0.707106781186546,0.,-0.707106781186549));
#3872=DIRECTION('center_axis',(0.,-1.,0.));
#3873=DIRECTION('ref_axis',(0.707106781186546,0.,-0.707106781186549));
#3874=DIRECTION('',(0.,1.,0.));
#3875=DIRECTION('center_axis',(1.,0.,0.));
#3876=DIRECTION('ref_axis',(0.,0.,-1.));
#3877=DIRECTION('',(0.,0.,-1.));
#3878=DIRECTION('center_axis',(0.,0.,1.));
#3879=DIRECTION('ref_axis',(-1.,0.,0.));
#3880=DIRECTION('center_axis',(0.,0.,-1.));
#3881=DIRECTION('ref_axis',(-1.,0.,0.));
#3882=DIRECTION('',(0.,0.,-1.));
#3883=DIRECTION('center_axis',(0.,0.,1.));
#3884=DIRECTION('ref_axis',(-1.,0.,0.));
#3885=DIRECTION('center_axis',(0.,0.,1.));
#3886=DIRECTION('ref_axis',(-1.,0.,0.));
#3887=DIRECTION('',(0.,0.,-1.));
#3888=DIRECTION('center_axis',(0.,0.,1.));
#3889=DIRECTION('ref_axis',(-1.,0.,0.));
#3890=DIRECTION('center_axis',(0.,0.,1.));
#3891=DIRECTION('ref_axis',(1.,0.,0.));
#3892=DIRECTION('center_axis',(0.,0.,1.));
#3893=DIRECTION('ref_axis',(-1.,0.,0.));
#3894=DIRECTION('center_axis',(0.,0.,-1.));
#3895=DIRECTION('ref_axis',(-1.,0.,0.));
#3896=DIRECTION('',(0.,0.,-1.));
#3897=DIRECTION('center_axis',(0.,0.,1.));
#3898=DIRECTION('ref_axis',(-1.,0.,0.));
#3899=DIRECTION('center_axis',(0.,0.,1.));
#3900=DIRECTION('ref_axis',(-1.,0.,0.));
#3901=DIRECTION('',(0.,0.,-1.));
#3902=DIRECTION('center_axis',(0.,0.,1.));
#3903=DIRECTION('ref_axis',(-1.,0.,0.));
#3904=DIRECTION('center_axis',(0.,0.,1.));
#3905=DIRECTION('ref_axis',(-1.,0.,0.));
#3906=DIRECTION('center_axis',(0.,0.,-1.));
#3907=DIRECTION('ref_axis',(-1.,0.,0.));
#3908=DIRECTION('',(0.,0.,-1.));
#3909=DIRECTION('center_axis',(0.,0.,1.));
#3910=DIRECTION('ref_axis',(-1.,0.,0.));
#3911=DIRECTION('center_axis',(0.,0.,1.));
#3912=DIRECTION('ref_axis',(-1.,0.,0.));
#3913=DIRECTION('',(0.,0.,-1.));
#3914=DIRECTION('center_axis',(0.,0.,1.));
#3915=DIRECTION('ref_axis',(-1.,0.,0.));
#3916=DIRECTION('center_axis',(0.,0.,1.));
#3917=DIRECTION('ref_axis',(-1.,0.,0.));
#3918=DIRECTION('center_axis',(0.,0.,-1.));
#3919=DIRECTION('ref_axis',(-1.,0.,0.));
#3920=DIRECTION('',(0.,0.,-1.));
#3921=DIRECTION('center_axis',(0.,0.,1.));
#3922=DIRECTION('ref_axis',(-1.,0.,0.));
#3923=DIRECTION('center_axis',(0.,0.,1.));
#3924=DIRECTION('ref_axis',(-1.,0.,0.));
#3925=DIRECTION('',(0.,0.,-1.));
#3926=DIRECTION('center_axis',(0.,0.,1.));
#3927=DIRECTION('ref_axis',(-1.,0.,0.));
#3928=DIRECTION('center_axis',(0.,0.,-1.));
#3929=DIRECTION('ref_axis',(0.707106781186548,0.707106781186547,0.));
#3930=DIRECTION('',(0.,0.,-1.));
#3931=DIRECTION('center_axis',(0.,0.,-1.));
#3932=DIRECTION('ref_axis',(-1.,0.,0.));
#3933=DIRECTION('center_axis',(0.,0.,1.));
#3934=DIRECTION('ref_axis',(-1.,0.,0.));
#3935=DIRECTION('center_axis',(0.,0.,1.));
#3936=DIRECTION('ref_axis',(-1.,0.,0.));
#3937=DIRECTION('',(0.,0.,-1.));
#3938=DIRECTION('center_axis',(0.,0.,-1.));
#3939=DIRECTION('ref_axis',(0.599999999999999,-0.8,0.));
#3940=DIRECTION('',(0.,0.,-1.));
#3941=DIRECTION('center_axis',(0.,0.,-1.));
#3942=DIRECTION('ref_axis',(-1.,0.,0.));
#3943=DIRECTION('',(0.,0.,1.));
#3944=DIRECTION('center_axis',(0.,0.,-1.));
#3945=DIRECTION('ref_axis',(-1.,0.,0.));
#3946=DIRECTION('',(0.,0.,-1.));
#3947=DIRECTION('center_axis',(0.,0.,1.));
#3948=DIRECTION('ref_axis',(-1.,0.,0.));
#3949=DIRECTION('',(0.,0.,-1.));
#3950=DIRECTION('center_axis',(0.,-1.,0.));
#3951=DIRECTION('ref_axis',(-1.,0.,0.));
#3952=DIRECTION('',(0.,0.,-1.));
#3953=DIRECTION('',(-1.,0.,0.));
#3954=DIRECTION('center_axis',(0.,0.,-1.));
#3955=DIRECTION('ref_axis',(-1.,0.,0.));
#3956=DIRECTION('center_axis',(0.,0.,1.));
#3957=DIRECTION('ref_axis',(-1.,0.,0.));
#3958=DIRECTION('',(0.,0.,1.));
#3959=DIRECTION('center_axis',(0.,0.,-1.));
#3960=DIRECTION('ref_axis',(-1.,0.,0.));
#3961=DIRECTION('center_axis',(0.,1.,0.));
#3962=DIRECTION('ref_axis',(1.,0.,0.));
#3963=DIRECTION('',(-1.,0.,0.));
#3964=DIRECTION('',(0.,0.,1.));
#3965=DIRECTION('center_axis',(-1.,0.,0.));
#3966=DIRECTION('ref_axis',(0.,-1.,0.));
#3967=DIRECTION('',(0.,-1.,0.));
#3968=DIRECTION('center_axis',(-1.,0.,0.));
#3969=DIRECTION('ref_axis',(0.,-1.,0.));
#3970=DIRECTION('',(0.,-1.,0.));
#3971=DIRECTION('',(0.,0.,1.));
#3972=DIRECTION('center_axis',(0.,0.,1.));
#3973=DIRECTION('ref_axis',(1.,0.,0.));
#3974=DIRECTION('center_axis',(-0.999999999999809,-6.18398185991964E-7,
0.));
#3975=DIRECTION('ref_axis',(-6.18398185991964E-7,0.999999999999809,0.));
#3976=DIRECTION('',(0.,0.,-1.));
#3977=DIRECTION('',(6.18398185991964E-7,-0.999999999999809,0.));
#3978=DIRECTION('',(0.,0.,-1.));
#3979=DIRECTION('center_axis',(6.18398185991964E-7,-0.999999999999809,0.));
#3980=DIRECTION('ref_axis',(-0.999999999999809,-6.18398185991964E-7,0.));
#3981=DIRECTION('',(0.,0.,-1.));
#3982=DIRECTION('',(0.999999999999809,6.18398185991964E-7,0.));
#3983=DIRECTION('center_axis',(0.,0.,-1.));
#3984=DIRECTION('ref_axis',(-1.,0.,0.));
#3985=DIRECTION('center_axis',(0.,0.,1.));
#3986=DIRECTION('ref_axis',(-1.,0.,0.));
#3987=DIRECTION('',(0.,0.,1.));
#3988=DIRECTION('center_axis',(0.,0.,-1.));
#3989=DIRECTION('ref_axis',(-1.,0.,0.));
#3990=DIRECTION('center_axis',(0.,0.,-1.));
#3991=DIRECTION('ref_axis',(0.999999999999809,6.18398186114389E-7,0.));
#3992=DIRECTION('',(0.,0.,-1.));
#3993=DIRECTION('center_axis',(0.,0.,1.));
#3994=DIRECTION('ref_axis',(-1.,0.,0.));
#3995=DIRECTION('center_axis',(-6.18398185991964E-7,0.999999999999809,0.));
#3996=DIRECTION('ref_axis',(0.999999999999809,6.18398185991964E-7,0.));
#3997=DIRECTION('',(0.999999999999809,6.18398185991964E-7,0.));
#3998=DIRECTION('center_axis',(0.,0.,1.));
#3999=DIRECTION('ref_axis',(-1.,0.,0.));
#4000=DIRECTION('center_axis',(0.,0.,1.));
#4001=DIRECTION('ref_axis',(1.,0.,0.));
#4002=DIRECTION('center_axis',(1.,0.,0.));
#4003=DIRECTION('ref_axis',(0.,1.,0.));
#4004=DIRECTION('',(0.,-1.,0.));
#4005=DIRECTION('',(0.,0.,1.));
#4006=DIRECTION('',(0.,1.,0.));
#4007=DIRECTION('',(0.,1.,0.));
#4008=DIRECTION('center_axis',(0.,0.,1.));
#4009=DIRECTION('ref_axis',(1.,0.,0.));
#4010=DIRECTION('center_axis',(0.,0.,1.));
#4011=DIRECTION('ref_axis',(1.,0.,0.));
#4012=DIRECTION('',(1.,0.,0.));
#4013=DIRECTION('',(0.,-1.,0.));
#4014=DIRECTION('',(-1.,0.,0.));
#4015=DIRECTION('center_axis',(-1.,0.,0.));
#4016=DIRECTION('ref_axis',(0.,-1.,0.));
#4017=DIRECTION('',(0.,1.,0.));
#4018=DIRECTION('',(0.,0.,1.));
#4019=DIRECTION('center_axis',(0.,-1.,0.));
#4020=DIRECTION('ref_axis',(1.,0.,0.));
#4021=DIRECTION('',(-1.,0.,0.));
#4022=DIRECTION('center_axis',(0.,1.,0.));
#4023=DIRECTION('ref_axis',(-1.,0.,0.));
#4024=DIRECTION('center_axis',(0.,0.,1.));
#4025=DIRECTION('ref_axis',(1.,0.,0.));
#4026=DIRECTION('center_axis',(0.,0.,-1.));
#4027=DIRECTION('ref_axis',(-1.,0.,0.));
#4028=DIRECTION('center_axis',(0.,0.,1.));
#4029=DIRECTION('ref_axis',(-1.,0.,0.));
#4030=DIRECTION('',(0.,0.,1.));
#4031=DIRECTION('center_axis',(0.,0.,-1.));
#4032=DIRECTION('ref_axis',(-1.,0.,0.));
#4033=DIRECTION('center_axis',(0.,0.,1.));
#4034=DIRECTION('ref_axis',(-1.,0.,0.));
#4035=DIRECTION('',(0.99282032302755,0.119615242270672,0.));
#4036=DIRECTION('',(0.600000000000007,-0.799999999999995,0.));
#4037=DIRECTION('',(0.600000143051142,-0.799999892711623,0.));
#4038=DIRECTION('',(-0.600000000000008,0.799999999999994,0.));
#4039=DIRECTION('',(0.392820323027542,0.919615242270667,0.));
#4040=DIRECTION('center_axis',(-0.799999892711623,-0.600000143051142,0.));
#4041=DIRECTION('ref_axis',(-0.600000143051142,0.799999892711623,0.));
#4042=DIRECTION('',(0.,0.,-1.));
#4043=DIRECTION('',(-0.600000143051142,0.799999892711623,0.));
#4044=DIRECTION('center_axis',(-0.799999999999995,-0.600000000000007,0.));
#4045=DIRECTION('ref_axis',(-0.600000000000007,0.799999999999995,0.));
#4046=DIRECTION('',(0.,0.,-1.));
#4047=DIRECTION('',(-0.600000000000007,0.799999999999995,0.));
#4048=DIRECTION('center_axis',(0.919615242270667,-0.392820323027542,0.));
#4049=DIRECTION('ref_axis',(-0.392820323027542,-0.919615242270667,0.));
#4050=DIRECTION('',(0.,0.,-1.));
#4051=DIRECTION('',(-0.392820323027542,-0.919615242270667,0.));
#4052=DIRECTION('',(0.,0.,-1.));
#4053=DIRECTION('center_axis',(0.799999999999994,0.600000000000008,0.));
#4054=DIRECTION('ref_axis',(0.600000000000008,-0.799999999999994,0.));
#4055=DIRECTION('',(0.600000000000008,-0.799999999999994,0.));
#4056=DIRECTION('center_axis',(0.119615242270672,-0.99282032302755,0.));
#4057=DIRECTION('ref_axis',(-0.99282032302755,-0.119615242270672,0.));
#4058=DIRECTION('',(-0.99282032302755,-0.119615242270672,0.));
#4059=DIRECTION('center_axis',(0.,0.,1.));
#4060=DIRECTION('ref_axis',(-1.,0.,0.));
#4061=DIRECTION('center_axis',(0.,0.,1.));
#4062=DIRECTION('ref_axis',(-1.,0.,0.));
#4063=DIRECTION('center_axis',(0.,0.,-1.));
#4064=DIRECTION('ref_axis',(-1.,0.,0.));
#4065=DIRECTION('center_axis',(0.,0.,1.));
#4066=DIRECTION('ref_axis',(-1.,0.,0.));
#4067=DIRECTION('',(0.,0.,1.));
#4068=DIRECTION('center_axis',(0.,0.,-1.));
#4069=DIRECTION('ref_axis',(-1.,0.,0.));
#4070=DIRECTION('center_axis',(0.,0.,1.));
#4071=DIRECTION('ref_axis',(-1.,0.,0.));
#4072=DIRECTION('',(-0.600000000000001,-0.799999999999999,0.));
#4073=DIRECTION('',(0.6,0.8,0.));
#4074=DIRECTION('',(0.992820323027551,-0.119615242270663,0.));
#4075=DIRECTION('',(0.39282032302755,-0.919615242270663,0.));
#4076=DIRECTION('center_axis',(-0.919615242270663,-0.39282032302755,0.));
#4077=DIRECTION('ref_axis',(-0.39282032302755,0.919615242270663,0.));
#4078=DIRECTION('',(0.,0.,-1.));
#4079=DIRECTION('',(-0.39282032302755,0.919615242270663,0.));
#4080=DIRECTION('',(0.,0.,-1.));
#4081=DIRECTION('center_axis',(-0.119615242270663,-0.992820323027551,0.));
#4082=DIRECTION('ref_axis',(-0.992820323027551,0.119615242270663,0.));
#4083=DIRECTION('',(0.,0.,-1.));
#4084=DIRECTION('',(-0.992820323027551,0.119615242270663,0.));
#4085=DIRECTION('center_axis',(0.8,-0.6,0.));
#4086=DIRECTION('ref_axis',(-0.6,-0.8,0.));
#4087=DIRECTION('',(-0.6,-0.8,0.));
#4088=DIRECTION('center_axis',(-0.799999999999999,0.600000000000001,0.));
#4089=DIRECTION('ref_axis',(0.600000000000001,0.799999999999999,0.));
#4090=DIRECTION('',(0.600000000000001,0.799999999999999,0.));
#4091=DIRECTION('center_axis',(0.,0.,1.));
#4092=DIRECTION('ref_axis',(-1.,0.,0.));
#4093=DIRECTION('center_axis',(0.,0.,1.));
#4094=DIRECTION('ref_axis',(-1.,0.,0.));
#4095=DIRECTION('center_axis',(0.,0.,1.));
#4096=DIRECTION('ref_axis',(-1.,0.,0.));
#4097=DIRECTION('',(0.,1.,0.));
#4098=DIRECTION('center_axis',(0.,0.,-1.));
#4099=DIRECTION('ref_axis',(-1.,4.44089209850063E-15,0.));
#4100=DIRECTION('center_axis',(0.,0.,-1.));
#4101=DIRECTION('ref_axis',(-1.,0.,0.));
#4102=DIRECTION('center_axis',(0.,0.,1.));
#4103=DIRECTION('ref_axis',(-1.,0.,0.));
#4104=DIRECTION('',(0.,0.,1.));
#4105=DIRECTION('center_axis',(0.,0.,-1.));
#4106=DIRECTION('ref_axis',(-1.,0.,0.));
#4107=DIRECTION('center_axis',(0.,0.,1.));
#4108=DIRECTION('ref_axis',(-1.,0.,0.));
#4109=DIRECTION('',(-0.119615242270668,0.99282032302755,0.));
#4110=DIRECTION('',(0.799999999999997,0.600000000000004,0.));
#4111=DIRECTION('',(0.799999888241279,0.600000149011599,0.));
#4112=DIRECTION('',(-0.799999999999996,-0.600000000000005,0.));
#4113=DIRECTION('',(-0.919615242270665,0.392820323027547,0.));
#4114=DIRECTION('center_axis',(0.600000149011599,-0.799999888241279,0.));
#4115=DIRECTION('ref_axis',(-0.799999888241279,-0.600000149011599,0.));
#4116=DIRECTION('',(0.,0.,-1.));
#4117=DIRECTION('',(-0.799999888241279,-0.600000149011599,0.));
#4118=DIRECTION('center_axis',(0.600000000000004,-0.799999999999997,0.));
#4119=DIRECTION('ref_axis',(-0.799999999999997,-0.600000000000004,0.));
#4120=DIRECTION('',(0.,0.,-1.));
#4121=DIRECTION('',(-0.799999999999997,-0.600000000000004,0.));
#4122=DIRECTION('center_axis',(0.392820323027547,0.919615242270665,0.));
#4123=DIRECTION('ref_axis',(0.919615242270665,-0.392820323027547,0.));
#4124=DIRECTION('',(0.,0.,-1.));
#4125=DIRECTION('',(0.919615242270665,-0.392820323027547,0.));
#4126=DIRECTION('',(0.,0.,-1.));
#4127=DIRECTION('center_axis',(-0.600000000000005,0.799999999999996,0.));
#4128=DIRECTION('ref_axis',(0.799999999999996,0.600000000000005,0.));
#4129=DIRECTION('',(0.799999999999996,0.600000000000005,0.));
#4130=DIRECTION('center_axis',(0.99282032302755,0.119615242270668,0.));
#4131=DIRECTION('ref_axis',(0.119615242270668,-0.99282032302755,0.));
#4132=DIRECTION('',(0.119615242270668,-0.99282032302755,0.));
#4133=DIRECTION('center_axis',(0.,0.,1.));
#4134=DIRECTION('ref_axis',(-1.,0.,0.));
#4135=DIRECTION('center_axis',(0.,0.,1.));
#4136=DIRECTION('ref_axis',(-1.,0.,0.));
#4137=DIRECTION('center_axis',(0.,0.,-1.));
#4138=DIRECTION('ref_axis',(-1.,0.,0.));
#4139=DIRECTION('center_axis',(0.,0.,1.));
#4140=DIRECTION('ref_axis',(-1.,0.,0.));
#4141=DIRECTION('',(0.,0.,1.));
#4142=DIRECTION('center_axis',(0.,0.,-1.));
#4143=DIRECTION('ref_axis',(-1.,0.,0.));
#4144=DIRECTION('center_axis',(0.,0.,1.));
#4145=DIRECTION('ref_axis',(-1.,0.,0.));
#4146=DIRECTION('',(-0.8,0.599999999999999,0.));
#4147=DIRECTION('',(0.800000000000001,-0.599999999999998,0.));
#4148=DIRECTION('',(-0.11961524227066,-0.992820323027551,0.));
#4149=DIRECTION('',(-0.919615242270662,-0.392820323027554,0.));
#4150=DIRECTION('center_axis',(-0.392820323027554,0.919615242270662,0.));
#4151=DIRECTION('ref_axis',(0.919615242270662,0.392820323027554,0.));
#4152=DIRECTION('',(0.,0.,-1.));
#4153=DIRECTION('',(0.919615242270662,0.392820323027554,0.));
#4154=DIRECTION('',(0.,0.,-1.));
#4155=DIRECTION('center_axis',(-0.992820323027551,0.11961524227066,0.));
#4156=DIRECTION('ref_axis',(0.11961524227066,0.992820323027551,0.));
#4157=DIRECTION('',(0.,0.,-1.));
#4158=DIRECTION('',(0.11961524227066,0.992820323027551,0.));
#4159=DIRECTION('center_axis',(-0.599999999999998,-0.800000000000001,0.));
#4160=DIRECTION('ref_axis',(-0.800000000000001,0.599999999999998,0.));
#4161=DIRECTION('',(-0.800000000000001,0.599999999999998,0.));
#4162=DIRECTION('center_axis',(0.599999999999999,0.8,0.));
#4163=DIRECTION('ref_axis',(0.8,-0.599999999999999,0.));
#4164=DIRECTION('',(0.8,-0.599999999999999,0.));
#4165=DIRECTION('center_axis',(0.,0.,1.));
#4166=DIRECTION('ref_axis',(-1.,0.,0.));
#4167=DIRECTION('center_axis',(0.,0.,1.));
#4168=DIRECTION('ref_axis',(-1.,0.,0.));
#4169=DIRECTION('center_axis',(0.,0.,1.));
#4170=DIRECTION('ref_axis',(-1.,0.,0.));
#4171=DIRECTION('center_axis',(0.,0.,-1.));
#4172=DIRECTION('ref_axis',(2.22044604925032E-15,1.,0.));
#4173=DIRECTION('',(0.,1.,0.));
#4174=DIRECTION('center_axis',(0.,0.,-1.));
#4175=DIRECTION('ref_axis',(-1.,0.,0.));
#4176=DIRECTION('',(0.,0.,-1.));
#4177=DIRECTION('center_axis',(0.,0.,-1.));
#4178=DIRECTION('ref_axis',(-1.,0.,0.));
#4179=DIRECTION('',(0.,0.,-1.));
#4180=DIRECTION('center_axis',(0.,0.,-1.));
#4181=DIRECTION('ref_axis',(-1.,0.,0.));
#4182=DIRECTION('',(0.,0.,-1.));
#4183=DIRECTION('center_axis',(0.,0.,-1.));
#4184=DIRECTION('ref_axis',(-1.,0.,0.));
#4185=DIRECTION('',(0.,0.,-1.));
#4186=DIRECTION('center_axis',(0.,0.,-1.));
#4187=DIRECTION('ref_axis',(2.22044604925032E-15,1.,0.));
#4188=DIRECTION('center_axis',(0.,0.,-1.));
#4189=DIRECTION('ref_axis',(2.22044604925032E-15,1.,0.));
#4190=DIRECTION('',(0.,0.,-1.));
#4191=DIRECTION('center_axis',(0.,0.,-1.));
#4192=DIRECTION('ref_axis',(1.,-4.44089209850063E-15,0.));
#4193=DIRECTION('center_axis',(0.,0.,-1.));
#4194=DIRECTION('ref_axis',(1.,-4.44089209850063E-15,0.));
#4195=DIRECTION('center_axis',(0.,0.,-1.));
#4196=DIRECTION('ref_axis',(1.,-4.44089209850063E-15,0.));
#4197=DIRECTION('',(0.,0.,-1.));
#4198=DIRECTION('center_axis',(0.,0.,1.));
#4199=DIRECTION('ref_axis',(-1.,0.,0.));
#4200=DIRECTION('',(0.,-1.,0.));
#4201=DIRECTION('center_axis',(0.,0.,-1.));
#4202=DIRECTION('ref_axis',(-1.,4.44089209850063E-15,0.));
#4203=DIRECTION('center_axis',(0.,0.,-1.));
#4204=DIRECTION('ref_axis',(-1.,4.44089209850063E-15,0.));
#4205=DIRECTION('',(0.,0.,-1.));
#4206=DIRECTION('center_axis',(0.,0.,-1.));
#4207=DIRECTION('ref_axis',(-2.22044604925032E-15,-1.,0.));
#4208=DIRECTION('center_axis',(0.,0.,-1.));
#4209=DIRECTION('ref_axis',(-2.22044604925032E-15,-1.,0.));
#4210=DIRECTION('',(0.,0.,-1.));
#4211=DIRECTION('center_axis',(0.,0.,-1.));
#4212=DIRECTION('ref_axis',(-2.22044604925032E-15,-1.,0.));
#4213=DIRECTION('center_axis',(0.,0.,1.));
#4214=DIRECTION('ref_axis',(-1.,0.,0.));
#4215=DIRECTION('',(0.,-1.,0.));
#4216=DIRECTION('center_axis',(0.,0.,1.));
#4217=DIRECTION('ref_axis',(1.,0.,0.));
#4218=DIRECTION('center_axis',(0.,0.,1.));
#4219=DIRECTION('ref_axis',(1.77635683940025E-15,1.,0.));
#4220=DIRECTION('',(0.,-1.,0.));
#4221=DIRECTION('center_axis',(0.,0.,1.));
#4222=DIRECTION('ref_axis',(-1.,1.77635683940025E-15,0.));
#4223=DIRECTION('',(1.,0.,0.));
#4224=DIRECTION('',(0.,1.,0.));
#4225=DIRECTION('',(0.,-1.,0.));
#4226=DIRECTION('center_axis',(1.,0.,0.));
#4227=DIRECTION('ref_axis',(0.,1.,0.));
#4228=DIRECTION('center_axis',(-1.,0.,0.));
#4229=DIRECTION('ref_axis',(0.,-1.,0.));
#4230=DIRECTION('center_axis',(0.,-1.,0.));
#4231=DIRECTION('ref_axis',(1.,0.,0.));
#4232=DIRECTION('',(0.,0.,1.));
#4233=DIRECTION('center_axis',(0.,0.,1.));
#4234=DIRECTION('ref_axis',(-1.,1.77635683940025E-15,0.));
#4235=DIRECTION('',(0.,0.,1.));
#4236=DIRECTION('center_axis',(-1.,0.,0.));
#4237=DIRECTION('ref_axis',(0.,-1.,0.));
#4238=DIRECTION('',(0.,0.,1.));
#4239=DIRECTION('center_axis',(0.,0.,1.));
#4240=DIRECTION('ref_axis',(1.77635683940025E-15,1.,0.));
#4241=CARTESIAN_POINT('',(0.,0.,0.));
#4242=CARTESIAN_POINT('Origin',(-50.,80.5,5.5));
#4243=CARTESIAN_POINT('',(-91.648353455755,80.5,3.));
#4244=CARTESIAN_POINT('',(-94.,83.,5.5));
#4245=CARTESIAN_POINT('Ctrl Pts',(-91.648353455755,80.5,3.));
#4246=CARTESIAN_POINT('Ctrl Pts',(-91.8796296455829,80.8511885439168,3.));
#4247=CARTESIAN_POINT('Ctrl Pts',(-92.150502200056,81.2102053788396,3.07700757235015));
#4248=CARTESIAN_POINT('Ctrl Pts',(-92.7067544518005,81.8549132158098,3.36939108475286));
#4249=CARTESIAN_POINT('Ctrl Pts',(-92.9918698365095,82.1413028750537,3.58372792812132));
#4250=CARTESIAN_POINT('Ctrl Pts',(-93.4291008952067,82.5425578446263,4.03467889091524));
#4251=CARTESIAN_POINT('Ctrl Pts',(-93.6236690802825,82.7055863681489,4.28363256307646));
#4252=CARTESIAN_POINT('Ctrl Pts',(-93.8388658838123,82.8771086670639,4.71076355743421));
#4253=CARTESIAN_POINT('Ctrl Pts',(-93.8978685411204,82.9225350534062,4.86217467488285));
#4254=CARTESIAN_POINT('Ctrl Pts',(-93.9785072422085,82.9839961791707,5.17556171063948));
#4255=CARTESIAN_POINT('Ctrl Pts',(-94.,83.,5.3375805434712));
#4256=CARTESIAN_POINT('Ctrl Pts',(-94.,83.,5.5));
#4257=CARTESIAN_POINT('',(91.648353455755,80.5,3.));
#4258=CARTESIAN_POINT('',(-50.,80.5,3.));
#4259=CARTESIAN_POINT('',(94.,83.,5.5));
#4260=CARTESIAN_POINT('Ctrl Pts',(94.,83.,5.5));
#4261=CARTESIAN_POINT('Ctrl Pts',(94.,83.,5.3375805434712));
#4262=CARTESIAN_POINT('Ctrl Pts',(93.9785072422084,82.9839961791707,5.17556171063948));
#4263=CARTESIAN_POINT('Ctrl Pts',(93.8978685411203,82.9225350534062,4.86217467488285));
#4264=CARTESIAN_POINT('Ctrl Pts',(93.8388658838122,82.8771086670639,4.71076355743421));
#4265=CARTESIAN_POINT('Ctrl Pts',(93.6236690802825,82.7055863681489,4.28363256307646));
#4266=CARTESIAN_POINT('Ctrl Pts',(93.4291008952066,82.5425578446263,4.03467889091524));
#4267=CARTESIAN_POINT('Ctrl Pts',(92.9918698365094,82.1413028750537,3.58372792812132));
#4268=CARTESIAN_POINT('Ctrl Pts',(92.7067544518004,81.8549132158098,3.36939108475286));
#4269=CARTESIAN_POINT('Ctrl Pts',(92.150502200056,81.2102053788396,3.07700757235015));
#4270=CARTESIAN_POINT('Ctrl Pts',(91.8796296455829,80.8511885439168,3.));
#4271=CARTESIAN_POINT('Ctrl Pts',(91.648353455755,80.5,3.));
#4272=CARTESIAN_POINT('',(-50.,83.,5.5));
#4273=CARTESIAN_POINT('Origin',(100.,75.,50.));
#4274=CARTESIAN_POINT('',(105.5,66.648353455755,3.));
#4275=CARTESIAN_POINT('Origin',(100.,75.,3.));
#4276=CARTESIAN_POINT('',(108.,69.,5.5));
#4277=CARTESIAN_POINT('Ctrl Pts',(105.5,66.648353455755,3.));
#4278=CARTESIAN_POINT('Ctrl Pts',(105.851188543917,66.8796296455829,3.));
#4279=CARTESIAN_POINT('Ctrl Pts',(106.21020537884,67.150502200056,3.07700757235016));
#4280=CARTESIAN_POINT('Ctrl Pts',(106.85491321581,67.7067544518004,3.36939108475287));
#4281=CARTESIAN_POINT('Ctrl Pts',(107.141302875054,67.9918698365095,3.58372792812132));
#4282=CARTESIAN_POINT('Ctrl Pts',(107.542557844626,68.4291008952067,4.03467889091524));
#4283=CARTESIAN_POINT('Ctrl Pts',(107.705586368149,68.6236690802825,4.28363256307646));
#4284=CARTESIAN_POINT('Ctrl Pts',(107.877108667064,68.8388658838122,4.71076355743421));
#4285=CARTESIAN_POINT('Ctrl Pts',(107.922535053406,68.8978685411204,4.86217467488286));
#4286=CARTESIAN_POINT('Ctrl Pts',(107.983996179171,68.9785072422085,5.17556171063948));
#4287=CARTESIAN_POINT('Ctrl Pts',(108.,69.,5.3375805434712));
#4288=CARTESIAN_POINT('Ctrl Pts',(108.,69.,5.5));
#4289=CARTESIAN_POINT('',(108.,69.,45.));
#4290=CARTESIAN_POINT('',(108.,69.,50.));
#4291=CARTESIAN_POINT('',(94.,83.,45.));
#4292=CARTESIAN_POINT('Origin',(100.,75.,45.));
#4293=CARTESIAN_POINT('',(94.,83.,50.));
#4294=CARTESIAN_POINT('',(95.0678805084026,66.3009082473741,40.));
#4295=CARTESIAN_POINT('',(90.2678788880706,72.700909166053,40.));
#4296=CARTESIAN_POINT('Origin',(100.,75.,40.));
#4297=CARTESIAN_POINT('',(95.0678805084026,66.3009082473741,35.));
#4298=CARTESIAN_POINT('',(95.0678805084026,66.3009082473741,50.));
#4299=CARTESIAN_POINT('',(90.2678788880706,72.700909166053,35.));
#4300=CARTESIAN_POINT('Origin',(100.,75.,35.));
#4301=CARTESIAN_POINT('',(90.2678788880707,72.700909166053,50.));
#4302=CARTESIAN_POINT('Origin',(0.,0.,3.));
#4303=CARTESIAN_POINT('',(-105.5,66.648353455755,3.));
#4304=CARTESIAN_POINT('Origin',(-100.,75.,3.));
#4305=CARTESIAN_POINT('',(-105.5,-66.648353455755,3.));
#4306=CARTESIAN_POINT('',(-105.5,-37.5,3.));
#4307=CARTESIAN_POINT('',(-92.0000013411045,-68.9999982118611,3.));
#4308=CARTESIAN_POINT('Origin',(-100.,-75.,3.));
#4309=CARTESIAN_POINT('',(-92.0000013411045,-57.7500012367964,3.));
#4310=CARTESIAN_POINT('',(-92.0000013411045,-11.2500006183982,3.));
#4311=CARTESIAN_POINT('',(-97.0000013411045,-57.7500012367964,3.));
#4312=CARTESIAN_POINT('',(-46.0000006705523,-57.7500012367964,3.));
#4313=CARTESIAN_POINT('',(-97.0000013411045,-47.7500012367964,3.));
#4314=CARTESIAN_POINT('Origin',(-97.0000013411045,-52.7500012367964,3.));
#4315=CARTESIAN_POINT('',(-92.0000013411045,-47.7500012367964,3.));
#4316=CARTESIAN_POINT('',(-48.5000006705523,-47.7500012367964,3.));
#4317=CARTESIAN_POINT('',(-92.0000013411045,-22.5000012367964,3.));
#4318=CARTESIAN_POINT('',(-92.0000013411045,-11.2500006183982,3.));
#4319=CARTESIAN_POINT('',(-25.0000013411045,-22.5000012367964,3.));
#4320=CARTESIAN_POINT('',(-12.5000006705523,-22.5000012367964,3.));
#4321=CARTESIAN_POINT('',(-25.0000013411045,-80.5,3.));
#4322=CARTESIAN_POINT('',(-25.0000013411045,-42.5000006183982,3.));
#4323=CARTESIAN_POINT('',(-9.46410295624226,-80.5,3.));
#4324=CARTESIAN_POINT('',(50.,-80.5,3.));
#4325=CARTESIAN_POINT('',(-2.00000134110449,-78.5,3.));
#4326=CARTESIAN_POINT('Origin',(-6.0000013411045,-78.5,3.));
#4327=CARTESIAN_POINT('',(-2.53589972596673,-80.5,3.));
#4328=CARTESIAN_POINT('Origin',(-6.0000013411045,-78.5,3.));
#4329=CARTESIAN_POINT('',(67.5358970437578,-80.5,3.));
#4330=CARTESIAN_POINT('',(50.,-80.5,3.));
#4331=CARTESIAN_POINT('',(74.9999986588955,-78.5,3.));
#4332=CARTESIAN_POINT('Origin',(70.9999986588955,-78.5,3.));
#4333=CARTESIAN_POINT('',(74.4641002740333,-80.5,3.));
#4334=CARTESIAN_POINT('Origin',(70.9999986588955,-78.5,3.));
#4335=CARTESIAN_POINT('',(91.648353455755,-80.5,3.));
#4336=CARTESIAN_POINT('',(50.,-80.5,3.));
#4337=CARTESIAN_POINT('',(105.5,-66.648353455755,3.));
#4338=CARTESIAN_POINT('Origin',(100.,-75.,3.));
#4339=CARTESIAN_POINT('',(105.5,37.5,3.));
#4340=CARTESIAN_POINT('',(11.5,30.5,3.));
#4341=CARTESIAN_POINT('',(15.5,26.5,3.));
#4342=CARTESIAN_POINT('Origin',(11.5,26.5,3.));
#4343=CARTESIAN_POINT('',(15.5,3.5,3.));
#4344=CARTESIAN_POINT('',(15.5,1.75,3.));
#4345=CARTESIAN_POINT('',(11.4999999999991,-0.500000000000052,3.));
#4346=CARTESIAN_POINT('Origin',(11.5,3.5,3.));
#4347=CARTESIAN_POINT('',(-11.4999918613178,-0.499999999991724,3.));
#4348=CARTESIAN_POINT('',(-5.749995930659,-0.499999999993806,3.));
#4349=CARTESIAN_POINT('',(-15.5,3.49999999999999,3.));
#4350=CARTESIAN_POINT('Origin',(-11.5,3.5,3.));
#4351=CARTESIAN_POINT('',(-15.5,26.5,3.));
#4352=CARTESIAN_POINT('',(-15.5,13.25,3.));
#4353=CARTESIAN_POINT('',(-11.5,30.5,3.));
#4354=CARTESIAN_POINT('Origin',(-11.5,26.5,3.));
#4355=CARTESIAN_POINT('',(5.74999999999999,30.5,3.));
#4356=CARTESIAN_POINT('',(-24.9999795425684,-57.7500012367839,3.));
#4357=CARTESIAN_POINT('',(-24.9999857265503,-47.7500012367858,3.));
#4358=CARTESIAN_POINT('',(-24.9999973988117,-28.875008348374,3.));
#4359=CARTESIAN_POINT('',(-19.9999857265513,-47.7499981447948,3.));
#4360=CARTESIAN_POINT('',(-12.4999780990229,-47.7499935068037,3.));
#4361=CARTESIAN_POINT('',(-19.9999795425694,-57.7499981447929,3.));
#4362=CARTESIAN_POINT('Origin',(-19.9999826345603,-52.7499981447939,3.));
#4363=CARTESIAN_POINT('',(-9.99997191504148,-57.7499919608063,3.));
#4364=CARTESIAN_POINT('',(-2.00000134110449,-23.5,3.));
#4365=CARTESIAN_POINT('Origin',(-6.00000134110449,-23.5,3.));
#4366=CARTESIAN_POINT('',(74.9999986588955,-23.5,3.));
#4367=CARTESIAN_POINT('Origin',(70.9999986588955,-23.5,3.));
#4368=CARTESIAN_POINT('Origin',(73.5,83.,34.));
#4369=CARTESIAN_POINT('',(76.,81.,33.5));
#4370=CARTESIAN_POINT('',(64.,81.,33.5));
#4371=CARTESIAN_POINT('',(73.5,81.,33.5));
#4372=CARTESIAN_POINT('',(63.,85.,34.5));
#4373=CARTESIAN_POINT('',(64.,81.,33.5));
#4374=CARTESIAN_POINT('',(77.,85.,34.5));
#4375=CARTESIAN_POINT('',(88.5,85.,34.5));
#4376=CARTESIAN_POINT('',(76.,81.,33.5));
#4377=CARTESIAN_POINT('Origin',(63.5,83.,29.75));
#4378=CARTESIAN_POINT('',(63.,85.,15.5));
#4379=CARTESIAN_POINT('',(63.,85.,17.25));
#4380=CARTESIAN_POINT('',(64.,81.,16.5));
#4381=CARTESIAN_POINT('',(64.,81.,29.75));
#4382=CARTESIAN_POINT('',(64.,81.,16.5));
#4383=CARTESIAN_POINT('Origin',(66.5,83.,16.));
#4384=CARTESIAN_POINT('',(77.,85.,15.5));
#4385=CARTESIAN_POINT('',(81.5,85.,15.5));
#4386=CARTESIAN_POINT('',(76.,81.,16.5));
#4387=CARTESIAN_POINT('',(66.5,81.,16.5));
#4388=CARTESIAN_POINT('',(76.,81.,16.5));
#4389=CARTESIAN_POINT('Origin',(76.5,83.,20.25));
#4390=CARTESIAN_POINT('',(77.,85.,7.75));
#4391=CARTESIAN_POINT('',(76.,81.,20.25));
#4392=CARTESIAN_POINT('Origin',(70.,81.,25.));
#4393=CARTESIAN_POINT('',(74.5,81.,32.));
#4394=CARTESIAN_POINT('',(65.5,81.,32.));
#4395=CARTESIAN_POINT('',(72.25,81.,32.));
#4396=CARTESIAN_POINT('',(65.5,81.,18.));
#4397=CARTESIAN_POINT('',(65.5,81.,28.5));
#4398=CARTESIAN_POINT('',(74.5,81.,18.));
#4399=CARTESIAN_POINT('',(67.75,81.,18.));
#4400=CARTESIAN_POINT('',(74.5,81.,21.5));
#4401=CARTESIAN_POINT('Origin',(65.5,81.,18.));
#4402=CARTESIAN_POINT('',(74.5,80.,18.));
#4403=CARTESIAN_POINT('',(65.5,80.,18.));
#4404=CARTESIAN_POINT('',(67.75,80.,18.));
#4405=CARTESIAN_POINT('',(74.5,81.,18.));
#4406=CARTESIAN_POINT('',(65.5,81.,18.));
#4407=CARTESIAN_POINT('Origin',(65.5,81.,32.));
#4408=CARTESIAN_POINT('',(65.5,80.,32.));
#4409=CARTESIAN_POINT('',(65.5,80.,28.5));
#4410=CARTESIAN_POINT('',(65.5,81.,32.));
#4411=CARTESIAN_POINT('Origin',(74.5,81.,32.));
#4412=CARTESIAN_POINT('',(74.5,80.,32.));
#4413=CARTESIAN_POINT('',(72.25,80.,32.));
#4414=CARTESIAN_POINT('',(74.5,81.,32.));
#4415=CARTESIAN_POINT('Origin',(74.5,81.,18.));
#4416=CARTESIAN_POINT('',(74.5,80.,21.5));
#4417=CARTESIAN_POINT('Origin',(-11.5,81.5,36.));
#4418=CARTESIAN_POINT('',(80.,83.,37.5));
#4419=CARTESIAN_POINT('',(60.,83.,37.5));
#4420=CARTESIAN_POINT('',(-11.5,83.,37.5));
#4421=CARTESIAN_POINT('',(63.,80.,34.5));
#4422=CARTESIAN_POINT('',(60.,83.,37.5));
#4423=CARTESIAN_POINT('',(77.,80.,34.5));
#4424=CARTESIAN_POINT('',(63.,80.,34.5));
#4425=CARTESIAN_POINT('',(77.,80.,34.5));
#4426=CARTESIAN_POINT('Origin',(61.5,81.5,17.25));
#4427=CARTESIAN_POINT('',(63.,80.,15.5));
#4428=CARTESIAN_POINT('',(63.,80.,15.5));
#4429=CARTESIAN_POINT('',(60.,83.,12.5));
#4430=CARTESIAN_POINT('',(60.,83.,17.25));
#4431=CARTESIAN_POINT('',(63.,80.,15.5));
#4432=CARTESIAN_POINT('Origin',(78.5,81.5,7.75));
#4433=CARTESIAN_POINT('',(80.,83.,12.5));
#4434=CARTESIAN_POINT('',(80.,83.,7.75));
#4435=CARTESIAN_POINT('',(77.,80.,15.5));
#4436=CARTESIAN_POINT('',(77.,80.,34.5));
#4437=CARTESIAN_POINT('',(77.,80.,15.5));
#4438=CARTESIAN_POINT('Origin',(-18.5,81.5,14.));
#4439=CARTESIAN_POINT('',(-18.5,83.,12.5));
#4440=CARTESIAN_POINT('',(77.,80.,15.5));
#4441=CARTESIAN_POINT('Origin',(-100.,83.,0.));
#4442=CARTESIAN_POINT('',(100.,83.,45.));
#4443=CARTESIAN_POINT('',(-100.,83.,45.));
#4444=CARTESIAN_POINT('',(100.,83.,50.));
#4445=CARTESIAN_POINT('',(100.,83.,50.));
#4446=CARTESIAN_POINT('',(-100.,83.,50.));
#4447=CARTESIAN_POINT('',(47.,83.,50.));
#4448=CARTESIAN_POINT('',(-100.,83.,45.));
#4449=CARTESIAN_POINT('',(-100.,83.,50.));
#4450=CARTESIAN_POINT('',(-94.,83.,45.));
#4451=CARTESIAN_POINT('',(-100.,83.,45.));
#4452=CARTESIAN_POINT('',(-94.,83.,50.));
#4453=CARTESIAN_POINT('',(13.6,83.,25.));
#4454=CARTESIAN_POINT('Origin',(11.,83.,25.));
#4455=CARTESIAN_POINT('',(-8.9,83.,25.));
#4456=CARTESIAN_POINT('Origin',(-11.5,83.,25.));
#4457=CARTESIAN_POINT('',(6.1,83.,25.));
#4458=CARTESIAN_POINT('Origin',(3.5,83.,25.));
#4459=CARTESIAN_POINT('',(-1.4,83.,25.));
#4460=CARTESIAN_POINT('Origin',(-4.,83.,25.));
#4461=CARTESIAN_POINT('',(-56.5,83.,20.));
#4462=CARTESIAN_POINT('Origin',(-60.,83.,20.));
#4463=CARTESIAN_POINT('Origin',(70.,80.,25.));
#4464=CARTESIAN_POINT('Origin',(-60.,85.,20.));
#4465=CARTESIAN_POINT('',(-56.5,85.,20.));
#4466=CARTESIAN_POINT('Origin',(-60.,85.,20.));
#4467=CARTESIAN_POINT('',(-56.5,85.,20.));
#4468=CARTESIAN_POINT('Origin',(50.,-80.5,5.5));
#4469=CARTESIAN_POINT('Ctrl Pts',(-9.46410295624226,-80.5,3.));
#4470=CARTESIAN_POINT('Ctrl Pts',(-9.32224994975642,-80.7456966144399,3.));
#4471=CARTESIAN_POINT('Ctrl Pts',(-9.15211142016992,-80.9761505485063,3.03760532406166));
#4472=CARTESIAN_POINT('Ctrl Pts',(-8.60532968603393,-81.5864628742165,3.20713699634794));
#4473=CARTESIAN_POINT('Ctrl Pts',(-8.14342828724561,-81.9227935864422,3.4221524797386));
#4474=CARTESIAN_POINT('Ctrl Pts',(-7.38151772843249,-82.2641546175552,3.72216228414341));
#4475=CARTESIAN_POINT('Ctrl Pts',(-7.11589348929606,-82.3513897727853,3.81752876370212));
#4476=CARTESIAN_POINT('Ctrl Pts',(-6.56838064394187,-82.4693026312957,3.95721007580278));
#4477=CARTESIAN_POINT('Ctrl Pts',(-6.28610836789764,-82.5,4.00000000000001));
#4478=CARTESIAN_POINT('Ctrl Pts',(-5.71389431431135,-82.5,4.00000000000001));
#4479=CARTESIAN_POINT('Ctrl Pts',(-5.43162203826712,-82.4693026312957,3.95721007580278));
#4480=CARTESIAN_POINT('Ctrl Pts',(-4.88410919291293,-82.3513897727853,3.81752876370212));
#4481=CARTESIAN_POINT('Ctrl Pts',(-4.6184849537765,-82.2641546175552,3.72216228414341));
#4482=CARTESIAN_POINT('Ctrl Pts',(-3.85657439496338,-81.9227935864422,3.4221524797386));
#4483=CARTESIAN_POINT('Ctrl Pts',(-3.39467299617507,-81.5864628742165,3.20713699634794));
#4484=CARTESIAN_POINT('Ctrl Pts',(-2.84789126203907,-80.9761505485063,3.03760532406166));
#4485=CARTESIAN_POINT('Ctrl Pts',(-2.67775273245257,-80.7456966144399,3.));
#4486=CARTESIAN_POINT('Ctrl Pts',(-2.53589972596673,-80.5,3.));
#4487=CARTESIAN_POINT('',(-25.0000013411045,-83.,5.5));
#4488=CARTESIAN_POINT('Origin',(-25.0000013411045,-80.5,5.5));
#4489=CARTESIAN_POINT('',(94.,-83.,5.5));
#4490=CARTESIAN_POINT('',(50.,-83.,5.5));
#4491=CARTESIAN_POINT('Ctrl Pts',(91.648353455755,-80.5,3.));
#4492=CARTESIAN_POINT('Ctrl Pts',(91.8796296455829,-80.8511885439169,3.));
#4493=CARTESIAN_POINT('Ctrl Pts',(92.150502200056,-81.2102053788396,3.07700757235015));
#4494=CARTESIAN_POINT('Ctrl Pts',(92.7067544518004,-81.8549132158098,3.36939108475287));
#4495=CARTESIAN_POINT('Ctrl Pts',(92.9918698365095,-82.1413028750537,3.58372792812132));
#4496=CARTESIAN_POINT('Ctrl Pts',(93.4291008952066,-82.5425578446263,4.03467889091524));
#4497=CARTESIAN_POINT('Ctrl Pts',(93.6236690802825,-82.7055863681488,4.28363256307645));
#4498=CARTESIAN_POINT('Ctrl Pts',(93.8388658838122,-82.8771086670639,4.7107635574342));
#4499=CARTESIAN_POINT('Ctrl Pts',(93.8978685411203,-82.9225350534062,4.86217467488285));
#4500=CARTESIAN_POINT('Ctrl Pts',(93.9785072422084,-82.9839961791707,5.17556171063948));
#4501=CARTESIAN_POINT('Ctrl Pts',(94.,-83.,5.3375805434712));
#4502=CARTESIAN_POINT('Ctrl Pts',(94.,-83.,5.5));
#4503=CARTESIAN_POINT('Ctrl Pts',(67.5358970437577,-80.5,3.));
#4504=CARTESIAN_POINT('Ctrl Pts',(67.6777500502436,-80.7456966144399,3.));
#4505=CARTESIAN_POINT('Ctrl Pts',(67.8478885798301,-80.9761505485063,3.03760532406165));
#4506=CARTESIAN_POINT('Ctrl Pts',(68.3946703139661,-81.5864628742165,3.20713699634793));
#4507=CARTESIAN_POINT('Ctrl Pts',(68.8565717127544,-81.9227935864422,3.42215247973858));
#4508=CARTESIAN_POINT('Ctrl Pts',(69.6184822715675,-82.2641546175552,3.72216228414339));
#4509=CARTESIAN_POINT('Ctrl Pts',(69.8841065107039,-82.3513897727853,3.8175287637021));
#4510=CARTESIAN_POINT('Ctrl Pts',(70.4316193560581,-82.4693026312956,3.95721007580275));
#4511=CARTESIAN_POINT('Ctrl Pts',(70.7138916321024,-82.5,3.99999999999999));
#4512=CARTESIAN_POINT('Ctrl Pts',(71.2861056856887,-82.5,3.99999999999999));
#4513=CARTESIAN_POINT('Ctrl Pts',(71.5683779617329,-82.4693026312956,3.95721007580275));
#4514=CARTESIAN_POINT('Ctrl Pts',(72.1158908070871,-82.3513897727853,3.8175287637021));
#4515=CARTESIAN_POINT('Ctrl Pts',(72.3815150462235,-82.2641546175552,3.72216228414339));
#4516=CARTESIAN_POINT('Ctrl Pts',(73.1434256050366,-81.9227935864422,3.42215247973858));
#4517=CARTESIAN_POINT('Ctrl Pts',(73.6053270038249,-81.5864628742165,3.20713699634793));
#4518=CARTESIAN_POINT('Ctrl Pts',(74.1521087379609,-80.9761505485063,3.03760532406166));
#4519=CARTESIAN_POINT('Ctrl Pts',(74.3222472675474,-80.7456966144399,3.));
#4520=CARTESIAN_POINT('Ctrl Pts',(74.4641002740333,-80.5,3.));
#4521=CARTESIAN_POINT('Origin',(100.,-75.,50.));
#4522=CARTESIAN_POINT('',(94.,-83.,45.));
#4523=CARTESIAN_POINT('',(94.,-83.,50.));
#4524=CARTESIAN_POINT('',(108.,-69.,45.));
#4525=CARTESIAN_POINT('Origin',(100.,-75.,45.));
#4526=CARTESIAN_POINT('',(108.,-69.,5.5));
#4527=CARTESIAN_POINT('',(108.,-69.,50.));
#4528=CARTESIAN_POINT('Ctrl Pts',(108.,-69.,5.5));
#4529=CARTESIAN_POINT('Ctrl Pts',(108.,-69.,5.3375805434712));
#4530=CARTESIAN_POINT('Ctrl Pts',(107.983996179171,-68.9785072422085,5.17556171063948));
#4531=CARTESIAN_POINT('Ctrl Pts',(107.922535053406,-68.8978685411204,4.86217467488286));
#4532=CARTESIAN_POINT('Ctrl Pts',(107.877108667064,-68.8388658838122,4.71076355743421));
#4533=CARTESIAN_POINT('Ctrl Pts',(107.705586368149,-68.6236690802825,4.28363256307646));
#4534=CARTESIAN_POINT('Ctrl Pts',(107.542557844626,-68.4291008952067,4.03467889091524));
#4535=CARTESIAN_POINT('Ctrl Pts',(107.141302875054,-67.9918698365095,3.58372792812132));
#4536=CARTESIAN_POINT('Ctrl Pts',(106.85491321581,-67.7067544518004,3.36939108475287));
#4537=CARTESIAN_POINT('Ctrl Pts',(106.21020537884,-67.150502200056,3.07700757235016));
#4538=CARTESIAN_POINT('Ctrl Pts',(105.851188543917,-66.8796296455829,3.));
#4539=CARTESIAN_POINT('Ctrl Pts',(105.5,-66.648353455755,3.));
#4540=CARTESIAN_POINT('',(91.3009082841212,-70.0678804435894,40.));
#4541=CARTESIAN_POINT('',(97.700909166053,-65.2678788880707,40.));
#4542=CARTESIAN_POINT('Origin',(100.,-75.,40.));
#4543=CARTESIAN_POINT('',(91.3009082841212,-70.0678804435894,35.));
#4544=CARTESIAN_POINT('',(91.3009082841211,-70.0678804435894,50.));
#4545=CARTESIAN_POINT('',(97.700909166053,-65.2678788880707,35.));
#4546=CARTESIAN_POINT('Origin',(100.,-75.,35.));
#4547=CARTESIAN_POINT('',(97.7009091660529,-65.2678788880707,50.));
#4548=CARTESIAN_POINT('Origin',(100.,-83.,0.));
#4549=CARTESIAN_POINT('',(-25.0000013411045,-83.,18.));
#4550=CARTESIAN_POINT('',(-25.0000013411045,-83.,1.5));
#4551=CARTESIAN_POINT('',(-27.0000013411045,-83.0000012367964,18.));
#4552=CARTESIAN_POINT('',(20.7499993294477,-83.,18.));
#4553=CARTESIAN_POINT('',(-27.0000013411045,-83.0000012367964,3.));
#4554=CARTESIAN_POINT('',(-27.0000013411045,-83.,1.5));
#4555=CARTESIAN_POINT('',(-90.0000013411045,-83.0000012367964,3.));
#4556=CARTESIAN_POINT('',(-100.,-83.,3.));
#4557=CARTESIAN_POINT('',(-90.0000013411045,-83.0000012367964,18.));
#4558=CARTESIAN_POINT('',(-90.0000013411045,-83.,1.5));
#4559=CARTESIAN_POINT('',(-94.,-83.,18.));
#4560=CARTESIAN_POINT('',(3.37499931268393,-83.,18.));
#4561=CARTESIAN_POINT('',(-94.,-83.,45.));
#4562=CARTESIAN_POINT('',(-94.,-83.,50.));
#4563=CARTESIAN_POINT('',(-100.,-83.,45.));
#4564=CARTESIAN_POINT('',(100.,-83.,45.));
#4565=CARTESIAN_POINT('',(-100.,-83.,50.));
#4566=CARTESIAN_POINT('',(-100.,-83.,50.));
#4567=CARTESIAN_POINT('',(100.,-83.,50.));
#4568=CARTESIAN_POINT('',(-47.,-83.,50.));
#4569=CARTESIAN_POINT('',(100.,-83.,45.));
#4570=CARTESIAN_POINT('',(100.,-83.,50.));
#4571=CARTESIAN_POINT('',(100.,-83.,45.));
#4572=CARTESIAN_POINT('',(28.,-83.,34.));
#4573=CARTESIAN_POINT('',(37.,-83.,34.));
#4574=CARTESIAN_POINT('',(64.,-83.,34.));
#4575=CARTESIAN_POINT('',(21.,-83.,27.));
#4576=CARTESIAN_POINT('Origin',(28.,-83.,27.));
#4577=CARTESIAN_POINT('',(21.,-83.,23.));
#4578=CARTESIAN_POINT('',(21.,-83.,11.5));
#4579=CARTESIAN_POINT('',(28.,-83.,16.));
#4580=CARTESIAN_POINT('Origin',(28.,-83.,23.));
#4581=CARTESIAN_POINT('',(37.,-83.,16.));
#4582=CARTESIAN_POINT('',(68.5,-83.,16.));
#4583=CARTESIAN_POINT('',(44.,-83.,23.));
#4584=CARTESIAN_POINT('Origin',(37.,-83.,23.));
#4585=CARTESIAN_POINT('',(44.,-83.,27.));
#4586=CARTESIAN_POINT('',(44.,-83.,13.5));
#4587=CARTESIAN_POINT('Origin',(37.,-83.,27.));
#4588=CARTESIAN_POINT('Origin',(-25.0000013411045,-85.0000012367964,3.));
#4589=CARTESIAN_POINT('',(-25.0000013411045,-22.5000012367964,18.));
#4590=CARTESIAN_POINT('',(-25.0000013411045,-22.5000012367964,3.));
#4591=CARTESIAN_POINT('',(-25.0000013411045,-85.0000012367964,18.));
#4592=CARTESIAN_POINT('Origin',(105.5,37.5,5.5));
#4593=CARTESIAN_POINT('',(108.,37.5,5.5));
#4594=CARTESIAN_POINT('Origin',(-105.5,-37.5,5.5));
#4595=CARTESIAN_POINT('',(-108.,-69.,5.5));
#4596=CARTESIAN_POINT('Ctrl Pts',(-105.5,-66.648353455755,3.));
#4597=CARTESIAN_POINT('Ctrl Pts',(-105.851188543917,-66.8796296455829,3.));
#4598=CARTESIAN_POINT('Ctrl Pts',(-106.21020537884,-67.150502200056,3.07700757235016));
#4599=CARTESIAN_POINT('Ctrl Pts',(-106.85491321581,-67.7067544518004,3.36939108475287));
#4600=CARTESIAN_POINT('Ctrl Pts',(-107.141302875054,-67.9918698365095,3.58372792812132));
#4601=CARTESIAN_POINT('Ctrl Pts',(-107.542557844626,-68.4291008952067,4.03467889091524));
#4602=CARTESIAN_POINT('Ctrl Pts',(-107.705586368149,-68.6236690802825,4.28363256307646));
#4603=CARTESIAN_POINT('Ctrl Pts',(-107.877108667064,-68.8388658838122,4.71076355743421));
#4604=CARTESIAN_POINT('Ctrl Pts',(-107.922535053406,-68.8978685411204,4.86217467488286));
#4605=CARTESIAN_POINT('Ctrl Pts',(-107.983996179171,-68.9785072422085,5.17556171063948));
#4606=CARTESIAN_POINT('Ctrl Pts',(-108.,-69.,5.3375805434712));
#4607=CARTESIAN_POINT('Ctrl Pts',(-108.,-69.,5.5));
#4608=CARTESIAN_POINT('',(-108.,69.,5.5));
#4609=CARTESIAN_POINT('Ctrl Pts',(-108.,69.,5.5));
#4610=CARTESIAN_POINT('Ctrl Pts',(-108.,69.,5.3375805434712));
#4611=CARTESIAN_POINT('Ctrl Pts',(-107.983996179171,68.9785072422085,5.17556171063947));
#4612=CARTESIAN_POINT('Ctrl Pts',(-107.922535053406,68.8978685411204,4.86217467488285));
#4613=CARTESIAN_POINT('Ctrl Pts',(-107.877108667064,68.8388658838123,4.71076355743421));
#4614=CARTESIAN_POINT('Ctrl Pts',(-107.705586368149,68.6236690802825,4.28363256307646));
#4615=CARTESIAN_POINT('Ctrl Pts',(-107.542557844626,68.4291008952067,4.03467889091524));
#4616=CARTESIAN_POINT('Ctrl Pts',(-107.141302875054,67.9918698365095,3.58372792812132));
#4617=CARTESIAN_POINT('Ctrl Pts',(-106.85491321581,67.7067544518005,3.36939108475287));
#4618=CARTESIAN_POINT('Ctrl Pts',(-106.21020537884,67.1505022000561,3.07700757235016));
#4619=CARTESIAN_POINT('Ctrl Pts',(-105.851188543917,66.8796296455829,3.));
#4620=CARTESIAN_POINT('Ctrl Pts',(-105.5,66.648353455755,3.));
#4621=CARTESIAN_POINT('',(-108.,-37.5,5.5));
#4622=CARTESIAN_POINT('Origin',(-100.,75.,50.));
#4623=CARTESIAN_POINT('',(-108.,69.,45.));
#4624=CARTESIAN_POINT('Origin',(-100.,75.,45.));
#4625=CARTESIAN_POINT('',(-108.,69.,50.));
#4626=CARTESIAN_POINT('',(-90.2678788880707,72.700909166053,40.));
#4627=CARTESIAN_POINT('',(-95.0678788880706,66.300909166053,40.));
#4628=CARTESIAN_POINT('Origin',(-100.,75.,40.));
#4629=CARTESIAN_POINT('',(-90.2678788880707,72.700909166053,35.));
#4630=CARTESIAN_POINT('',(-90.2678788880707,72.700909166053,50.));
#4631=CARTESIAN_POINT('',(-95.0678788880706,66.300909166053,35.));
#4632=CARTESIAN_POINT('Origin',(-100.,75.,35.));
#4633=CARTESIAN_POINT('',(-95.0678788880707,66.300909166053,50.));
#4634=CARTESIAN_POINT('Origin',(50.,80.,5.));
#4635=CARTESIAN_POINT('',(100.,85.,5.));
#4636=CARTESIAN_POINT('',(100.,80.,0.));
#4637=CARTESIAN_POINT('Origin',(100.,80.,5.));
#4638=CARTESIAN_POINT('',(-100.,80.,0.));
#4639=CARTESIAN_POINT('',(50.,80.,0.));
#4640=CARTESIAN_POINT('',(-100.,85.,5.));
#4641=CARTESIAN_POINT('Origin',(-100.,80.,5.));
#4642=CARTESIAN_POINT('',(50.,85.,5.));
#4643=CARTESIAN_POINT('Ctrl Pts',(-100.,80.,0.));
#4644=CARTESIAN_POINT('Ctrl Pts',(-105.,80.,0.));
#4645=CARTESIAN_POINT('Ctrl Pts',(-105.,75.,0.));
#4646=CARTESIAN_POINT('Ctrl Pts',(-100.,85.,-2.22044604925031E-15));
#4647=CARTESIAN_POINT('Ctrl Pts',(-110.,85.,-2.37352689914373E-15));
#4648=CARTESIAN_POINT('Ctrl Pts',(-110.,75.,-2.37352689914373E-15));
#4649=CARTESIAN_POINT('Ctrl Pts',(-100.,85.,5.));
#4650=CARTESIAN_POINT('Ctrl Pts',(-110.,85.,5.));
#4651=CARTESIAN_POINT('Ctrl Pts',(-110.,75.,5.));
#4652=CARTESIAN_POINT('',(-105.,75.,0.));
#4653=CARTESIAN_POINT('',(-110.,75.,5.));
#4654=CARTESIAN_POINT('Origin',(-105.,75.,5.));
#4655=CARTESIAN_POINT('Origin',(-100.,75.,5.));
#4656=CARTESIAN_POINT('Origin',(-100.,75.,0.));
#4657=CARTESIAN_POINT('Origin',(-105.,37.5,5.));
#4658=CARTESIAN_POINT('',(-105.,-75.,0.));
#4659=CARTESIAN_POINT('',(-110.,-75.,5.));
#4660=CARTESIAN_POINT('Origin',(-105.,-75.,5.));
#4661=CARTESIAN_POINT('',(-110.,37.5,5.));
#4662=CARTESIAN_POINT('',(-105.,37.5,0.));
#4663=CARTESIAN_POINT('Ctrl Pts',(-105.,-75.,0.));
#4664=CARTESIAN_POINT('Ctrl Pts',(-105.,-80.,0.));
#4665=CARTESIAN_POINT('Ctrl Pts',(-100.,-80.,0.));
#4666=CARTESIAN_POINT('Ctrl Pts',(-110.,-75.,6.79586418575448E-16));
#4667=CARTESIAN_POINT('Ctrl Pts',(-110.,-85.,6.79586418575448E-16));
#4668=CARTESIAN_POINT('Ctrl Pts',(-100.,-85.,5.55111512312578E-16));
#4669=CARTESIAN_POINT('Ctrl Pts',(-110.,-75.,5.));
#4670=CARTESIAN_POINT('Ctrl Pts',(-110.,-85.,5.));
#4671=CARTESIAN_POINT('Ctrl Pts',(-100.,-85.,5.));
#4672=CARTESIAN_POINT('',(-100.,-80.,0.));
#4673=CARTESIAN_POINT('',(-100.,-85.,5.));
#4674=CARTESIAN_POINT('Origin',(-100.,-80.,5.));
#4675=CARTESIAN_POINT('Origin',(-100.,-75.,5.));
#4676=CARTESIAN_POINT('Origin',(-100.,-75.,0.));
#4677=CARTESIAN_POINT('Origin',(-50.,-80.,5.));
#4678=CARTESIAN_POINT('',(100.,-80.,0.));
#4679=CARTESIAN_POINT('',(100.,-85.,5.));
#4680=CARTESIAN_POINT('Origin',(100.,-80.,5.));
#4681=CARTESIAN_POINT('',(-50.,-85.,5.));
#4682=CARTESIAN_POINT('',(-50.,-80.,0.));
#4683=CARTESIAN_POINT('Ctrl Pts',(100.,-80.,0.));
#4684=CARTESIAN_POINT('Ctrl Pts',(105.,-80.,0.));
#4685=CARTESIAN_POINT('Ctrl Pts',(105.,-75.,0.));
#4686=CARTESIAN_POINT('Ctrl Pts',(100.,-85.,-2.22044604925031E-15));
#4687=CARTESIAN_POINT('Ctrl Pts',(110.,-85.,-2.06736519935689E-15));
#4688=CARTESIAN_POINT('Ctrl Pts',(110.,-75.,-2.06736519935689E-15));
#4689=CARTESIAN_POINT('Ctrl Pts',(100.,-85.,5.));
#4690=CARTESIAN_POINT('Ctrl Pts',(110.,-85.,5.));
#4691=CARTESIAN_POINT('Ctrl Pts',(110.,-75.,5.));
#4692=CARTESIAN_POINT('',(105.,-75.,0.));
#4693=CARTESIAN_POINT('',(110.,-75.,5.));
#4694=CARTESIAN_POINT('Origin',(105.,-75.,5.));
#4695=CARTESIAN_POINT('Origin',(100.,-75.,5.));
#4696=CARTESIAN_POINT('Origin',(100.,-75.,0.));
#4697=CARTESIAN_POINT('Origin',(105.,-37.5,5.));
#4698=CARTESIAN_POINT('',(105.,75.,0.));
#4699=CARTESIAN_POINT('',(110.,75.,5.));
#4700=CARTESIAN_POINT('Origin',(105.,75.,5.));
#4701=CARTESIAN_POINT('',(110.,-37.5,5.));
#4702=CARTESIAN_POINT('',(105.,-37.5,0.));
#4703=CARTESIAN_POINT('Ctrl Pts',(105.,75.,0.));
#4704=CARTESIAN_POINT('Ctrl Pts',(105.,80.,0.));
#4705=CARTESIAN_POINT('Ctrl Pts',(100.,80.,0.));
#4706=CARTESIAN_POINT('Ctrl Pts',(110.,75.,4.30636606049708E-16));
#4707=CARTESIAN_POINT('Ctrl Pts',(110.,85.,4.30636606049708E-16));
#4708=CARTESIAN_POINT('Ctrl Pts',(100.,85.,5.55111512312578E-16));
#4709=CARTESIAN_POINT('Ctrl Pts',(110.,75.,5.));
#4710=CARTESIAN_POINT('Ctrl Pts',(110.,85.,5.));
#4711=CARTESIAN_POINT('Ctrl Pts',(100.,85.,5.));
#4712=CARTESIAN_POINT('Origin',(100.,75.,5.));
#4713=CARTESIAN_POINT('Origin',(100.,75.,0.));
#4714=CARTESIAN_POINT('Origin',(100.,-75.,0.));
#4715=CARTESIAN_POINT('',(110.,-75.,50.));
#4716=CARTESIAN_POINT('',(110.,-75.,0.));
#4717=CARTESIAN_POINT('',(100.,-85.,50.));
#4718=CARTESIAN_POINT('Origin',(100.,-75.,50.));
#4719=CARTESIAN_POINT('',(100.,-85.,0.));
#4720=CARTESIAN_POINT('Origin',(110.,-75.,0.));
#4721=CARTESIAN_POINT('',(110.,75.,50.));
#4722=CARTESIAN_POINT('',(110.,75.,0.));
#4723=CARTESIAN_POINT('',(110.,-75.,50.));
#4724=CARTESIAN_POINT('Origin',(100.,75.,0.));
#4725=CARTESIAN_POINT('',(100.,85.,50.));
#4726=CARTESIAN_POINT('',(100.,85.,0.));
#4727=CARTESIAN_POINT('Origin',(100.,75.,50.));
#4728=CARTESIAN_POINT('Origin',(100.,85.,0.));
#4729=CARTESIAN_POINT('',(-100.,85.,50.));
#4730=CARTESIAN_POINT('',(-100.,85.,0.));
#4731=CARTESIAN_POINT('',(100.,85.,50.));
#4732=CARTESIAN_POINT('',(13.6,85.,25.));
#4733=CARTESIAN_POINT('Origin',(11.,85.,25.));
#4734=CARTESIAN_POINT('',(-8.9,85.,25.));
#4735=CARTESIAN_POINT('Origin',(-11.5,85.,25.));
#4736=CARTESIAN_POINT('',(6.1,85.,25.));
#4737=CARTESIAN_POINT('Origin',(3.5,85.,25.));
#4738=CARTESIAN_POINT('',(-1.4,85.,25.));
#4739=CARTESIAN_POINT('Origin',(-4.,85.,25.));
#4740=CARTESIAN_POINT('Origin',(0.,0.,0.));
#4741=CARTESIAN_POINT('Origin',(11.5,26.5,3.));
#4742=CARTESIAN_POINT('',(15.5,26.5,13.));
#4743=CARTESIAN_POINT('Origin',(11.5,26.5,13.));
#4744=CARTESIAN_POINT('',(15.5,26.5,8.));
#4745=CARTESIAN_POINT('',(15.5,26.5,3.));
#4746=CARTESIAN_POINT('',(15.5,26.5,3.));
#4747=CARTESIAN_POINT('',(11.5,30.5,8.));
#4748=CARTESIAN_POINT('',(11.5,30.5,3.));
#4749=CARTESIAN_POINT('Origin',(11.5,26.5,8.));
#4750=CARTESIAN_POINT('Origin',(11.5,26.5,3.));
#4751=CARTESIAN_POINT('',(13.6,26.5,13.));
#4752=CARTESIAN_POINT('Origin',(11.5,26.5,13.));
#4753=CARTESIAN_POINT('',(13.6,26.5,3.));
#4754=CARTESIAN_POINT('',(13.6,26.5,3.));
#4755=CARTESIAN_POINT('Origin',(11.5,26.5,3.));
#4756=CARTESIAN_POINT('Origin',(11.5,26.5,13.));
#4757=CARTESIAN_POINT('Origin',(11.5,3.5,3.));
#4758=CARTESIAN_POINT('',(13.6,3.5,13.));
#4759=CARTESIAN_POINT('Origin',(11.5,3.5,13.));
#4760=CARTESIAN_POINT('',(13.6,3.5,3.));
#4761=CARTESIAN_POINT('',(13.6,3.5,3.));
#4762=CARTESIAN_POINT('Origin',(11.5,3.5,3.));
#4763=CARTESIAN_POINT('Origin',(11.5,3.5,3.));
#4764=CARTESIAN_POINT('',(15.5,3.5,13.));
#4765=CARTESIAN_POINT('Origin',(11.5,3.5,13.));
#4766=CARTESIAN_POINT('',(15.5,3.5,8.));
#4767=CARTESIAN_POINT('',(15.5,3.5,3.));
#4768=CARTESIAN_POINT('',(11.4999999999991,-0.500000000000052,8.));
#4769=CARTESIAN_POINT('Origin',(11.5,3.5,8.));
#4770=CARTESIAN_POINT('',(11.4999999999991,-0.500000000000052,3.));
#4771=CARTESIAN_POINT('',(15.5,3.5,3.));
#4772=CARTESIAN_POINT('Origin',(11.5,3.5,13.));
#4773=CARTESIAN_POINT('Origin',(0.,0.,3.));
#4774=CARTESIAN_POINT('Origin',(-11.5,26.5,3.));
#4775=CARTESIAN_POINT('',(-7.5,26.5,13.));
#4776=CARTESIAN_POINT('Origin',(-11.5,26.5,13.));
#4777=CARTESIAN_POINT('',(-7.5,26.5,8.));
#4778=CARTESIAN_POINT('',(-7.5,26.5,3.));
#4779=CARTESIAN_POINT('',(-11.5,30.5,8.));
#4780=CARTESIAN_POINT('Origin',(-11.5,26.5,8.));
#4781=CARTESIAN_POINT('',(-11.5,30.5,3.));
#4782=CARTESIAN_POINT('',(-15.5,26.5,8.));
#4783=CARTESIAN_POINT('',(-15.5,26.5,3.));
#4784=CARTESIAN_POINT('Origin',(-11.5,26.5,8.));
#4785=CARTESIAN_POINT('Origin',(-11.5,26.5,3.));
#4786=CARTESIAN_POINT('',(-9.4,26.5,13.));
#4787=CARTESIAN_POINT('Origin',(-11.5,26.5,13.));
#4788=CARTESIAN_POINT('',(-9.4,26.5,3.));
#4789=CARTESIAN_POINT('',(-9.4,26.5,3.));
#4790=CARTESIAN_POINT('Origin',(-11.5,26.5,3.));
#4791=CARTESIAN_POINT('Origin',(-11.5,26.5,13.));
#4792=CARTESIAN_POINT('Origin',(0.,0.,3.));
#4793=CARTESIAN_POINT('Origin',(-11.5,3.5,3.));
#4794=CARTESIAN_POINT('',(-9.4,3.5,13.));
#4795=CARTESIAN_POINT('Origin',(-11.5,3.5,13.));
#4796=CARTESIAN_POINT('',(-9.4,3.5,3.));
#4797=CARTESIAN_POINT('',(-9.4,3.5,3.));
#4798=CARTESIAN_POINT('Origin',(-11.5,3.5,3.));
#4799=CARTESIAN_POINT('Origin',(-11.5,3.5,3.));
#4800=CARTESIAN_POINT('',(-7.5,3.5,13.));
#4801=CARTESIAN_POINT('Origin',(-11.5,3.5,13.));
#4802=CARTESIAN_POINT('',(-7.5,3.5,8.));
#4803=CARTESIAN_POINT('',(-7.5,3.5,3.));
#4804=CARTESIAN_POINT('',(-15.5,3.49999999999999,8.));
#4805=CARTESIAN_POINT('Origin',(-11.5,3.5,8.));
#4806=CARTESIAN_POINT('',(-15.5,3.49999999999999,3.));
#4807=CARTESIAN_POINT('',(-11.4999918613178,-0.499999999991724,8.));
#4808=CARTESIAN_POINT('',(-11.4999918613178,-0.499999999991724,3.));
#4809=CARTESIAN_POINT('Origin',(-11.5,3.5,8.));
#4810=CARTESIAN_POINT('Origin',(-11.5,3.5,13.));
#4811=CARTESIAN_POINT('Origin',(0.,0.,3.));
#4812=CARTESIAN_POINT('Origin',(-15.5,26.5,3.));
#4813=CARTESIAN_POINT('',(-15.5,26.5,8.));
#4814=CARTESIAN_POINT('Origin',(11.5,30.5,3.));
#4815=CARTESIAN_POINT('',(-11.5,30.5,8.));
#4816=CARTESIAN_POINT('Origin',(15.5,3.5,3.));
#4817=CARTESIAN_POINT('',(15.5,3.5,8.));
#4818=CARTESIAN_POINT('Origin',(-11.4999918613178,-0.499999999991724,3.));
#4819=CARTESIAN_POINT('',(-11.4999918613178,-0.499999999991724,8.));
#4820=CARTESIAN_POINT('Origin',(2.22044604925031E-15,15.,8.));
#4821=CARTESIAN_POINT('Origin',(-4.,85.,25.));
#4822=CARTESIAN_POINT('',(-1.4,85.,25.));
#4823=CARTESIAN_POINT('Origin',(3.5,85.,25.));
#4824=CARTESIAN_POINT('',(6.1,85.,25.));
#4825=CARTESIAN_POINT('Origin',(-11.5,85.,25.));
#4826=CARTESIAN_POINT('',(-8.9,85.,25.));
#4827=CARTESIAN_POINT('Origin',(11.,85.,25.));
#4828=CARTESIAN_POINT('',(13.6,85.,25.));
#4829=CARTESIAN_POINT('Origin',(64.,-82.,33.));
#4830=CARTESIAN_POINT('',(28.,-81.,32.));
#4831=CARTESIAN_POINT('',(28.,-81.,32.));
#4832=CARTESIAN_POINT('',(37.,-81.,32.));
#4833=CARTESIAN_POINT('',(37.,-83.,34.));
#4834=CARTESIAN_POINT('',(28.,-81.,32.));
#4835=CARTESIAN_POINT('Origin',(28.,-82.,27.));
#4836=CARTESIAN_POINT('',(23.,-81.,27.));
#4837=CARTESIAN_POINT('',(23.,-81.,27.));
#4838=CARTESIAN_POINT('Origin',(28.,-81.,27.));
#4839=CARTESIAN_POINT('Origin',(22.,-82.,11.5));
#4840=CARTESIAN_POINT('',(23.,-81.,23.));
#4841=CARTESIAN_POINT('',(23.,-81.,23.));
#4842=CARTESIAN_POINT('',(23.,-81.,23.));
#4843=CARTESIAN_POINT('Origin',(28.,-82.,23.));
#4844=CARTESIAN_POINT('',(28.,-81.,18.));
#4845=CARTESIAN_POINT('',(28.,-81.,18.));
#4846=CARTESIAN_POINT('Origin',(28.,-81.,23.));
#4847=CARTESIAN_POINT('Origin',(68.5,-82.,17.));
#4848=CARTESIAN_POINT('',(37.,-81.,18.));
#4849=CARTESIAN_POINT('',(37.,-81.,18.));
#4850=CARTESIAN_POINT('',(37.,-81.,18.));
#4851=CARTESIAN_POINT('Origin',(37.,-82.,23.));
#4852=CARTESIAN_POINT('',(42.,-81.,23.));
#4853=CARTESIAN_POINT('',(42.,-81.,23.));
#4854=CARTESIAN_POINT('Origin',(37.,-81.,23.));
#4855=CARTESIAN_POINT('Origin',(43.,-82.,13.5));
#4856=CARTESIAN_POINT('',(42.,-81.,27.));
#4857=CARTESIAN_POINT('',(42.,-81.,27.));
#4858=CARTESIAN_POINT('',(42.,-81.,27.));
#4859=CARTESIAN_POINT('Origin',(37.,-82.,27.));
#4860=CARTESIAN_POINT('Origin',(37.,-81.,27.));
#4861=CARTESIAN_POINT('Origin',(32.5,-81.,25.));
#4862=CARTESIAN_POINT('',(40.,-81.,27.));
#4863=CARTESIAN_POINT('',(37.,-81.,30.));
#4864=CARTESIAN_POINT('Origin',(37.,-81.,27.));
#4865=CARTESIAN_POINT('',(28.,-81.,30.));
#4866=CARTESIAN_POINT('',(28.,-81.,30.));
#4867=CARTESIAN_POINT('',(25.,-81.,27.));
#4868=CARTESIAN_POINT('Origin',(28.,-81.,27.));
#4869=CARTESIAN_POINT('',(25.,-81.,23.));
#4870=CARTESIAN_POINT('',(25.,-81.,23.));
#4871=CARTESIAN_POINT('',(28.,-81.,20.));
#4872=CARTESIAN_POINT('Origin',(28.,-81.,23.));
#4873=CARTESIAN_POINT('',(37.,-81.,20.));
#4874=CARTESIAN_POINT('',(37.,-81.,20.));
#4875=CARTESIAN_POINT('',(40.,-81.,23.));
#4876=CARTESIAN_POINT('Origin',(37.,-81.,23.));
#4877=CARTESIAN_POINT('',(40.,-81.,27.));
#4878=CARTESIAN_POINT('Origin',(-100.,-75.,5.));
#4879=CARTESIAN_POINT('',(-97.25,-75.,5.));
#4880=CARTESIAN_POINT('Origin',(-100.,-75.,5.));
#4881=CARTESIAN_POINT('Origin',(100.,-75.,5.));
#4882=CARTESIAN_POINT('',(102.75,-75.,5.));
#4883=CARTESIAN_POINT('Origin',(100.,-75.,5.));
#4884=CARTESIAN_POINT('Origin',(-100.,75.,5.));
#4885=CARTESIAN_POINT('',(-97.25,75.,5.));
#4886=CARTESIAN_POINT('Origin',(-100.,75.,5.));
#4887=CARTESIAN_POINT('Origin',(100.,75.,5.));
#4888=CARTESIAN_POINT('',(102.75,75.,5.));
#4889=CARTESIAN_POINT('Origin',(100.,75.,5.));
#4890=CARTESIAN_POINT('Origin',(0.,0.,1.));
#4891=CARTESIAN_POINT('',(73.0999986588955,-78.5,1.));
#4892=CARTESIAN_POINT('Origin',(70.9999986588955,-78.5,1.));
#4893=CARTESIAN_POINT('Origin',(0.,0.,1.));
#4894=CARTESIAN_POINT('',(-3.90000134110449,-23.5,1.));
#4895=CARTESIAN_POINT('Origin',(-6.00000134110449,-23.5,1.));
#4896=CARTESIAN_POINT('Origin',(0.,0.,1.));
#4897=CARTESIAN_POINT('',(-3.9000013411045,-78.5,1.));
#4898=CARTESIAN_POINT('Origin',(-6.0000013411045,-78.5,1.));
#4899=CARTESIAN_POINT('Origin',(0.,0.,1.));
#4900=CARTESIAN_POINT('',(73.0999986588955,-23.5,1.));
#4901=CARTESIAN_POINT('Origin',(70.9999986588955,-23.5,1.));
#4902=CARTESIAN_POINT('Origin',(37.,-85.,27.));
#4903=CARTESIAN_POINT('',(40.,-85.,27.));
#4904=CARTESIAN_POINT('',(37.,-85.,30.));
#4905=CARTESIAN_POINT('Origin',(37.,-85.,27.));
#4906=CARTESIAN_POINT('',(37.,-85.,30.));
#4907=CARTESIAN_POINT('',(40.,-85.,27.));
#4908=CARTESIAN_POINT('Origin',(25.,-85.,30.));
#4909=CARTESIAN_POINT('',(28.,-85.,30.));
#4910=CARTESIAN_POINT('',(-37.5,-85.,30.));
#4911=CARTESIAN_POINT('',(28.,-85.,30.));
#4912=CARTESIAN_POINT('Origin',(28.,-85.,27.));
#4913=CARTESIAN_POINT('',(25.,-85.,27.));
#4914=CARTESIAN_POINT('Origin',(28.,-85.,27.));
#4915=CARTESIAN_POINT('',(25.,-85.,27.));
#4916=CARTESIAN_POINT('Origin',(25.,-85.,20.));
#4917=CARTESIAN_POINT('',(25.,-85.,23.));
#4918=CARTESIAN_POINT('',(25.,-85.,10.));
#4919=CARTESIAN_POINT('',(25.,-85.,23.));
#4920=CARTESIAN_POINT('Origin',(28.,-85.,23.));
#4921=CARTESIAN_POINT('',(28.,-85.,20.));
#4922=CARTESIAN_POINT('Origin',(28.,-85.,23.));
#4923=CARTESIAN_POINT('',(28.,-85.,20.));
#4924=CARTESIAN_POINT('Origin',(40.,-85.,20.));
#4925=CARTESIAN_POINT('',(37.,-85.,20.));
#4926=CARTESIAN_POINT('',(-30.,-85.,20.));
#4927=CARTESIAN_POINT('',(37.,-85.,20.));
#4928=CARTESIAN_POINT('Origin',(37.,-85.,23.));
#4929=CARTESIAN_POINT('',(40.,-85.,23.));
#4930=CARTESIAN_POINT('Origin',(37.,-85.,23.));
#4931=CARTESIAN_POINT('',(40.,-85.,23.));
#4932=CARTESIAN_POINT('Origin',(40.,-85.,30.));
#4933=CARTESIAN_POINT('',(40.,-85.,15.));
#4934=CARTESIAN_POINT('Origin',(70.9999986588955,-78.5,3.));
#4935=CARTESIAN_POINT('',(73.0999986588955,-78.5,8.));
#4936=CARTESIAN_POINT('Origin',(70.9999986588955,-78.5,8.));
#4937=CARTESIAN_POINT('',(73.0999986588955,-78.5,3.));
#4938=CARTESIAN_POINT('Origin',(70.9999986588955,-78.5,3.));
#4939=CARTESIAN_POINT('',(74.9999986588955,-78.5,8.));
#4940=CARTESIAN_POINT('Origin',(70.9999986588955,-78.5,8.));
#4941=CARTESIAN_POINT('',(74.9999986588955,-78.5,3.));
#4942=CARTESIAN_POINT('Origin',(70.9999986588955,-78.5,8.));
#4943=CARTESIAN_POINT('Origin',(0.,0.,3.));
#4944=CARTESIAN_POINT('Origin',(70.9999986588955,-23.5,3.));
#4945=CARTESIAN_POINT('',(73.0999986588955,-23.5,8.));
#4946=CARTESIAN_POINT('Origin',(70.9999986588955,-23.5,8.));
#4947=CARTESIAN_POINT('',(73.0999986588955,-23.5,3.));
#4948=CARTESIAN_POINT('Origin',(70.9999986588955,-23.5,3.));
#4949=CARTESIAN_POINT('',(74.9999986588955,-23.5,8.));
#4950=CARTESIAN_POINT('Origin',(70.9999986588955,-23.5,8.));
#4951=CARTESIAN_POINT('',(74.9999986588955,-23.5,3.));
#4952=CARTESIAN_POINT('Origin',(70.9999986588955,-23.5,8.));
#4953=CARTESIAN_POINT('Origin',(-6.0000013411045,-78.5,3.));
#4954=CARTESIAN_POINT('',(-3.9000013411045,-78.5,8.));
#4955=CARTESIAN_POINT('Origin',(-6.0000013411045,-78.5,8.));
#4956=CARTESIAN_POINT('',(-3.9000013411045,-78.5,3.));
#4957=CARTESIAN_POINT('Origin',(-6.0000013411045,-78.5,3.));
#4958=CARTESIAN_POINT('',(-2.00000134110449,-78.5,8.));
#4959=CARTESIAN_POINT('Origin',(-6.0000013411045,-78.5,8.));
#4960=CARTESIAN_POINT('',(-2.00000134110449,-78.5,3.));
#4961=CARTESIAN_POINT('Origin',(-6.0000013411045,-78.5,8.));
#4962=CARTESIAN_POINT('Origin',(-6.00000134110449,-23.5,3.));
#4963=CARTESIAN_POINT('',(-3.90000134110449,-23.5,8.));
#4964=CARTESIAN_POINT('Origin',(-6.00000134110449,-23.5,8.));
#4965=CARTESIAN_POINT('',(-3.90000134110449,-23.5,3.));
#4966=CARTESIAN_POINT('Origin',(-6.00000134110449,-23.5,3.));
#4967=CARTESIAN_POINT('',(-2.00000134110449,-23.5,8.));
#4968=CARTESIAN_POINT('Origin',(-6.00000134110449,-23.5,8.));
#4969=CARTESIAN_POINT('',(-2.00000134110449,-23.5,3.));
#4970=CARTESIAN_POINT('Origin',(-6.00000134110449,-23.5,8.));
#4971=CARTESIAN_POINT('Origin',(-100.,-75.,50.));
#4972=CARTESIAN_POINT('',(-108.,-69.,45.));
#4973=CARTESIAN_POINT('',(-108.,-69.,50.));
#4974=CARTESIAN_POINT('Origin',(-100.,-75.,45.));
#4975=CARTESIAN_POINT('',(-90.0000013411045,-75.,18.));
#4976=CARTESIAN_POINT('Origin',(-100.,-75.,18.));
#4977=CARTESIAN_POINT('',(-92.0000013411045,-68.9999982118611,18.));
#4978=CARTESIAN_POINT('Origin',(-100.,-75.,18.));
#4979=CARTESIAN_POINT('',(-92.0000013411045,-68.9999982118611,50.));
#4980=CARTESIAN_POINT('',(-97.700909166053,-65.2678788880707,40.));
#4981=CARTESIAN_POINT('',(-91.300909166053,-70.0678788880707,40.));
#4982=CARTESIAN_POINT('Origin',(-100.,-75.,40.));
#4983=CARTESIAN_POINT('',(-97.700909166053,-65.2678788880707,35.));
#4984=CARTESIAN_POINT('',(-97.700909166053,-65.2678788880707,50.));
#4985=CARTESIAN_POINT('',(-91.300909166053,-70.0678788880707,35.));
#4986=CARTESIAN_POINT('Origin',(-100.,-75.,35.));
#4987=CARTESIAN_POINT('',(-91.300909166053,-70.0678788880707,50.));
#4988=CARTESIAN_POINT('Origin',(-97.0000013411045,-52.7500012367964,18.));
#4989=CARTESIAN_POINT('',(-97.0000013411045,-57.7500012367964,18.));
#4990=CARTESIAN_POINT('',(-97.0000013411045,-57.7500012367964,18.));
#4991=CARTESIAN_POINT('',(-97.0000013411045,-47.7500012367964,18.));
#4992=CARTESIAN_POINT('Origin',(-97.0000013411045,-52.7500012367964,18.));
#4993=CARTESIAN_POINT('',(-97.0000013411045,-47.7500012367964,18.));
#4994=CARTESIAN_POINT('Origin',(-92.0000013411045,-57.7500012367964,18.));
#4995=CARTESIAN_POINT('',(-92.0000013411045,-57.7500012367964,18.));
#4996=CARTESIAN_POINT('',(-92.0000013411045,-57.7500012367964,10.5));
#4997=CARTESIAN_POINT('',(-92.0000013411045,-57.7500012367964,18.));
#4998=CARTESIAN_POINT('Origin',(-97.0000013411045,-52.7500012367964,18.));
#4999=CARTESIAN_POINT('',(-94.9000013411045,-52.7500012367964,3.));
#5000=CARTESIAN_POINT('Origin',(-97.0000013411045,-52.7500012367964,3.));
#5001=CARTESIAN_POINT('',(-94.9000013411045,-52.7500012367964,18.));
#5002=CARTESIAN_POINT('',(-94.9000013411045,-52.7500012367964,18.));
#5003=CARTESIAN_POINT('Origin',(-97.0000013411045,-52.7500012367964,18.));
#5004=CARTESIAN_POINT('Origin',(-97.0000013411045,-47.7500012367964,18.));
#5005=CARTESIAN_POINT('',(-92.0000013411045,-47.7500012367964,18.));
#5006=CARTESIAN_POINT('',(-92.0000013411045,-47.7500012367964,18.));
#5007=CARTESIAN_POINT('',(-92.0000013411045,-47.7500012367964,10.5));
#5008=CARTESIAN_POINT('Origin',(-92.0000013411045,-22.5000012367964,3.));
#5009=CARTESIAN_POINT('',(-92.0000013411045,-22.5000012367964,18.));
#5010=CARTESIAN_POINT('Origin',(-92.0000013411045,-22.5000012367964,3.));
#5011=CARTESIAN_POINT('',(-92.0000013411045,-22.5000012367964,18.));
#5012=CARTESIAN_POINT('',(-92.0000013411045,-22.5000012367964,18.));
#5013=CARTESIAN_POINT('',(-92.0000013411045,-22.5000012367964,3.));
#5014=CARTESIAN_POINT('Origin',(0.,0.,3.));
#5015=CARTESIAN_POINT('Origin',(-24.9999795425684,-57.7500012367839,18.));
#5016=CARTESIAN_POINT('',(-24.9999795425684,-57.7500012367839,18.));
#5017=CARTESIAN_POINT('',(-24.9999795425684,-57.7500012367839,18.));
#5018=CARTESIAN_POINT('',(-24.9999857265503,-47.7500012367858,18.));
#5019=CARTESIAN_POINT('',(-24.9999857265503,-47.7500012367858,18.));
#5020=CARTESIAN_POINT('',(-24.9999857265503,-47.7500012367858,18.));
#5021=CARTESIAN_POINT('Origin',(-19.9999795425694,-57.7499981447929,18.));
#5022=CARTESIAN_POINT('',(-19.9999795425694,-57.7499981447929,18.));
#5023=CARTESIAN_POINT('',(-19.9999795425694,-57.7499981447929,18.));
#5024=CARTESIAN_POINT('',(-24.9999795425684,-57.7500012367839,18.));
#5025=CARTESIAN_POINT('Origin',(-19.9999826345603,-52.7499981447939,18.));
#5026=CARTESIAN_POINT('',(-17.8999826345603,-52.7499981447939,3.));
#5027=CARTESIAN_POINT('Origin',(-19.9999826345603,-52.7499981447939,3.));
#5028=CARTESIAN_POINT('',(-17.8999826345603,-52.7499981447939,18.));
#5029=CARTESIAN_POINT('',(-17.8999826345603,-52.7499981447939,18.));
#5030=CARTESIAN_POINT('Origin',(-19.9999826345603,-52.7499981447939,18.));
#5031=CARTESIAN_POINT('Origin',(-19.9999826345603,-52.7499981447939,18.));
#5032=CARTESIAN_POINT('',(-19.9999857265513,-47.7499981447948,18.));
#5033=CARTESIAN_POINT('',(-19.9999857265513,-47.7499981447948,18.));
#5034=CARTESIAN_POINT('Origin',(-19.9999826345603,-52.7499981447939,18.));
#5035=CARTESIAN_POINT('Origin',(-24.9999857265503,-47.7500012367858,18.));
#5036=CARTESIAN_POINT('',(-24.9999857265503,-47.7500012367858,18.));
#5037=CARTESIAN_POINT('Origin',(-19.9999841805553,-52.7499996907889,18.));
#5038=CARTESIAN_POINT('Origin',(0.,0.,3.));
#5039=CARTESIAN_POINT('Origin',(-90.0000013411045,-83.0000012367964,3.));
#5040=CARTESIAN_POINT('',(-90.0000013411045,-24.5000012367964,3.));
#5041=CARTESIAN_POINT('',(-90.0000013411045,-41.5000006183982,3.));
#5042=CARTESIAN_POINT('',(-90.0000013411045,-24.5000012367964,18.));
#5043=CARTESIAN_POINT('',(-90.0000013411045,-24.5000012367964,3.));
#5044=CARTESIAN_POINT('',(-90.0000013411045,-24.5000012367964,18.));
#5045=CARTESIAN_POINT('',(-90.0000013411045,-24.5000012367964,18.));
#5046=CARTESIAN_POINT('Origin',(-58.5000013411045,-53.7500012367964,18.));
#5047=CARTESIAN_POINT('Origin',(-58.5000013411045,-53.7500012367964,18.));
#5048=CARTESIAN_POINT('',(-27.0000013411045,-24.5000012367964,18.));
#5049=CARTESIAN_POINT('',(-27.0000013411045,-24.5000012367964,18.));
#5050=CARTESIAN_POINT('',(-27.0000013411045,-83.0000012367964,18.));
#5051=CARTESIAN_POINT('',(-25.0000013411045,-22.5000012367964,18.));
#5052=CARTESIAN_POINT('Origin',(-27.0000013411045,-24.5000012367964,3.));
#5053=CARTESIAN_POINT('',(-27.0000013411045,-24.5000012367964,3.));
#5054=CARTESIAN_POINT('',(-27.0000013411045,-12.2500006183982,3.));
#5055=CARTESIAN_POINT('',(-27.0000013411045,-24.5000012367964,3.));
#5056=CARTESIAN_POINT('Origin',(-90.0000013411045,-24.5000012367964,3.));
#5057=CARTESIAN_POINT('',(-45.0000006705523,-24.5000012367964,3.));
#5058=CARTESIAN_POINT('Origin',(-25.0000013411045,-22.5000012367964,3.));
#5059=CARTESIAN_POINT('Origin',(0.,0.,3.));
#5060=CARTESIAN_POINT('Origin',(100.,-75.,45.));
#5061=CARTESIAN_POINT('',(102.75,-75.,40.));
#5062=CARTESIAN_POINT('Origin',(100.,-75.,40.));
#5063=CARTESIAN_POINT('',(102.75,-75.,45.));
#5064=CARTESIAN_POINT('',(102.75,-75.,45.));
#5065=CARTESIAN_POINT('Origin',(100.,-75.,45.));
#5066=CARTESIAN_POINT('Origin',(97.9432744650881,-72.2576998747388,40.));
#5067=CARTESIAN_POINT('',(98.1856406460551,-79.2475208614068,40.));
#5068=CARTESIAN_POINT('',(102.77128129211,-78.6950417228136,40.));
#5069=CARTESIAN_POINT('',(100.774054883206,-78.9356680629776,40.));
#5070=CARTESIAN_POINT('',(96.8,-77.4,40.));
#5071=CARTESIAN_POINT('',(96.4644576966807,-76.952610262241,40.));
#5072=CARTESIAN_POINT('',(95.7716373430492,-76.0288503015254,40.));
#5073=CARTESIAN_POINT('',(104.585640646055,-74.4475208614068,40.));
#5074=CARTESIAN_POINT('',(99.4220919566796,-67.5627892755729,40.));
#5075=CARTESIAN_POINT('',(104.468685530123,-74.7213195957593,40.));
#5076=CARTESIAN_POINT('Origin',(96.8,-77.4,45.));
#5077=CARTESIAN_POINT('',(96.8,-77.4,35.));
#5078=CARTESIAN_POINT('',(96.8,-77.4,45.));
#5079=CARTESIAN_POINT('',(96.8,-77.4,35.));
#5080=CARTESIAN_POINT('Origin',(98.1856406460551,-79.2475208614068,45.));
#5081=CARTESIAN_POINT('',(98.1856406460551,-79.2475208614068,35.));
#5082=CARTESIAN_POINT('',(98.1856406460551,-79.2475208614068,45.));
#5083=CARTESIAN_POINT('',(95.4143593539449,-75.5524791385933,35.));
#5084=CARTESIAN_POINT('Origin',(104.585640646055,-74.4475208614068,45.));
#5085=CARTESIAN_POINT('',(104.585640646055,-74.4475208614068,35.));
#5086=CARTESIAN_POINT('',(104.585640646055,-74.4475208614068,45.));
#5087=CARTESIAN_POINT('',(102.77128129211,-78.6950417228136,35.));
#5088=CARTESIAN_POINT('',(102.77128129211,-78.6950417228136,35.));
#5089=CARTESIAN_POINT('',(102.77128129211,-78.6950417228136,45.));
#5090=CARTESIAN_POINT('Origin',(97.7009091660529,-65.2678788880707,45.));
#5091=CARTESIAN_POINT('',(104.585640646055,-74.4475208614068,35.));
#5092=CARTESIAN_POINT('Origin',(102.77128129211,-78.6950417228136,45.));
#5093=CARTESIAN_POINT('',(98.1856406460551,-79.2475208614068,35.));
#5094=CARTESIAN_POINT('Origin',(97.9432744650881,-72.2576998747388,35.));
#5095=CARTESIAN_POINT('',(102.75,-75.,35.));
#5096=CARTESIAN_POINT('Origin',(100.,-75.,35.));
#5097=CARTESIAN_POINT('Origin',(-100.,-75.,45.));
#5098=CARTESIAN_POINT('',(-97.25,-75.,40.));
#5099=CARTESIAN_POINT('Origin',(-100.,-75.,40.));
#5100=CARTESIAN_POINT('',(-97.25,-75.,45.));
#5101=CARTESIAN_POINT('',(-97.25,-75.,45.));
#5102=CARTESIAN_POINT('Origin',(-100.,-75.,45.));
#5103=CARTESIAN_POINT('Origin',(-97.943274906054,-72.2576998747387,40.));
#5104=CARTESIAN_POINT('',(-104.585640646055,-74.4475208614068,40.));
#5105=CARTESIAN_POINT('',(-102.864457776055,-72.1526103680728,40.));
#5106=CARTESIAN_POINT('',(-98.1856406460551,-79.2475208614068,40.));
#5107=CARTESIAN_POINT('',(-93.0220920360535,-72.3627893814047,40.));
#5108=CARTESIAN_POINT('',(-102.77128129211,-78.6950417228136,40.));
#5109=CARTESIAN_POINT('',(-98.4812347775063,-79.2119076060904,40.));
#5110=CARTESIAN_POINT('',(-103.561505887173,-76.8450799468147,40.));
#5111=CARTESIAN_POINT('Origin',(-102.77128129211,-78.6950417228136,45.));
#5112=CARTESIAN_POINT('',(-102.77128129211,-78.6950417228136,35.));
#5113=CARTESIAN_POINT('',(-102.77128129211,-78.6950417228136,45.));
#5114=CARTESIAN_POINT('',(-104.585640646055,-74.4475208614068,35.));
#5115=CARTESIAN_POINT('',(-104.585640646055,-74.4475208614068,35.));
#5116=CARTESIAN_POINT('',(-104.585640646055,-74.4475208614068,45.));
#5117=CARTESIAN_POINT('Origin',(-98.1856406460551,-79.2475208614068,45.));
#5118=CARTESIAN_POINT('',(-98.1856406460551,-79.2475208614068,35.));
#5119=CARTESIAN_POINT('',(-98.1856406460551,-79.2475208614068,45.));
#5120=CARTESIAN_POINT('',(-102.77128129211,-78.6950417228136,35.));
#5121=CARTESIAN_POINT('Origin',(-91.300909166053,-70.0678788880707,45.));
#5122=CARTESIAN_POINT('',(-98.1856406460551,-79.2475208614068,35.));
#5123=CARTESIAN_POINT('Origin',(-104.585640646055,-74.4475208614068,45.));
#5124=CARTESIAN_POINT('',(-101.814359353945,-70.7524791385932,35.));
#5125=CARTESIAN_POINT('Origin',(-97.943274906054,-72.2576998747387,35.));
#5126=CARTESIAN_POINT('',(-97.25,-75.,35.));
#5127=CARTESIAN_POINT('Origin',(-100.,-75.,35.));
#5128=CARTESIAN_POINT('Origin',(-99.,-74.,45.));
#5129=CARTESIAN_POINT('',(-108.,-75.,45.));
#5130=CARTESIAN_POINT('',(-108.,-75.,45.));
#5131=CARTESIAN_POINT('Origin',(-100.,-75.,45.));
#5132=CARTESIAN_POINT('Origin',(100.,75.,45.));
#5133=CARTESIAN_POINT('',(102.75,75.,40.));
#5134=CARTESIAN_POINT('Origin',(100.,75.,40.));
#5135=CARTESIAN_POINT('',(102.75,75.,45.));
#5136=CARTESIAN_POINT('',(102.75,75.,45.));
#5137=CARTESIAN_POINT('Origin',(100.,75.,45.));
#5138=CARTESIAN_POINT('Origin',(97.2576998747387,72.9432744467146,40.));
#5139=CARTESIAN_POINT('',(104.247520861407,73.1856406460551,40.));
#5140=CARTESIAN_POINT('',(103.695041722814,77.7712812921102,40.));
#5141=CARTESIAN_POINT('',(103.935668064069,75.7740548741502,40.));
#5142=CARTESIAN_POINT('',(102.4,71.8,40.));
#5143=CARTESIAN_POINT('',(101.952610257831,71.4644576933735,40.));
#5144=CARTESIAN_POINT('',(101.028850316699,70.7716373384668,40.));
#5145=CARTESIAN_POINT('',(99.4475208614068,79.5856406460551,40.));
#5146=CARTESIAN_POINT('',(92.5627892711632,74.4220919533724,40.));
#5147=CARTESIAN_POINT('',(99.721319599078,79.4686855287052,40.));
#5148=CARTESIAN_POINT('Origin',(102.4,71.8,45.));
#5149=CARTESIAN_POINT('',(102.4,71.8,35.));
#5150=CARTESIAN_POINT('',(102.4,71.8,45.));
#5151=CARTESIAN_POINT('',(102.4,71.8,35.));
#5152=CARTESIAN_POINT('Origin',(104.247520861407,73.1856406460551,45.));
#5153=CARTESIAN_POINT('',(104.247520861407,73.1856406460551,35.));
#5154=CARTESIAN_POINT('',(104.247520861407,73.1856406460551,45.));
#5155=CARTESIAN_POINT('',(100.552479138593,70.4143593539449,35.));
#5156=CARTESIAN_POINT('Origin',(99.4475208614068,79.5856406460551,45.));
#5157=CARTESIAN_POINT('',(99.4475208614068,79.5856406460551,35.));
#5158=CARTESIAN_POINT('',(99.4475208614068,79.5856406460551,45.));
#5159=CARTESIAN_POINT('',(103.695041722814,77.7712812921102,35.));
#5160=CARTESIAN_POINT('',(103.695041722814,77.7712812921102,35.));
#5161=CARTESIAN_POINT('',(103.695041722814,77.7712812921102,45.));
#5162=CARTESIAN_POINT('Origin',(90.2678788880707,72.700909166053,45.));
#5163=CARTESIAN_POINT('',(99.4475208614068,79.5856406460551,35.));
#5164=CARTESIAN_POINT('Origin',(103.695041722814,77.7712812921102,45.));
#5165=CARTESIAN_POINT('',(104.247520861407,73.1856406460551,35.));
#5166=CARTESIAN_POINT('Origin',(97.2576998747387,72.9432744467146,35.));
#5167=CARTESIAN_POINT('',(102.75,75.,35.));
#5168=CARTESIAN_POINT('Origin',(100.,75.,35.));
#5169=CARTESIAN_POINT('Origin',(-100.,75.,45.));
#5170=CARTESIAN_POINT('',(-97.25,75.,40.));
#5171=CARTESIAN_POINT('Origin',(-100.,75.,40.));
#5172=CARTESIAN_POINT('',(-97.25,75.,45.));
#5173=CARTESIAN_POINT('',(-97.25,75.,45.));
#5174=CARTESIAN_POINT('Origin',(-100.,75.,45.));
#5175=CARTESIAN_POINT('Origin',(-97.2576998747387,72.9432749060541,40.));
#5176=CARTESIAN_POINT('',(-99.4475208614068,79.5856406460551,40.));
#5177=CARTESIAN_POINT('',(-97.1526103680728,77.8644577760546,40.));
#5178=CARTESIAN_POINT('',(-104.247520861407,73.1856406460551,40.));
#5179=CARTESIAN_POINT('',(-97.3627893814047,68.0220920360536,40.));
#5180=CARTESIAN_POINT('',(-103.695041722814,77.7712812921102,40.));
#5181=CARTESIAN_POINT('',(-104.21190760609,73.4812347775063,40.));
#5182=CARTESIAN_POINT('',(-101.845079946815,78.5615058871726,40.));
#5183=CARTESIAN_POINT('Origin',(-103.695041722814,77.7712812921102,45.));
#5184=CARTESIAN_POINT('',(-103.695041722814,77.7712812921102,35.));
#5185=CARTESIAN_POINT('',(-103.695041722814,77.7712812921102,45.));
#5186=CARTESIAN_POINT('',(-99.4475208614068,79.5856406460551,35.));
#5187=CARTESIAN_POINT('',(-99.4475208614068,79.5856406460551,35.));
#5188=CARTESIAN_POINT('',(-99.4475208614068,79.5856406460551,45.));
#5189=CARTESIAN_POINT('Origin',(-104.247520861407,73.1856406460551,45.));
#5190=CARTESIAN_POINT('',(-104.247520861407,73.1856406460551,35.));
#5191=CARTESIAN_POINT('',(-104.247520861407,73.1856406460551,45.));
#5192=CARTESIAN_POINT('',(-103.695041722814,77.7712812921102,35.));
#5193=CARTESIAN_POINT('Origin',(-95.0678788880707,66.300909166053,45.));
#5194=CARTESIAN_POINT('',(-104.247520861407,73.1856406460551,35.));
#5195=CARTESIAN_POINT('Origin',(-99.4475208614068,79.5856406460551,45.));
#5196=CARTESIAN_POINT('',(-97.6,78.2,35.));
#5197=CARTESIAN_POINT('Origin',(-97.2576998747387,72.9432749060541,35.));
#5198=CARTESIAN_POINT('',(-97.25,75.,35.));
#5199=CARTESIAN_POINT('Origin',(-100.,75.,35.));
#5200=CARTESIAN_POINT('Origin',(-99.,74.,45.));
#5201=CARTESIAN_POINT('',(-108.,75.,45.));
#5202=CARTESIAN_POINT('Origin',(-100.,75.,45.));
#5203=CARTESIAN_POINT('',(-108.,-75.,45.));
#5204=CARTESIAN_POINT('Origin',(-100.,-75.,50.));
#5205=CARTESIAN_POINT('',(-97.25,-75.,50.));
#5206=CARTESIAN_POINT('Origin',(-100.,75.,50.));
#5207=CARTESIAN_POINT('',(-97.25,75.,50.));
#5208=CARTESIAN_POINT('Origin',(100.,-75.,50.));
#5209=CARTESIAN_POINT('',(102.75,-75.,50.));
#5210=CARTESIAN_POINT('Origin',(100.,75.,50.));
#5211=CARTESIAN_POINT('',(102.75,75.,50.));
#5212=CARTESIAN_POINT('Origin',(-100.,75.,50.));
#5213=CARTESIAN_POINT('',(-108.,75.,50.));
#5214=CARTESIAN_POINT('Origin',(-100.,75.,50.));
#5215=CARTESIAN_POINT('',(-108.,75.,50.));
#5216=CARTESIAN_POINT('Origin',(100.,75.,50.));
#5217=CARTESIAN_POINT('',(108.,75.,50.));
#5218=CARTESIAN_POINT('Origin',(100.,75.,50.));
#5219=CARTESIAN_POINT('',(108.,75.,45.));
#5220=CARTESIAN_POINT('Origin',(100.,75.,45.));
#5221=CARTESIAN_POINT('',(108.,75.,50.));
#5222=CARTESIAN_POINT('Origin',(99.,74.,45.));
#5223=CARTESIAN_POINT('',(108.,75.,45.));
#5224=CARTESIAN_POINT('Origin',(-100.,-75.,50.));
#5225=CARTESIAN_POINT('',(-108.,-75.,50.));
#5226=CARTESIAN_POINT('Origin',(-100.,-75.,50.));
#5227=CARTESIAN_POINT('',(-108.,-75.,50.));
#5228=CARTESIAN_POINT('Origin',(100.,-75.,50.));
#5229=CARTESIAN_POINT('',(108.,-75.,50.));
#5230=CARTESIAN_POINT('Origin',(100.,-75.,50.));
#5231=CARTESIAN_POINT('',(108.,-75.,45.));
#5232=CARTESIAN_POINT('',(108.,-75.,50.));
#5233=CARTESIAN_POINT('Origin',(100.,-75.,45.));
#5234=CARTESIAN_POINT('Origin',(99.,-74.,45.));
#5235=CARTESIAN_POINT('',(108.,75.,45.));
#5236=CARTESIAN_POINT('Origin',(0.,0.,50.));
#5237=CARTESIAN_POINT('',(-110.,75.,50.));
#5238=CARTESIAN_POINT('Origin',(-100.,75.,50.));
#5239=CARTESIAN_POINT('',(-110.,-75.,50.));
#5240=CARTESIAN_POINT('',(-110.,75.,50.));
#5241=CARTESIAN_POINT('',(-100.,-85.,50.));
#5242=CARTESIAN_POINT('Origin',(-100.,-75.,50.));
#5243=CARTESIAN_POINT('',(-100.,-85.,50.));
#5244=CARTESIAN_POINT('',(-108.,34.5,50.));
#5245=CARTESIAN_POINT('',(108.,-34.5,50.));
#5246=CARTESIAN_POINT('Origin',(-108.,-75.,0.));
#5247=CARTESIAN_POINT('Origin',(108.,75.,0.));
#5248=CARTESIAN_POINT('Origin',(-100.,-85.,0.));
#5249=CARTESIAN_POINT('',(-100.,-85.,0.));
#5250=CARTESIAN_POINT('Origin',(-100.,-75.,0.));
#5251=CARTESIAN_POINT('',(-110.,-75.,0.));
#5252=CARTESIAN_POINT('Origin',(-110.,75.,0.));
#5253=CARTESIAN_POINT('',(-110.,75.,0.));
#5254=CARTESIAN_POINT('Origin',(-100.,75.,0.));
#5255=UNCERTAINTY_MEASURE_WITH_UNIT(LENGTH_MEASURE(0.01),#5259,
'DISTANCE_ACCURACY_VALUE',
'Maximum model space distance between geometric entities at asserted c
onnectivities');
#5256=UNCERTAINTY_MEASURE_WITH_UNIT(LENGTH_MEASURE(0.01),#5259,
'DISTANCE_ACCURACY_VALUE',
'Maximum model space distance between geometric entities at asserted c
onnectivities');
#5257=(
GEOMETRIC_REPRESENTATION_CONTEXT(3)
GLOBAL_UNCERTAINTY_ASSIGNED_CONTEXT((#5255))
GLOBAL_UNIT_ASSIGNED_CONTEXT((#5259,#5261,#5262))
REPRESENTATION_CONTEXT('','3D')
);
#5258=(
GEOMETRIC_REPRESENTATION_CONTEXT(3)
GLOBAL_UNCERTAINTY_ASSIGNED_CONTEXT((#5256))
GLOBAL_UNIT_ASSIGNED_CONTEXT((#5259,#5261,#5262))
REPRESENTATION_CONTEXT('','3D')
);
#5259=(
LENGTH_UNIT()
NAMED_UNIT(*)
SI_UNIT(.MILLI.,.METRE.)
);
#5260=(
LENGTH_UNIT()
NAMED_UNIT(*)
SI_UNIT($,.METRE.)
);
#5261=(
NAMED_UNIT(*)
PLANE_ANGLE_UNIT()
SI_UNIT($,.RADIAN.)
);
#5262=(
NAMED_UNIT(*)
SI_UNIT($,.STERADIAN.)
SOLID_ANGLE_UNIT()
);
#5263=SHAPE_DEFINITION_REPRESENTATION(#5264,#5265);
#5264=PRODUCT_DEFINITION_SHAPE('',$,#5267);
#5265=SHAPE_REPRESENTATION('',(#3048),#5257);
#5266=PRODUCT_DEFINITION_CONTEXT('part definition',#5271,'design');
#5267=PRODUCT_DEFINITION('box','box v18',#5268,#5266);
#5268=PRODUCT_DEFINITION_FORMATION('',$,#5273);
#5269=PRODUCT_RELATED_PRODUCT_CATEGORY('box v18','box v18',(#5273));
#5270=APPLICATION_PROTOCOL_DEFINITION('international standard',
'automotive_design',2009,#5271);
#5271=APPLICATION_CONTEXT(
'Core Data for Automotive Mechanical Design Process');
#5272=PRODUCT_CONTEXT('part definition',#5271,'mechanical');
#5273=PRODUCT('box','box v18',$,(#5272));
#5274=PRESENTATION_STYLE_ASSIGNMENT((#5275));
#5275=SURFACE_STYLE_USAGE(.BOTH.,#5276);
#5276=SURFACE_SIDE_STYLE('',(#5277));
#5277=SURFACE_STYLE_FILL_AREA(#5278);
#5278=FILL_AREA_STYLE('Steel - Satin',(#5279));
#5279=FILL_AREA_STYLE_COLOUR('Steel - Satin',#5280);
#5280=COLOUR_RGB('Steel - Satin',0.627450980392157,0.627450980392157,0.627450980392157);
ENDSEC;
END-ISO-10303-21;
