ISO-10303-21;
HEADER;
/* Generated by software containing ST-Developer
 * from STEP Tools, Inc. (www.steptools.com) 
 */

FILE_DESCRIPTION(
/* description */ (''),
/* implementation_level */ '2;1');

FILE_NAME(
/* name */ 'top plate.step',
/* time_stamp */ '2026-07-19T11:01:08+01:00',
/* author */ (''),
/* organization */ (''),
/* preprocessor_version */ 'ST-DEVELOPER v20.1',
/* originating_system */ 'Autodesk Translation Framework v15.8.0.0',
/* authorisation */ '');

FILE_SCHEMA (('AUTOMOTIVE_DESIGN { 1 0 10303 214 3 1 1 }'));
ENDSEC;

DATA;
#10=MECHANICAL_DESIGN_GEOMETRIC_PRESENTATION_REPRESENTATION('',(#13),#2361);
#11=SHAPE_REPRESENTATION_RELATIONSHIP('SRR','None',#2368,#12);
#12=ADVANCED_BREP_SHAPE_REPRESENTATION('',(#14),#2360);
#13=STYLED_ITEM('',(#2377),#14);
#14=MANIFOLD_SOLID_BREP('Body1',#1381);
#15=FACE_BOUND('',#174,.T.);
#16=FACE_BOUND('',#175,.T.);
#17=FACE_BOUND('',#176,.T.);
#18=FACE_BOUND('',#177,.T.);
#19=FACE_BOUND('',#178,.T.);
#20=FACE_BOUND('',#179,.T.);
#21=FACE_BOUND('',#180,.T.);
#22=FACE_BOUND('',#181,.T.);
#23=FACE_BOUND('',#182,.T.);
#24=FACE_BOUND('',#183,.T.);
#25=FACE_BOUND('',#184,.T.);
#26=FACE_BOUND('',#185,.T.);
#27=FACE_BOUND('',#186,.T.);
#28=FACE_BOUND('',#187,.T.);
#29=FACE_BOUND('',#188,.T.);
#30=FACE_BOUND('',#189,.T.);
#31=FACE_BOUND('',#190,.T.);
#32=FACE_BOUND('',#191,.T.);
#33=FACE_BOUND('',#192,.T.);
#34=FACE_BOUND('',#193,.T.);
#35=FACE_BOUND('',#213,.T.);
#36=FACE_BOUND('',#214,.T.);
#37=FACE_BOUND('',#215,.T.);
#38=FACE_BOUND('',#216,.T.);
#39=FACE_BOUND('',#217,.T.);
#40=FACE_BOUND('',#219,.T.);
#41=FACE_BOUND('',#237,.T.);
#42=FACE_BOUND('',#241,.T.);
#43=FACE_BOUND('',#246,.T.);
#44=FACE_BOUND('',#251,.T.);
#45=FACE_BOUND('',#275,.T.);
#46=FACE_BOUND('',#276,.T.);
#47=FACE_BOUND('',#277,.T.);
#48=FACE_BOUND('',#278,.T.);
#49=FACE_BOUND('',#279,.T.);
#50=FACE_BOUND('',#280,.T.);
#51=FACE_BOUND('',#281,.T.);
#52=FACE_BOUND('',#282,.T.);
#53=FACE_BOUND('',#283,.T.);
#54=FACE_BOUND('',#284,.T.);
#55=FACE_BOUND('',#285,.T.);
#56=FACE_BOUND('',#286,.T.);
#57=FACE_BOUND('',#287,.T.);
#58=FACE_BOUND('',#288,.T.);
#59=FACE_BOUND('',#289,.T.);
#60=FACE_BOUND('',#290,.T.);
#61=FACE_BOUND('',#291,.T.);
#62=FACE_BOUND('',#292,.T.);
#63=FACE_BOUND('',#293,.T.);
#64=FACE_BOUND('',#294,.T.);
#65=PLANE('',#1398);
#66=PLANE('',#1399);
#67=PLANE('',#1427);
#68=PLANE('',#1430);
#69=PLANE('',#1433);
#70=PLANE('',#1449);
#71=PLANE('',#1453);
#72=PLANE('',#1454);
#73=PLANE('',#1458);
#74=PLANE('',#1462);
#75=PLANE('',#1463);
#76=PLANE('',#1501);
#77=PLANE('',#1507);
#78=PLANE('',#1508);
#79=PLANE('',#1514);
#80=PLANE('',#1515);
#81=PLANE('',#1521);
#82=PLANE('',#1522);
#83=PLANE('',#1525);
#84=PLANE('',#1528);
#85=PLANE('',#1531);
#86=PLANE('',#1534);
#87=PLANE('',#1535);
#88=PLANE('',#1536);
#89=PLANE('',#1537);
#90=PLANE('',#1538);
#91=PLANE('',#1539);
#92=PLANE('',#1542);
#93=PLANE('',#1545);
#94=PLANE('',#1548);
#95=PLANE('',#1551);
#96=PLANE('',#1552);
#97=FACE_OUTER_BOUND('',#171,.T.);
#98=FACE_OUTER_BOUND('',#172,.T.);
#99=FACE_OUTER_BOUND('',#173,.T.);
#100=FACE_OUTER_BOUND('',#194,.T.);
#101=FACE_OUTER_BOUND('',#195,.T.);
#102=FACE_OUTER_BOUND('',#196,.T.);
#103=FACE_OUTER_BOUND('',#197,.T.);
#104=FACE_OUTER_BOUND('',#198,.T.);
#105=FACE_OUTER_BOUND('',#199,.T.);
#106=FACE_OUTER_BOUND('',#200,.T.);
#107=FACE_OUTER_BOUND('',#201,.T.);
#108=FACE_OUTER_BOUND('',#202,.T.);
#109=FACE_OUTER_BOUND('',#203,.T.);
#110=FACE_OUTER_BOUND('',#204,.T.);
#111=FACE_OUTER_BOUND('',#205,.T.);
#112=FACE_OUTER_BOUND('',#206,.T.);
#113=FACE_OUTER_BOUND('',#207,.T.);
#114=FACE_OUTER_BOUND('',#208,.T.);
#115=FACE_OUTER_BOUND('',#209,.T.);
#116=FACE_OUTER_BOUND('',#210,.T.);
#117=FACE_OUTER_BOUND('',#211,.T.);
#118=FACE_OUTER_BOUND('',#212,.T.);
#119=FACE_OUTER_BOUND('',#218,.T.);
#120=FACE_OUTER_BOUND('',#220,.T.);
#121=FACE_OUTER_BOUND('',#221,.T.);
#122=FACE_OUTER_BOUND('',#222,.T.);
#123=FACE_OUTER_BOUND('',#223,.T.);
#124=FACE_OUTER_BOUND('',#224,.T.);
#125=FACE_OUTER_BOUND('',#225,.T.);
#126=FACE_OUTER_BOUND('',#226,.T.);
#127=FACE_OUTER_BOUND('',#227,.T.);
#128=FACE_OUTER_BOUND('',#228,.T.);
#129=FACE_OUTER_BOUND('',#229,.T.);
#130=FACE_OUTER_BOUND('',#230,.T.);
#131=FACE_OUTER_BOUND('',#231,.T.);
#132=FACE_OUTER_BOUND('',#232,.T.);
#133=FACE_OUTER_BOUND('',#233,.T.);
#134=FACE_OUTER_BOUND('',#234,.T.);
#135=FACE_OUTER_BOUND('',#235,.T.);
#136=FACE_OUTER_BOUND('',#236,.T.);
#137=FACE_OUTER_BOUND('',#238,.T.);
#138=FACE_OUTER_BOUND('',#239,.T.);
#139=FACE_OUTER_BOUND('',#240,.T.);
#140=FACE_OUTER_BOUND('',#242,.T.);
#141=FACE_OUTER_BOUND('',#243,.T.);
#142=FACE_OUTER_BOUND('',#244,.T.);
#143=FACE_OUTER_BOUND('',#245,.T.);
#144=FACE_OUTER_BOUND('',#247,.T.);
#145=FACE_OUTER_BOUND('',#248,.T.);
#146=FACE_OUTER_BOUND('',#249,.T.);
#147=FACE_OUTER_BOUND('',#250,.T.);
#148=FACE_OUTER_BOUND('',#252,.T.);
#149=FACE_OUTER_BOUND('',#253,.T.);
#150=FACE_OUTER_BOUND('',#254,.T.);
#151=FACE_OUTER_BOUND('',#255,.T.);
#152=FACE_OUTER_BOUND('',#256,.T.);
#153=FACE_OUTER_BOUND('',#257,.T.);
#154=FACE_OUTER_BOUND('',#258,.T.);
#155=FACE_OUTER_BOUND('',#259,.T.);
#156=FACE_OUTER_BOUND('',#260,.T.);
#157=FACE_OUTER_BOUND('',#261,.T.);
#158=FACE_OUTER_BOUND('',#262,.T.);
#159=FACE_OUTER_BOUND('',#263,.T.);
#160=FACE_OUTER_BOUND('',#264,.T.);
#161=FACE_OUTER_BOUND('',#265,.T.);
#162=FACE_OUTER_BOUND('',#266,.T.);
#163=FACE_OUTER_BOUND('',#267,.T.);
#164=FACE_OUTER_BOUND('',#268,.T.);
#165=FACE_OUTER_BOUND('',#269,.T.);
#166=FACE_OUTER_BOUND('',#270,.T.);
#167=FACE_OUTER_BOUND('',#271,.T.);
#168=FACE_OUTER_BOUND('',#272,.T.);
#169=FACE_OUTER_BOUND('',#273,.T.);
#170=FACE_OUTER_BOUND('',#274,.T.);
#171=EDGE_LOOP('',(#893,#894,#895,#896));
#172=EDGE_LOOP('',(#897,#898,#899,#900));
#173=EDGE_LOOP('',(#901,#902,#903,#904,#905,#906,#907,#908));
#174=EDGE_LOOP('',(#909));
#175=EDGE_LOOP('',(#910));
#176=EDGE_LOOP('',(#911,#912,#913,#914,#915,#916,#917,#918));
#177=EDGE_LOOP('',(#919,#920,#921,#922));
#178=EDGE_LOOP('',(#923));
#179=EDGE_LOOP('',(#924));
#180=EDGE_LOOP('',(#925));
#181=EDGE_LOOP('',(#926));
#182=EDGE_LOOP('',(#927));
#183=EDGE_LOOP('',(#928));
#184=EDGE_LOOP('',(#929));
#185=EDGE_LOOP('',(#930));
#186=EDGE_LOOP('',(#931));
#187=EDGE_LOOP('',(#932));
#188=EDGE_LOOP('',(#933));
#189=EDGE_LOOP('',(#934));
#190=EDGE_LOOP('',(#935));
#191=EDGE_LOOP('',(#936));
#192=EDGE_LOOP('',(#937));
#193=EDGE_LOOP('',(#938));
#194=EDGE_LOOP('',(#939,#940,#941,#942));
#195=EDGE_LOOP('',(#943,#944,#945,#946));
#196=EDGE_LOOP('',(#947,#948,#949,#950));
#197=EDGE_LOOP('',(#951,#952,#953,#954));
#198=EDGE_LOOP('',(#955,#956,#957,#958));
#199=EDGE_LOOP('',(#959,#960,#961,#962));
#200=EDGE_LOOP('',(#963,#964,#965,#966));
#201=EDGE_LOOP('',(#967,#968,#969,#970));
#202=EDGE_LOOP('',(#971,#972,#973,#974));
#203=EDGE_LOOP('',(#975,#976,#977,#978));
#204=EDGE_LOOP('',(#979,#980,#981,#982));
#205=EDGE_LOOP('',(#983,#984,#985,#986));
#206=EDGE_LOOP('',(#987,#988,#989,#990));
#207=EDGE_LOOP('',(#991,#992,#993,#994));
#208=EDGE_LOOP('',(#995,#996,#997,#998));
#209=EDGE_LOOP('',(#999,#1000,#1001,#1002));
#210=EDGE_LOOP('',(#1003,#1004,#1005,#1006));
#211=EDGE_LOOP('',(#1007,#1008,#1009,#1010));
#212=EDGE_LOOP('',(#1011,#1012,#1013,#1014,#1015,#1016,#1017,#1018));
#213=EDGE_LOOP('',(#1019));
#214=EDGE_LOOP('',(#1020));
#215=EDGE_LOOP('',(#1021));
#216=EDGE_LOOP('',(#1022));
#217=EDGE_LOOP('',(#1023,#1024,#1025,#1026,#1027,#1028,#1029,#1030));
#218=EDGE_LOOP('',(#1031,#1032,#1033,#1034,#1035,#1036,#1037,#1038));
#219=EDGE_LOOP('',(#1039,#1040,#1041,#1042,#1043,#1044,#1045,#1046));
#220=EDGE_LOOP('',(#1047,#1048,#1049,#1050));
#221=EDGE_LOOP('',(#1051,#1052,#1053,#1054));
#222=EDGE_LOOP('',(#1055,#1056,#1057,#1058));
#223=EDGE_LOOP('',(#1059,#1060,#1061,#1062));
#224=EDGE_LOOP('',(#1063,#1064,#1065,#1066));
#225=EDGE_LOOP('',(#1067,#1068,#1069,#1070));
#226=EDGE_LOOP('',(#1071,#1072,#1073,#1074));
#227=EDGE_LOOP('',(#1075,#1076,#1077,#1078));
#228=EDGE_LOOP('',(#1079,#1080,#1081,#1082));
#229=EDGE_LOOP('',(#1083,#1084,#1085,#1086));
#230=EDGE_LOOP('',(#1087,#1088,#1089,#1090));
#231=EDGE_LOOP('',(#1091,#1092,#1093,#1094));
#232=EDGE_LOOP('',(#1095,#1096,#1097,#1098));
#233=EDGE_LOOP('',(#1099,#1100,#1101,#1102));
#234=EDGE_LOOP('',(#1103,#1104,#1105,#1106));
#235=EDGE_LOOP('',(#1107,#1108,#1109,#1110));
#236=EDGE_LOOP('',(#1111));
#237=EDGE_LOOP('',(#1112));
#238=EDGE_LOOP('',(#1113,#1114,#1115,#1116));
#239=EDGE_LOOP('',(#1117,#1118,#1119,#1120));
#240=EDGE_LOOP('',(#1121));
#241=EDGE_LOOP('',(#1122));
#242=EDGE_LOOP('',(#1123));
#243=EDGE_LOOP('',(#1124,#1125,#1126,#1127));
#244=EDGE_LOOP('',(#1128,#1129,#1130,#1131));
#245=EDGE_LOOP('',(#1132));
#246=EDGE_LOOP('',(#1133));
#247=EDGE_LOOP('',(#1134));
#248=EDGE_LOOP('',(#1135,#1136,#1137,#1138));
#249=EDGE_LOOP('',(#1139,#1140,#1141,#1142));
#250=EDGE_LOOP('',(#1143));
#251=EDGE_LOOP('',(#1144));
#252=EDGE_LOOP('',(#1145));
#253=EDGE_LOOP('',(#1146,#1147,#1148,#1149));
#254=EDGE_LOOP('',(#1150,#1151,#1152,#1153));
#255=EDGE_LOOP('',(#1154,#1155,#1156,#1157));
#256=EDGE_LOOP('',(#1158,#1159,#1160,#1161));
#257=EDGE_LOOP('',(#1162,#1163,#1164,#1165));
#258=EDGE_LOOP('',(#1166,#1167,#1168,#1169));
#259=EDGE_LOOP('',(#1170,#1171,#1172,#1173));
#260=EDGE_LOOP('',(#1174,#1175,#1176,#1177));
#261=EDGE_LOOP('',(#1178,#1179,#1180,#1181));
#262=EDGE_LOOP('',(#1182,#1183,#1184,#1185));
#263=EDGE_LOOP('',(#1186,#1187,#1188,#1189));
#264=EDGE_LOOP('',(#1190,#1191,#1192,#1193));
#265=EDGE_LOOP('',(#1194,#1195,#1196,#1197));
#266=EDGE_LOOP('',(#1198,#1199,#1200,#1201));
#267=EDGE_LOOP('',(#1202,#1203,#1204,#1205));
#268=EDGE_LOOP('',(#1206,#1207,#1208,#1209));
#269=EDGE_LOOP('',(#1210,#1211,#1212,#1213));
#270=EDGE_LOOP('',(#1214,#1215,#1216,#1217));
#271=EDGE_LOOP('',(#1218,#1219,#1220,#1221));
#272=EDGE_LOOP('',(#1222,#1223,#1224,#1225));
#273=EDGE_LOOP('',(#1226));
#274=EDGE_LOOP('',(#1227,#1228,#1229,#1230,#1231,#1232,#1233,#1234));
#275=EDGE_LOOP('',(#1235));
#276=EDGE_LOOP('',(#1236));
#277=EDGE_LOOP('',(#1237));
#278=EDGE_LOOP('',(#1238));
#279=EDGE_LOOP('',(#1239));
#280=EDGE_LOOP('',(#1240));
#281=EDGE_LOOP('',(#1241));
#282=EDGE_LOOP('',(#1242));
#283=EDGE_LOOP('',(#1243));
#284=EDGE_LOOP('',(#1244));
#285=EDGE_LOOP('',(#1245));
#286=EDGE_LOOP('',(#1246));
#287=EDGE_LOOP('',(#1247));
#288=EDGE_LOOP('',(#1248));
#289=EDGE_LOOP('',(#1249));
#290=EDGE_LOOP('',(#1250));
#291=EDGE_LOOP('',(#1251));
#292=EDGE_LOOP('',(#1252));
#293=EDGE_LOOP('',(#1253,#1254,#1255,#1256));
#294=EDGE_LOOP('',(#1257,#1258,#1259,#1260,#1261,#1262,#1263,#1264));
#295=LINE('',#1979,#397);
#296=LINE('',#1982,#398);
#297=LINE('',#1985,#399);
#298=LINE('',#1987,#400);
#299=LINE('',#1988,#401);
#300=LINE('',#1991,#402);
#301=LINE('',#1995,#403);
#302=LINE('',#1999,#404);
#303=LINE('',#2007,#405);
#304=LINE('',#2011,#406);
#305=LINE('',#2015,#407);
#306=LINE('',#2019,#408);
#307=LINE('',#2023,#409);
#308=LINE('',#2025,#410);
#309=LINE('',#2027,#411);
#310=LINE('',#2028,#412);
#311=LINE('',#2063,#413);
#312=LINE('',#2067,#414);
#313=LINE('',#2068,#415);
#314=LINE('',#2071,#416);
#315=LINE('',#2074,#417);
#316=LINE('',#2076,#418);
#317=LINE('',#2079,#419);
#318=LINE('',#2082,#420);
#319=LINE('',#2087,#421);
#320=LINE('',#2093,#422);
#321=LINE('',#2099,#423);
#322=LINE('',#2105,#424);
#323=LINE('',#2112,#425);
#324=LINE('',#2115,#426);
#325=LINE('',#2118,#427);
#326=LINE('',#2120,#428);
#327=LINE('',#2121,#429);
#328=LINE('',#2126,#430);
#329=LINE('',#2130,#431);
#330=LINE('',#2132,#432);
#331=LINE('',#2133,#433);
#332=LINE('',#2136,#434);
#333=LINE('',#2138,#435);
#334=LINE('',#2139,#436);
#335=LINE('',#2145,#437);
#336=LINE('',#2148,#438);
#337=LINE('',#2150,#439);
#338=LINE('',#2151,#440);
#339=LINE('',#2161,#441);
#340=LINE('',#2165,#442);
#341=LINE('',#2169,#443);
#342=LINE('',#2172,#444);
#343=LINE('',#2175,#445);
#344=LINE('',#2179,#446);
#345=LINE('',#2183,#447);
#346=LINE('',#2187,#448);
#347=LINE('',#2192,#449);
#348=LINE('',#2196,#450);
#349=LINE('',#2200,#451);
#350=LINE('',#2204,#452);
#351=LINE('',#2208,#453);
#352=LINE('',#2212,#454);
#353=LINE('',#2216,#455);
#354=LINE('',#2220,#456);
#355=LINE('',#2224,#457);
#356=LINE('',#2228,#458);
#357=LINE('',#2233,#459);
#358=LINE('',#2238,#460);
#359=LINE('',#2244,#461);
#360=LINE('',#2249,#462);
#361=LINE('',#2256,#463);
#362=LINE('',#2261,#464);
#363=LINE('',#2268,#465);
#364=LINE('',#2273,#466);
#365=LINE('',#2280,#467);
#366=LINE('',#2281,#468);
#367=LINE('',#2284,#469);
#368=LINE('',#2285,#470);
#369=LINE('',#2289,#471);
#370=LINE('',#2292,#472);
#371=LINE('',#2293,#473);
#372=LINE('',#2297,#474);
#373=LINE('',#2300,#475);
#374=LINE('',#2301,#476);
#375=LINE('',#2305,#477);
#376=LINE('',#2307,#478);
#377=LINE('',#2311,#479);
#378=LINE('',#2312,#480);
#379=LINE('',#2313,#481);
#380=LINE('',#2316,#482);
#381=LINE('',#2317,#483);
#382=LINE('',#2320,#484);
#383=LINE('',#2321,#485);
#384=LINE('',#2323,#486);
#385=LINE('',#2327,#487);
#386=LINE('',#2328,#488);
#387=LINE('',#2329,#489);
#388=LINE('',#2333,#490);
#389=LINE('',#2336,#491);
#390=LINE('',#2337,#492);
#391=LINE('',#2341,#493);
#392=LINE('',#2344,#494);
#393=LINE('',#2345,#495);
#394=LINE('',#2349,#496);
#395=LINE('',#2352,#497);
#396=LINE('',#2353,#498);
#397=VECTOR('',#1559,10.);
#398=VECTOR('',#1562,10.);
#399=VECTOR('',#1565,10.);
#400=VECTOR('',#1566,10.);
#401=VECTOR('',#1567,10.);
#402=VECTOR('',#1570,10.);
#403=VECTOR('',#1573,10.);
#404=VECTOR('',#1576,10.);
#405=VECTOR('',#1583,10.);
#406=VECTOR('',#1586,10.);
#407=VECTOR('',#1589,10.);
#408=VECTOR('',#1592,10.);
#409=VECTOR('',#1595,10.);
#410=VECTOR('',#1596,10.);
#411=VECTOR('',#1597,10.);
#412=VECTOR('',#1598,10.);
#413=VECTOR('',#1633,10.);
#414=VECTOR('',#1638,10.);
#415=VECTOR('',#1639,10.);
#416=VECTOR('',#1642,10.);
#417=VECTOR('',#1645,10.);
#418=VECTOR('',#1648,10.);
#419=VECTOR('',#1651,10.);
#420=VECTOR('',#1656,10.);
#421=VECTOR('',#1661,2.75);
#422=VECTOR('',#1668,2.75);
#423=VECTOR('',#1675,2.75);
#424=VECTOR('',#1682,2.75);
#425=VECTOR('',#1689,10.);
#426=VECTOR('',#1692,10.);
#427=VECTOR('',#1695,10.);
#428=VECTOR('',#1696,10.);
#429=VECTOR('',#1697,10.);
#430=VECTOR('',#1702,10.);
#431=VECTOR('',#1707,10.);
#432=VECTOR('',#1708,10.);
#433=VECTOR('',#1709,10.);
#434=VECTOR('',#1712,10.);
#435=VECTOR('',#1713,10.);
#436=VECTOR('',#1714,10.);
#437=VECTOR('',#1721,10.);
#438=VECTOR('',#1724,10.);
#439=VECTOR('',#1725,10.);
#440=VECTOR('',#1726,10.);
#441=VECTOR('',#1739,10.);
#442=VECTOR('',#1742,10.);
#443=VECTOR('',#1745,10.);
#444=VECTOR('',#1748,10.);
#445=VECTOR('',#1751,1.);
#446=VECTOR('',#1756,1.);
#447=VECTOR('',#1761,1.);
#448=VECTOR('',#1766,1.);
#449=VECTOR('',#1773,1.49999999999999);
#450=VECTOR('',#1778,1.5);
#451=VECTOR('',#1783,20.5);
#452=VECTOR('',#1788,1.5);
#453=VECTOR('',#1793,1.49999999999999);
#454=VECTOR('',#1798,1.5);
#455=VECTOR('',#1803,1.5);
#456=VECTOR('',#1808,20.5);
#457=VECTOR('',#1813,1.49999999999999);
#458=VECTOR('',#1818,1.5);
#459=VECTOR('',#1823,0.750000000000002);
#460=VECTOR('',#1830,2.5);
#461=VECTOR('',#1837,0.750000000000002);
#462=VECTOR('',#1844,2.5);
#463=VECTOR('',#1853,0.749999999999997);
#464=VECTOR('',#1860,2.5);
#465=VECTOR('',#1869,0.749999999999997);
#466=VECTOR('',#1876,2.5);
#467=VECTOR('',#1885,10.);
#468=VECTOR('',#1886,10.);
#469=VECTOR('',#1889,10.);
#470=VECTOR('',#1890,10.);
#471=VECTOR('',#1895,10.);
#472=VECTOR('',#1898,10.);
#473=VECTOR('',#1899,10.);
#474=VECTOR('',#1904,10.);
#475=VECTOR('',#1907,10.);
#476=VECTOR('',#1908,10.);
#477=VECTOR('',#1913,10.);
#478=VECTOR('',#1916,10.);
#479=VECTOR('',#1919,10.);
#480=VECTOR('',#1920,10.);
#481=VECTOR('',#1921,10.);
#482=VECTOR('',#1924,10.);
#483=VECTOR('',#1925,10.);
#484=VECTOR('',#1928,10.);
#485=VECTOR('',#1929,10.);
#486=VECTOR('',#1932,10.);
#487=VECTOR('',#1935,10.);
#488=VECTOR('',#1936,10.);
#489=VECTOR('',#1937,10.);
#490=VECTOR('',#1942,10.);
#491=VECTOR('',#1945,10.);
#492=VECTOR('',#1946,10.);
#493=VECTOR('',#1951,10.);
#494=VECTOR('',#1954,10.);
#495=VECTOR('',#1955,10.);
#496=VECTOR('',#1960,10.);
#497=VECTOR('',#1963,10.);
#498=VECTOR('',#1964,10.);
#499=CIRCLE('',#1396,7.5);
#500=CIRCLE('',#1397,7.5);
#501=CIRCLE('',#1400,7.5);
#502=CIRCLE('',#1401,7.5);
#503=CIRCLE('',#1402,7.5);
#504=CIRCLE('',#1403,2.5);
#505=CIRCLE('',#1404,2.5);
#506=CIRCLE('',#1405,5.);
#507=CIRCLE('',#1406,5.00000000000002);
#508=CIRCLE('',#1407,4.99999999999998);
#509=CIRCLE('',#1408,5.);
#510=CIRCLE('',#1409,2.5);
#511=CIRCLE('',#1410,2.5);
#512=CIRCLE('',#1411,1.5);
#513=CIRCLE('',#1412,1.49999999999999);
#514=CIRCLE('',#1413,20.5);
#515=CIRCLE('',#1414,1.5);
#516=CIRCLE('',#1415,1.5);
#517=CIRCLE('',#1416,1.49999999999999);
#518=CIRCLE('',#1417,1.5);
#519=CIRCLE('',#1418,20.5);
#520=CIRCLE('',#1419,1.5);
#521=CIRCLE('',#1420,1.49999999999999);
#522=CIRCLE('',#1421,1.);
#523=CIRCLE('',#1422,1.);
#524=CIRCLE('',#1423,1.);
#525=CIRCLE('',#1424,1.);
#526=CIRCLE('',#1426,7.5);
#527=CIRCLE('',#1429,7.5);
#528=CIRCLE('',#1432,7.5);
#529=CIRCLE('',#1435,2.75);
#530=CIRCLE('',#1436,2.75);
#531=CIRCLE('',#1438,2.75);
#532=CIRCLE('',#1439,2.75);
#533=CIRCLE('',#1441,2.75);
#534=CIRCLE('',#1442,2.75);
#535=CIRCLE('',#1444,2.75);
#536=CIRCLE('',#1445,2.75);
#537=CIRCLE('',#1447,7.50000000000149);
#538=CIRCLE('',#1448,7.50000000000149);
#539=CIRCLE('',#1451,7.50000000000636);
#540=CIRCLE('',#1452,7.50000000000636);
#541=CIRCLE('',#1456,7.4999999999938);
#542=CIRCLE('',#1457,7.4999999999938);
#543=CIRCLE('',#1460,7.50000000000132);
#544=CIRCLE('',#1461,7.50000000000132);
#545=CIRCLE('',#1464,9.99999999999925);
#546=CIRCLE('',#1465,10.);
#547=CIRCLE('',#1466,10.);
#548=CIRCLE('',#1467,9.99999999999996);
#549=CIRCLE('',#1469,1.);
#550=CIRCLE('',#1471,1.);
#551=CIRCLE('',#1473,1.);
#552=CIRCLE('',#1475,1.);
#553=CIRCLE('',#1477,1.49999999999999);
#554=CIRCLE('',#1479,1.5);
#555=CIRCLE('',#1481,20.5);
#556=CIRCLE('',#1483,1.5);
#557=CIRCLE('',#1485,1.49999999999999);
#558=CIRCLE('',#1487,1.5);
#559=CIRCLE('',#1489,1.5);
#560=CIRCLE('',#1491,20.5);
#561=CIRCLE('',#1493,1.49999999999999);
#562=CIRCLE('',#1495,1.5);
#563=CIRCLE('',#1497,0.750000000000002);
#564=CIRCLE('',#1498,0.750000000000002);
#565=CIRCLE('',#1500,2.5);
#566=CIRCLE('',#1503,0.750000000000002);
#567=CIRCLE('',#1504,0.750000000000002);
#568=CIRCLE('',#1506,2.5);
#569=CIRCLE('',#1510,0.749999999999997);
#570=CIRCLE('',#1511,0.749999999999997);
#571=CIRCLE('',#1513,2.5);
#572=CIRCLE('',#1517,0.749999999999997);
#573=CIRCLE('',#1518,0.749999999999997);
#574=CIRCLE('',#1520,2.5);
#575=CIRCLE('',#1524,5.);
#576=CIRCLE('',#1527,4.99999999999998);
#577=CIRCLE('',#1530,5.00000000000002);
#578=CIRCLE('',#1533,5.);
#579=CIRCLE('',#1541,9.99999999999996);
#580=CIRCLE('',#1544,10.);
#581=CIRCLE('',#1547,10.);
#582=CIRCLE('',#1550,9.99999999999925);
#583=VERTEX_POINT('',#1975);
#584=VERTEX_POINT('',#1976);
#585=VERTEX_POINT('',#1978);
#586=VERTEX_POINT('',#1980);
#587=VERTEX_POINT('',#1984);
#588=VERTEX_POINT('',#1986);
#589=VERTEX_POINT('',#1990);
#590=VERTEX_POINT('',#1992);
#591=VERTEX_POINT('',#1994);
#592=VERTEX_POINT('',#1996);
#593=VERTEX_POINT('',#1998);
#594=VERTEX_POINT('',#2001);
#595=VERTEX_POINT('',#2003);
#596=VERTEX_POINT('',#2005);
#597=VERTEX_POINT('',#2006);
#598=VERTEX_POINT('',#2008);
#599=VERTEX_POINT('',#2010);
#600=VERTEX_POINT('',#2012);
#601=VERTEX_POINT('',#2014);
#602=VERTEX_POINT('',#2016);
#603=VERTEX_POINT('',#2018);
#604=VERTEX_POINT('',#2021);
#605=VERTEX_POINT('',#2022);
#606=VERTEX_POINT('',#2024);
#607=VERTEX_POINT('',#2026);
#608=VERTEX_POINT('',#2029);
#609=VERTEX_POINT('',#2031);
#610=VERTEX_POINT('',#2033);
#611=VERTEX_POINT('',#2035);
#612=VERTEX_POINT('',#2037);
#613=VERTEX_POINT('',#2039);
#614=VERTEX_POINT('',#2041);
#615=VERTEX_POINT('',#2043);
#616=VERTEX_POINT('',#2045);
#617=VERTEX_POINT('',#2047);
#618=VERTEX_POINT('',#2049);
#619=VERTEX_POINT('',#2051);
#620=VERTEX_POINT('',#2053);
#621=VERTEX_POINT('',#2055);
#622=VERTEX_POINT('',#2057);
#623=VERTEX_POINT('',#2059);
#624=VERTEX_POINT('',#2062);
#625=VERTEX_POINT('',#2066);
#626=VERTEX_POINT('',#2070);
#627=VERTEX_POINT('',#2072);
#628=VERTEX_POINT('',#2078);
#629=VERTEX_POINT('',#2084);
#630=VERTEX_POINT('',#2086);
#631=VERTEX_POINT('',#2090);
#632=VERTEX_POINT('',#2092);
#633=VERTEX_POINT('',#2096);
#634=VERTEX_POINT('',#2098);
#635=VERTEX_POINT('',#2102);
#636=VERTEX_POINT('',#2104);
#637=VERTEX_POINT('',#2108);
#638=VERTEX_POINT('',#2109);
#639=VERTEX_POINT('',#2111);
#640=VERTEX_POINT('',#2113);
#641=VERTEX_POINT('',#2117);
#642=VERTEX_POINT('',#2119);
#643=VERTEX_POINT('',#2123);
#644=VERTEX_POINT('',#2125);
#645=VERTEX_POINT('',#2129);
#646=VERTEX_POINT('',#2131);
#647=VERTEX_POINT('',#2135);
#648=VERTEX_POINT('',#2137);
#649=VERTEX_POINT('',#2141);
#650=VERTEX_POINT('',#2143);
#651=VERTEX_POINT('',#2147);
#652=VERTEX_POINT('',#2149);
#653=VERTEX_POINT('',#2157);
#654=VERTEX_POINT('',#2158);
#655=VERTEX_POINT('',#2160);
#656=VERTEX_POINT('',#2162);
#657=VERTEX_POINT('',#2164);
#658=VERTEX_POINT('',#2166);
#659=VERTEX_POINT('',#2168);
#660=VERTEX_POINT('',#2170);
#661=VERTEX_POINT('',#2174);
#662=VERTEX_POINT('',#2178);
#663=VERTEX_POINT('',#2182);
#664=VERTEX_POINT('',#2186);
#665=VERTEX_POINT('',#2190);
#666=VERTEX_POINT('',#2194);
#667=VERTEX_POINT('',#2198);
#668=VERTEX_POINT('',#2202);
#669=VERTEX_POINT('',#2206);
#670=VERTEX_POINT('',#2210);
#671=VERTEX_POINT('',#2214);
#672=VERTEX_POINT('',#2218);
#673=VERTEX_POINT('',#2222);
#674=VERTEX_POINT('',#2226);
#675=VERTEX_POINT('',#2230);
#676=VERTEX_POINT('',#2232);
#677=VERTEX_POINT('',#2236);
#678=VERTEX_POINT('',#2241);
#679=VERTEX_POINT('',#2243);
#680=VERTEX_POINT('',#2247);
#681=VERTEX_POINT('',#2253);
#682=VERTEX_POINT('',#2255);
#683=VERTEX_POINT('',#2259);
#684=VERTEX_POINT('',#2265);
#685=VERTEX_POINT('',#2267);
#686=VERTEX_POINT('',#2271);
#687=VERTEX_POINT('',#2277);
#688=VERTEX_POINT('',#2278);
#689=VERTEX_POINT('',#2283);
#690=VERTEX_POINT('',#2287);
#691=VERTEX_POINT('',#2291);
#692=VERTEX_POINT('',#2295);
#693=VERTEX_POINT('',#2299);
#694=VERTEX_POINT('',#2303);
#695=VERTEX_POINT('',#2309);
#696=VERTEX_POINT('',#2310);
#697=VERTEX_POINT('',#2315);
#698=VERTEX_POINT('',#2319);
#699=VERTEX_POINT('',#2325);
#700=VERTEX_POINT('',#2326);
#701=VERTEX_POINT('',#2331);
#702=VERTEX_POINT('',#2335);
#703=VERTEX_POINT('',#2339);
#704=VERTEX_POINT('',#2343);
#705=VERTEX_POINT('',#2347);
#706=VERTEX_POINT('',#2351);
#707=EDGE_CURVE('',#583,#584,#499,.T.);
#708=EDGE_CURVE('',#585,#583,#295,.T.);
#709=EDGE_CURVE('',#586,#585,#500,.T.);
#710=EDGE_CURVE('',#584,#586,#296,.T.);
#711=EDGE_CURVE('',#587,#583,#297,.T.);
#712=EDGE_CURVE('',#587,#588,#298,.T.);
#713=EDGE_CURVE('',#585,#588,#299,.T.);
#714=EDGE_CURVE('',#584,#589,#300,.T.);
#715=EDGE_CURVE('',#589,#590,#501,.T.);
#716=EDGE_CURVE('',#590,#591,#301,.T.);
#717=EDGE_CURVE('',#591,#592,#502,.T.);
#718=EDGE_CURVE('',#592,#593,#302,.T.);
#719=EDGE_CURVE('',#593,#587,#503,.T.);
#720=EDGE_CURVE('',#594,#594,#504,.T.);
#721=EDGE_CURVE('',#595,#595,#505,.T.);
#722=EDGE_CURVE('',#596,#597,#303,.T.);
#723=EDGE_CURVE('',#597,#598,#506,.T.);
#724=EDGE_CURVE('',#598,#599,#304,.T.);
#725=EDGE_CURVE('',#599,#600,#507,.T.);
#726=EDGE_CURVE('',#600,#601,#305,.T.);
#727=EDGE_CURVE('',#601,#602,#508,.T.);
#728=EDGE_CURVE('',#602,#603,#306,.T.);
#729=EDGE_CURVE('',#603,#596,#509,.T.);
#730=EDGE_CURVE('',#604,#605,#307,.T.);
#731=EDGE_CURVE('',#605,#606,#308,.T.);
#732=EDGE_CURVE('',#606,#607,#309,.T.);
#733=EDGE_CURVE('',#607,#604,#310,.T.);
#734=EDGE_CURVE('',#608,#608,#510,.T.);
#735=EDGE_CURVE('',#609,#609,#511,.T.);
#736=EDGE_CURVE('',#610,#610,#512,.T.);
#737=EDGE_CURVE('',#611,#611,#513,.T.);
#738=EDGE_CURVE('',#612,#612,#514,.T.);
#739=EDGE_CURVE('',#613,#613,#515,.T.);
#740=EDGE_CURVE('',#614,#614,#516,.T.);
#741=EDGE_CURVE('',#615,#615,#517,.T.);
#742=EDGE_CURVE('',#616,#616,#518,.T.);
#743=EDGE_CURVE('',#617,#617,#519,.T.);
#744=EDGE_CURVE('',#618,#618,#520,.T.);
#745=EDGE_CURVE('',#619,#619,#521,.T.);
#746=EDGE_CURVE('',#620,#620,#522,.T.);
#747=EDGE_CURVE('',#621,#621,#523,.T.);
#748=EDGE_CURVE('',#622,#622,#524,.T.);
#749=EDGE_CURVE('',#623,#623,#525,.T.);
#750=EDGE_CURVE('',#624,#593,#311,.T.);
#751=EDGE_CURVE('',#588,#624,#526,.T.);
#752=EDGE_CURVE('',#592,#625,#312,.T.);
#753=EDGE_CURVE('',#624,#625,#313,.T.);
#754=EDGE_CURVE('',#626,#589,#314,.T.);
#755=EDGE_CURVE('',#627,#626,#527,.T.);
#756=EDGE_CURVE('',#590,#627,#315,.T.);
#757=EDGE_CURVE('',#626,#586,#316,.T.);
#758=EDGE_CURVE('',#628,#591,#317,.T.);
#759=EDGE_CURVE('',#625,#628,#528,.T.);
#760=EDGE_CURVE('',#628,#627,#318,.T.);
#761=EDGE_CURVE('',#629,#629,#529,.T.);
#762=EDGE_CURVE('',#629,#630,#319,.T.);
#763=EDGE_CURVE('',#630,#630,#530,.T.);
#764=EDGE_CURVE('',#631,#631,#531,.T.);
#765=EDGE_CURVE('',#631,#632,#320,.T.);
#766=EDGE_CURVE('',#632,#632,#532,.T.);
#767=EDGE_CURVE('',#633,#633,#533,.T.);
#768=EDGE_CURVE('',#633,#634,#321,.T.);
#769=EDGE_CURVE('',#634,#634,#534,.T.);
#770=EDGE_CURVE('',#635,#635,#535,.T.);
#771=EDGE_CURVE('',#635,#636,#322,.T.);
#772=EDGE_CURVE('',#636,#636,#536,.T.);
#773=EDGE_CURVE('',#637,#638,#537,.T.);
#774=EDGE_CURVE('',#637,#639,#323,.T.);
#775=EDGE_CURVE('',#640,#639,#538,.T.);
#776=EDGE_CURVE('',#638,#640,#324,.T.);
#777=EDGE_CURVE('',#641,#637,#325,.T.);
#778=EDGE_CURVE('',#641,#642,#326,.T.);
#779=EDGE_CURVE('',#639,#642,#327,.T.);
#780=EDGE_CURVE('',#643,#641,#539,.T.);
#781=EDGE_CURVE('',#643,#644,#328,.T.);
#782=EDGE_CURVE('',#642,#644,#540,.T.);
#783=EDGE_CURVE('',#645,#643,#329,.T.);
#784=EDGE_CURVE('',#645,#646,#330,.T.);
#785=EDGE_CURVE('',#644,#646,#331,.T.);
#786=EDGE_CURVE('',#638,#647,#332,.T.);
#787=EDGE_CURVE('',#648,#640,#333,.T.);
#788=EDGE_CURVE('',#647,#648,#334,.T.);
#789=EDGE_CURVE('',#647,#649,#541,.T.);
#790=EDGE_CURVE('',#650,#648,#542,.T.);
#791=EDGE_CURVE('',#649,#650,#335,.T.);
#792=EDGE_CURVE('',#649,#651,#336,.T.);
#793=EDGE_CURVE('',#652,#650,#337,.T.);
#794=EDGE_CURVE('',#651,#652,#338,.T.);
#795=EDGE_CURVE('',#651,#645,#543,.T.);
#796=EDGE_CURVE('',#646,#652,#544,.T.);
#797=EDGE_CURVE('',#653,#654,#545,.T.);
#798=EDGE_CURVE('',#654,#655,#339,.T.);
#799=EDGE_CURVE('',#655,#656,#546,.T.);
#800=EDGE_CURVE('',#656,#657,#340,.T.);
#801=EDGE_CURVE('',#657,#658,#547,.T.);
#802=EDGE_CURVE('',#658,#659,#341,.T.);
#803=EDGE_CURVE('',#659,#660,#548,.T.);
#804=EDGE_CURVE('',#660,#653,#342,.T.);
#805=EDGE_CURVE('',#623,#661,#343,.T.);
#806=EDGE_CURVE('',#661,#661,#549,.T.);
#807=EDGE_CURVE('',#622,#662,#344,.T.);
#808=EDGE_CURVE('',#662,#662,#550,.T.);
#809=EDGE_CURVE('',#621,#663,#345,.T.);
#810=EDGE_CURVE('',#663,#663,#551,.T.);
#811=EDGE_CURVE('',#620,#664,#346,.T.);
#812=EDGE_CURVE('',#664,#664,#552,.T.);
#813=EDGE_CURVE('',#665,#665,#553,.T.);
#814=EDGE_CURVE('',#665,#619,#347,.T.);
#815=EDGE_CURVE('',#666,#666,#554,.T.);
#816=EDGE_CURVE('',#666,#618,#348,.T.);
#817=EDGE_CURVE('',#667,#667,#555,.T.);
#818=EDGE_CURVE('',#667,#617,#349,.T.);
#819=EDGE_CURVE('',#668,#668,#556,.T.);
#820=EDGE_CURVE('',#668,#616,#350,.T.);
#821=EDGE_CURVE('',#669,#669,#557,.T.);
#822=EDGE_CURVE('',#669,#615,#351,.T.);
#823=EDGE_CURVE('',#670,#670,#558,.T.);
#824=EDGE_CURVE('',#670,#614,#352,.T.);
#825=EDGE_CURVE('',#671,#671,#559,.T.);
#826=EDGE_CURVE('',#671,#613,#353,.T.);
#827=EDGE_CURVE('',#672,#672,#560,.T.);
#828=EDGE_CURVE('',#672,#612,#354,.T.);
#829=EDGE_CURVE('',#673,#673,#561,.T.);
#830=EDGE_CURVE('',#673,#611,#355,.T.);
#831=EDGE_CURVE('',#674,#674,#562,.T.);
#832=EDGE_CURVE('',#674,#610,#356,.T.);
#833=EDGE_CURVE('',#675,#675,#563,.T.);
#834=EDGE_CURVE('',#675,#676,#357,.T.);
#835=EDGE_CURVE('',#676,#676,#564,.T.);
#836=EDGE_CURVE('',#677,#677,#565,.T.);
#837=EDGE_CURVE('',#677,#594,#358,.T.);
#838=EDGE_CURVE('',#678,#678,#566,.T.);
#839=EDGE_CURVE('',#678,#679,#359,.T.);
#840=EDGE_CURVE('',#679,#679,#567,.T.);
#841=EDGE_CURVE('',#680,#680,#568,.T.);
#842=EDGE_CURVE('',#680,#609,#360,.T.);
#843=EDGE_CURVE('',#681,#681,#569,.T.);
#844=EDGE_CURVE('',#681,#682,#361,.T.);
#845=EDGE_CURVE('',#682,#682,#570,.T.);
#846=EDGE_CURVE('',#683,#683,#571,.T.);
#847=EDGE_CURVE('',#683,#595,#362,.T.);
#848=EDGE_CURVE('',#684,#684,#572,.T.);
#849=EDGE_CURVE('',#684,#685,#363,.T.);
#850=EDGE_CURVE('',#685,#685,#573,.T.);
#851=EDGE_CURVE('',#686,#686,#574,.T.);
#852=EDGE_CURVE('',#686,#608,#364,.T.);
#853=EDGE_CURVE('',#687,#688,#575,.T.);
#854=EDGE_CURVE('',#688,#596,#365,.T.);
#855=EDGE_CURVE('',#687,#603,#366,.T.);
#856=EDGE_CURVE('',#689,#687,#367,.T.);
#857=EDGE_CURVE('',#689,#602,#368,.T.);
#858=EDGE_CURVE('',#690,#689,#576,.T.);
#859=EDGE_CURVE('',#690,#601,#369,.T.);
#860=EDGE_CURVE('',#691,#690,#370,.T.);
#861=EDGE_CURVE('',#691,#600,#371,.T.);
#862=EDGE_CURVE('',#692,#691,#577,.T.);
#863=EDGE_CURVE('',#692,#599,#372,.T.);
#864=EDGE_CURVE('',#693,#692,#373,.T.);
#865=EDGE_CURVE('',#693,#598,#374,.T.);
#866=EDGE_CURVE('',#694,#693,#578,.T.);
#867=EDGE_CURVE('',#694,#597,#375,.T.);
#868=EDGE_CURVE('',#688,#694,#376,.T.);
#869=EDGE_CURVE('',#695,#696,#377,.T.);
#870=EDGE_CURVE('',#696,#604,#378,.T.);
#871=EDGE_CURVE('',#695,#607,#379,.T.);
#872=EDGE_CURVE('',#697,#695,#380,.T.);
#873=EDGE_CURVE('',#697,#606,#381,.T.);
#874=EDGE_CURVE('',#698,#697,#382,.T.);
#875=EDGE_CURVE('',#698,#605,#383,.T.);
#876=EDGE_CURVE('',#696,#698,#384,.T.);
#877=EDGE_CURVE('',#699,#700,#385,.T.);
#878=EDGE_CURVE('',#700,#653,#386,.T.);
#879=EDGE_CURVE('',#699,#660,#387,.T.);
#880=EDGE_CURVE('',#701,#699,#579,.T.);
#881=EDGE_CURVE('',#701,#659,#388,.T.);
#882=EDGE_CURVE('',#702,#701,#389,.T.);
#883=EDGE_CURVE('',#702,#658,#390,.T.);
#884=EDGE_CURVE('',#703,#702,#580,.T.);
#885=EDGE_CURVE('',#703,#657,#391,.T.);
#886=EDGE_CURVE('',#704,#703,#392,.T.);
#887=EDGE_CURVE('',#704,#656,#393,.T.);
#888=EDGE_CURVE('',#705,#704,#581,.T.);
#889=EDGE_CURVE('',#705,#655,#394,.T.);
#890=EDGE_CURVE('',#706,#705,#395,.T.);
#891=EDGE_CURVE('',#706,#654,#396,.T.);
#892=EDGE_CURVE('',#700,#706,#582,.T.);
#893=ORIENTED_EDGE('',*,*,#707,.F.);
#894=ORIENTED_EDGE('',*,*,#708,.F.);
#895=ORIENTED_EDGE('',*,*,#709,.F.);
#896=ORIENTED_EDGE('',*,*,#710,.F.);
#897=ORIENTED_EDGE('',*,*,#708,.T.);
#898=ORIENTED_EDGE('',*,*,#711,.F.);
#899=ORIENTED_EDGE('',*,*,#712,.T.);
#900=ORIENTED_EDGE('',*,*,#713,.F.);
#901=ORIENTED_EDGE('',*,*,#707,.T.);
#902=ORIENTED_EDGE('',*,*,#714,.T.);
#903=ORIENTED_EDGE('',*,*,#715,.T.);
#904=ORIENTED_EDGE('',*,*,#716,.T.);
#905=ORIENTED_EDGE('',*,*,#717,.T.);
#906=ORIENTED_EDGE('',*,*,#718,.T.);
#907=ORIENTED_EDGE('',*,*,#719,.T.);
#908=ORIENTED_EDGE('',*,*,#711,.T.);
#909=ORIENTED_EDGE('',*,*,#720,.T.);
#910=ORIENTED_EDGE('',*,*,#721,.T.);
#911=ORIENTED_EDGE('',*,*,#722,.T.);
#912=ORIENTED_EDGE('',*,*,#723,.T.);
#913=ORIENTED_EDGE('',*,*,#724,.T.);
#914=ORIENTED_EDGE('',*,*,#725,.T.);
#915=ORIENTED_EDGE('',*,*,#726,.T.);
#916=ORIENTED_EDGE('',*,*,#727,.T.);
#917=ORIENTED_EDGE('',*,*,#728,.T.);
#918=ORIENTED_EDGE('',*,*,#729,.T.);
#919=ORIENTED_EDGE('',*,*,#730,.T.);
#920=ORIENTED_EDGE('',*,*,#731,.T.);
#921=ORIENTED_EDGE('',*,*,#732,.T.);
#922=ORIENTED_EDGE('',*,*,#733,.T.);
#923=ORIENTED_EDGE('',*,*,#734,.T.);
#924=ORIENTED_EDGE('',*,*,#735,.T.);
#925=ORIENTED_EDGE('',*,*,#736,.T.);
#926=ORIENTED_EDGE('',*,*,#737,.T.);
#927=ORIENTED_EDGE('',*,*,#738,.T.);
#928=ORIENTED_EDGE('',*,*,#739,.T.);
#929=ORIENTED_EDGE('',*,*,#740,.T.);
#930=ORIENTED_EDGE('',*,*,#741,.T.);
#931=ORIENTED_EDGE('',*,*,#742,.T.);
#932=ORIENTED_EDGE('',*,*,#743,.T.);
#933=ORIENTED_EDGE('',*,*,#744,.T.);
#934=ORIENTED_EDGE('',*,*,#745,.T.);
#935=ORIENTED_EDGE('',*,*,#746,.T.);
#936=ORIENTED_EDGE('',*,*,#747,.T.);
#937=ORIENTED_EDGE('',*,*,#748,.T.);
#938=ORIENTED_EDGE('',*,*,#749,.T.);
#939=ORIENTED_EDGE('',*,*,#719,.F.);
#940=ORIENTED_EDGE('',*,*,#750,.F.);
#941=ORIENTED_EDGE('',*,*,#751,.F.);
#942=ORIENTED_EDGE('',*,*,#712,.F.);
#943=ORIENTED_EDGE('',*,*,#750,.T.);
#944=ORIENTED_EDGE('',*,*,#718,.F.);
#945=ORIENTED_EDGE('',*,*,#752,.T.);
#946=ORIENTED_EDGE('',*,*,#753,.F.);
#947=ORIENTED_EDGE('',*,*,#715,.F.);
#948=ORIENTED_EDGE('',*,*,#754,.F.);
#949=ORIENTED_EDGE('',*,*,#755,.F.);
#950=ORIENTED_EDGE('',*,*,#756,.F.);
#951=ORIENTED_EDGE('',*,*,#710,.T.);
#952=ORIENTED_EDGE('',*,*,#757,.F.);
#953=ORIENTED_EDGE('',*,*,#754,.T.);
#954=ORIENTED_EDGE('',*,*,#714,.F.);
#955=ORIENTED_EDGE('',*,*,#717,.F.);
#956=ORIENTED_EDGE('',*,*,#758,.F.);
#957=ORIENTED_EDGE('',*,*,#759,.F.);
#958=ORIENTED_EDGE('',*,*,#752,.F.);
#959=ORIENTED_EDGE('',*,*,#756,.T.);
#960=ORIENTED_EDGE('',*,*,#760,.F.);
#961=ORIENTED_EDGE('',*,*,#758,.T.);
#962=ORIENTED_EDGE('',*,*,#716,.F.);
#963=ORIENTED_EDGE('',*,*,#761,.F.);
#964=ORIENTED_EDGE('',*,*,#762,.T.);
#965=ORIENTED_EDGE('',*,*,#763,.F.);
#966=ORIENTED_EDGE('',*,*,#762,.F.);
#967=ORIENTED_EDGE('',*,*,#764,.F.);
#968=ORIENTED_EDGE('',*,*,#765,.T.);
#969=ORIENTED_EDGE('',*,*,#766,.F.);
#970=ORIENTED_EDGE('',*,*,#765,.F.);
#971=ORIENTED_EDGE('',*,*,#767,.F.);
#972=ORIENTED_EDGE('',*,*,#768,.T.);
#973=ORIENTED_EDGE('',*,*,#769,.F.);
#974=ORIENTED_EDGE('',*,*,#768,.F.);
#975=ORIENTED_EDGE('',*,*,#770,.F.);
#976=ORIENTED_EDGE('',*,*,#771,.T.);
#977=ORIENTED_EDGE('',*,*,#772,.F.);
#978=ORIENTED_EDGE('',*,*,#771,.F.);
#979=ORIENTED_EDGE('',*,*,#773,.F.);
#980=ORIENTED_EDGE('',*,*,#774,.T.);
#981=ORIENTED_EDGE('',*,*,#775,.F.);
#982=ORIENTED_EDGE('',*,*,#776,.F.);
#983=ORIENTED_EDGE('',*,*,#777,.F.);
#984=ORIENTED_EDGE('',*,*,#778,.T.);
#985=ORIENTED_EDGE('',*,*,#779,.F.);
#986=ORIENTED_EDGE('',*,*,#774,.F.);
#987=ORIENTED_EDGE('',*,*,#780,.F.);
#988=ORIENTED_EDGE('',*,*,#781,.T.);
#989=ORIENTED_EDGE('',*,*,#782,.F.);
#990=ORIENTED_EDGE('',*,*,#778,.F.);
#991=ORIENTED_EDGE('',*,*,#783,.F.);
#992=ORIENTED_EDGE('',*,*,#784,.T.);
#993=ORIENTED_EDGE('',*,*,#785,.F.);
#994=ORIENTED_EDGE('',*,*,#781,.F.);
#995=ORIENTED_EDGE('',*,*,#786,.F.);
#996=ORIENTED_EDGE('',*,*,#776,.T.);
#997=ORIENTED_EDGE('',*,*,#787,.F.);
#998=ORIENTED_EDGE('',*,*,#788,.F.);
#999=ORIENTED_EDGE('',*,*,#789,.F.);
#1000=ORIENTED_EDGE('',*,*,#788,.T.);
#1001=ORIENTED_EDGE('',*,*,#790,.F.);
#1002=ORIENTED_EDGE('',*,*,#791,.F.);
#1003=ORIENTED_EDGE('',*,*,#792,.F.);
#1004=ORIENTED_EDGE('',*,*,#791,.T.);
#1005=ORIENTED_EDGE('',*,*,#793,.F.);
#1006=ORIENTED_EDGE('',*,*,#794,.F.);
#1007=ORIENTED_EDGE('',*,*,#795,.F.);
#1008=ORIENTED_EDGE('',*,*,#794,.T.);
#1009=ORIENTED_EDGE('',*,*,#796,.F.);
#1010=ORIENTED_EDGE('',*,*,#784,.F.);
#1011=ORIENTED_EDGE('',*,*,#796,.T.);
#1012=ORIENTED_EDGE('',*,*,#793,.T.);
#1013=ORIENTED_EDGE('',*,*,#790,.T.);
#1014=ORIENTED_EDGE('',*,*,#787,.T.);
#1015=ORIENTED_EDGE('',*,*,#775,.T.);
#1016=ORIENTED_EDGE('',*,*,#779,.T.);
#1017=ORIENTED_EDGE('',*,*,#782,.T.);
#1018=ORIENTED_EDGE('',*,*,#785,.T.);
#1019=ORIENTED_EDGE('',*,*,#764,.T.);
#1020=ORIENTED_EDGE('',*,*,#770,.T.);
#1021=ORIENTED_EDGE('',*,*,#761,.T.);
#1022=ORIENTED_EDGE('',*,*,#767,.T.);
#1023=ORIENTED_EDGE('',*,*,#751,.T.);
#1024=ORIENTED_EDGE('',*,*,#753,.T.);
#1025=ORIENTED_EDGE('',*,*,#759,.T.);
#1026=ORIENTED_EDGE('',*,*,#760,.T.);
#1027=ORIENTED_EDGE('',*,*,#755,.T.);
#1028=ORIENTED_EDGE('',*,*,#757,.T.);
#1029=ORIENTED_EDGE('',*,*,#709,.T.);
#1030=ORIENTED_EDGE('',*,*,#713,.T.);
#1031=ORIENTED_EDGE('',*,*,#797,.T.);
#1032=ORIENTED_EDGE('',*,*,#798,.T.);
#1033=ORIENTED_EDGE('',*,*,#799,.T.);
#1034=ORIENTED_EDGE('',*,*,#800,.T.);
#1035=ORIENTED_EDGE('',*,*,#801,.T.);
#1036=ORIENTED_EDGE('',*,*,#802,.T.);
#1037=ORIENTED_EDGE('',*,*,#803,.T.);
#1038=ORIENTED_EDGE('',*,*,#804,.T.);
#1039=ORIENTED_EDGE('',*,*,#783,.T.);
#1040=ORIENTED_EDGE('',*,*,#780,.T.);
#1041=ORIENTED_EDGE('',*,*,#777,.T.);
#1042=ORIENTED_EDGE('',*,*,#773,.T.);
#1043=ORIENTED_EDGE('',*,*,#786,.T.);
#1044=ORIENTED_EDGE('',*,*,#789,.T.);
#1045=ORIENTED_EDGE('',*,*,#792,.T.);
#1046=ORIENTED_EDGE('',*,*,#795,.T.);
#1047=ORIENTED_EDGE('',*,*,#749,.F.);
#1048=ORIENTED_EDGE('',*,*,#805,.T.);
#1049=ORIENTED_EDGE('',*,*,#806,.F.);
#1050=ORIENTED_EDGE('',*,*,#805,.F.);
#1051=ORIENTED_EDGE('',*,*,#748,.F.);
#1052=ORIENTED_EDGE('',*,*,#807,.T.);
#1053=ORIENTED_EDGE('',*,*,#808,.F.);
#1054=ORIENTED_EDGE('',*,*,#807,.F.);
#1055=ORIENTED_EDGE('',*,*,#747,.F.);
#1056=ORIENTED_EDGE('',*,*,#809,.T.);
#1057=ORIENTED_EDGE('',*,*,#810,.F.);
#1058=ORIENTED_EDGE('',*,*,#809,.F.);
#1059=ORIENTED_EDGE('',*,*,#746,.F.);
#1060=ORIENTED_EDGE('',*,*,#811,.T.);
#1061=ORIENTED_EDGE('',*,*,#812,.F.);
#1062=ORIENTED_EDGE('',*,*,#811,.F.);
#1063=ORIENTED_EDGE('',*,*,#813,.F.);
#1064=ORIENTED_EDGE('',*,*,#814,.T.);
#1065=ORIENTED_EDGE('',*,*,#745,.F.);
#1066=ORIENTED_EDGE('',*,*,#814,.F.);
#1067=ORIENTED_EDGE('',*,*,#815,.F.);
#1068=ORIENTED_EDGE('',*,*,#816,.T.);
#1069=ORIENTED_EDGE('',*,*,#744,.F.);
#1070=ORIENTED_EDGE('',*,*,#816,.F.);
#1071=ORIENTED_EDGE('',*,*,#817,.F.);
#1072=ORIENTED_EDGE('',*,*,#818,.T.);
#1073=ORIENTED_EDGE('',*,*,#743,.F.);
#1074=ORIENTED_EDGE('',*,*,#818,.F.);
#1075=ORIENTED_EDGE('',*,*,#819,.F.);
#1076=ORIENTED_EDGE('',*,*,#820,.T.);
#1077=ORIENTED_EDGE('',*,*,#742,.F.);
#1078=ORIENTED_EDGE('',*,*,#820,.F.);
#1079=ORIENTED_EDGE('',*,*,#821,.F.);
#1080=ORIENTED_EDGE('',*,*,#822,.T.);
#1081=ORIENTED_EDGE('',*,*,#741,.F.);
#1082=ORIENTED_EDGE('',*,*,#822,.F.);
#1083=ORIENTED_EDGE('',*,*,#823,.F.);
#1084=ORIENTED_EDGE('',*,*,#824,.T.);
#1085=ORIENTED_EDGE('',*,*,#740,.F.);
#1086=ORIENTED_EDGE('',*,*,#824,.F.);
#1087=ORIENTED_EDGE('',*,*,#825,.F.);
#1088=ORIENTED_EDGE('',*,*,#826,.T.);
#1089=ORIENTED_EDGE('',*,*,#739,.F.);
#1090=ORIENTED_EDGE('',*,*,#826,.F.);
#1091=ORIENTED_EDGE('',*,*,#827,.F.);
#1092=ORIENTED_EDGE('',*,*,#828,.T.);
#1093=ORIENTED_EDGE('',*,*,#738,.F.);
#1094=ORIENTED_EDGE('',*,*,#828,.F.);
#1095=ORIENTED_EDGE('',*,*,#829,.F.);
#1096=ORIENTED_EDGE('',*,*,#830,.T.);
#1097=ORIENTED_EDGE('',*,*,#737,.F.);
#1098=ORIENTED_EDGE('',*,*,#830,.F.);
#1099=ORIENTED_EDGE('',*,*,#831,.F.);
#1100=ORIENTED_EDGE('',*,*,#832,.T.);
#1101=ORIENTED_EDGE('',*,*,#736,.F.);
#1102=ORIENTED_EDGE('',*,*,#832,.F.);
#1103=ORIENTED_EDGE('',*,*,#833,.F.);
#1104=ORIENTED_EDGE('',*,*,#834,.T.);
#1105=ORIENTED_EDGE('',*,*,#835,.F.);
#1106=ORIENTED_EDGE('',*,*,#834,.F.);
#1107=ORIENTED_EDGE('',*,*,#836,.F.);
#1108=ORIENTED_EDGE('',*,*,#837,.T.);
#1109=ORIENTED_EDGE('',*,*,#720,.F.);
#1110=ORIENTED_EDGE('',*,*,#837,.F.);
#1111=ORIENTED_EDGE('',*,*,#836,.T.);
#1112=ORIENTED_EDGE('',*,*,#833,.T.);
#1113=ORIENTED_EDGE('',*,*,#838,.F.);
#1114=ORIENTED_EDGE('',*,*,#839,.T.);
#1115=ORIENTED_EDGE('',*,*,#840,.F.);
#1116=ORIENTED_EDGE('',*,*,#839,.F.);
#1117=ORIENTED_EDGE('',*,*,#841,.F.);
#1118=ORIENTED_EDGE('',*,*,#842,.T.);
#1119=ORIENTED_EDGE('',*,*,#735,.F.);
#1120=ORIENTED_EDGE('',*,*,#842,.F.);
#1121=ORIENTED_EDGE('',*,*,#841,.T.);
#1122=ORIENTED_EDGE('',*,*,#838,.T.);
#1123=ORIENTED_EDGE('',*,*,#835,.T.);
#1124=ORIENTED_EDGE('',*,*,#843,.F.);
#1125=ORIENTED_EDGE('',*,*,#844,.T.);
#1126=ORIENTED_EDGE('',*,*,#845,.F.);
#1127=ORIENTED_EDGE('',*,*,#844,.F.);
#1128=ORIENTED_EDGE('',*,*,#846,.F.);
#1129=ORIENTED_EDGE('',*,*,#847,.T.);
#1130=ORIENTED_EDGE('',*,*,#721,.F.);
#1131=ORIENTED_EDGE('',*,*,#847,.F.);
#1132=ORIENTED_EDGE('',*,*,#846,.T.);
#1133=ORIENTED_EDGE('',*,*,#843,.T.);
#1134=ORIENTED_EDGE('',*,*,#840,.T.);
#1135=ORIENTED_EDGE('',*,*,#848,.F.);
#1136=ORIENTED_EDGE('',*,*,#849,.T.);
#1137=ORIENTED_EDGE('',*,*,#850,.F.);
#1138=ORIENTED_EDGE('',*,*,#849,.F.);
#1139=ORIENTED_EDGE('',*,*,#851,.F.);
#1140=ORIENTED_EDGE('',*,*,#852,.T.);
#1141=ORIENTED_EDGE('',*,*,#734,.F.);
#1142=ORIENTED_EDGE('',*,*,#852,.F.);
#1143=ORIENTED_EDGE('',*,*,#851,.T.);
#1144=ORIENTED_EDGE('',*,*,#848,.T.);
#1145=ORIENTED_EDGE('',*,*,#845,.T.);
#1146=ORIENTED_EDGE('',*,*,#853,.T.);
#1147=ORIENTED_EDGE('',*,*,#854,.T.);
#1148=ORIENTED_EDGE('',*,*,#729,.F.);
#1149=ORIENTED_EDGE('',*,*,#855,.F.);
#1150=ORIENTED_EDGE('',*,*,#856,.T.);
#1151=ORIENTED_EDGE('',*,*,#855,.T.);
#1152=ORIENTED_EDGE('',*,*,#728,.F.);
#1153=ORIENTED_EDGE('',*,*,#857,.F.);
#1154=ORIENTED_EDGE('',*,*,#858,.T.);
#1155=ORIENTED_EDGE('',*,*,#857,.T.);
#1156=ORIENTED_EDGE('',*,*,#727,.F.);
#1157=ORIENTED_EDGE('',*,*,#859,.F.);
#1158=ORIENTED_EDGE('',*,*,#860,.T.);
#1159=ORIENTED_EDGE('',*,*,#859,.T.);
#1160=ORIENTED_EDGE('',*,*,#726,.F.);
#1161=ORIENTED_EDGE('',*,*,#861,.F.);
#1162=ORIENTED_EDGE('',*,*,#862,.T.);
#1163=ORIENTED_EDGE('',*,*,#861,.T.);
#1164=ORIENTED_EDGE('',*,*,#725,.F.);
#1165=ORIENTED_EDGE('',*,*,#863,.F.);
#1166=ORIENTED_EDGE('',*,*,#864,.T.);
#1167=ORIENTED_EDGE('',*,*,#863,.T.);
#1168=ORIENTED_EDGE('',*,*,#724,.F.);
#1169=ORIENTED_EDGE('',*,*,#865,.F.);
#1170=ORIENTED_EDGE('',*,*,#866,.T.);
#1171=ORIENTED_EDGE('',*,*,#865,.T.);
#1172=ORIENTED_EDGE('',*,*,#723,.F.);
#1173=ORIENTED_EDGE('',*,*,#867,.F.);
#1174=ORIENTED_EDGE('',*,*,#868,.T.);
#1175=ORIENTED_EDGE('',*,*,#867,.T.);
#1176=ORIENTED_EDGE('',*,*,#722,.F.);
#1177=ORIENTED_EDGE('',*,*,#854,.F.);
#1178=ORIENTED_EDGE('',*,*,#869,.T.);
#1179=ORIENTED_EDGE('',*,*,#870,.T.);
#1180=ORIENTED_EDGE('',*,*,#733,.F.);
#1181=ORIENTED_EDGE('',*,*,#871,.F.);
#1182=ORIENTED_EDGE('',*,*,#872,.T.);
#1183=ORIENTED_EDGE('',*,*,#871,.T.);
#1184=ORIENTED_EDGE('',*,*,#732,.F.);
#1185=ORIENTED_EDGE('',*,*,#873,.F.);
#1186=ORIENTED_EDGE('',*,*,#874,.T.);
#1187=ORIENTED_EDGE('',*,*,#873,.T.);
#1188=ORIENTED_EDGE('',*,*,#731,.F.);
#1189=ORIENTED_EDGE('',*,*,#875,.F.);
#1190=ORIENTED_EDGE('',*,*,#876,.T.);
#1191=ORIENTED_EDGE('',*,*,#875,.T.);
#1192=ORIENTED_EDGE('',*,*,#730,.F.);
#1193=ORIENTED_EDGE('',*,*,#870,.F.);
#1194=ORIENTED_EDGE('',*,*,#877,.T.);
#1195=ORIENTED_EDGE('',*,*,#878,.T.);
#1196=ORIENTED_EDGE('',*,*,#804,.F.);
#1197=ORIENTED_EDGE('',*,*,#879,.F.);
#1198=ORIENTED_EDGE('',*,*,#880,.T.);
#1199=ORIENTED_EDGE('',*,*,#879,.T.);
#1200=ORIENTED_EDGE('',*,*,#803,.F.);
#1201=ORIENTED_EDGE('',*,*,#881,.F.);
#1202=ORIENTED_EDGE('',*,*,#882,.T.);
#1203=ORIENTED_EDGE('',*,*,#881,.T.);
#1204=ORIENTED_EDGE('',*,*,#802,.F.);
#1205=ORIENTED_EDGE('',*,*,#883,.F.);
#1206=ORIENTED_EDGE('',*,*,#884,.T.);
#1207=ORIENTED_EDGE('',*,*,#883,.T.);
#1208=ORIENTED_EDGE('',*,*,#801,.F.);
#1209=ORIENTED_EDGE('',*,*,#885,.F.);
#1210=ORIENTED_EDGE('',*,*,#886,.T.);
#1211=ORIENTED_EDGE('',*,*,#885,.T.);
#1212=ORIENTED_EDGE('',*,*,#800,.F.);
#1213=ORIENTED_EDGE('',*,*,#887,.F.);
#1214=ORIENTED_EDGE('',*,*,#888,.T.);
#1215=ORIENTED_EDGE('',*,*,#887,.T.);
#1216=ORIENTED_EDGE('',*,*,#799,.F.);
#1217=ORIENTED_EDGE('',*,*,#889,.F.);
#1218=ORIENTED_EDGE('',*,*,#890,.T.);
#1219=ORIENTED_EDGE('',*,*,#889,.T.);
#1220=ORIENTED_EDGE('',*,*,#798,.F.);
#1221=ORIENTED_EDGE('',*,*,#891,.F.);
#1222=ORIENTED_EDGE('',*,*,#892,.T.);
#1223=ORIENTED_EDGE('',*,*,#891,.T.);
#1224=ORIENTED_EDGE('',*,*,#797,.F.);
#1225=ORIENTED_EDGE('',*,*,#878,.F.);
#1226=ORIENTED_EDGE('',*,*,#850,.T.);
#1227=ORIENTED_EDGE('',*,*,#892,.F.);
#1228=ORIENTED_EDGE('',*,*,#877,.F.);
#1229=ORIENTED_EDGE('',*,*,#880,.F.);
#1230=ORIENTED_EDGE('',*,*,#882,.F.);
#1231=ORIENTED_EDGE('',*,*,#884,.F.);
#1232=ORIENTED_EDGE('',*,*,#886,.F.);
#1233=ORIENTED_EDGE('',*,*,#888,.F.);
#1234=ORIENTED_EDGE('',*,*,#890,.F.);
#1235=ORIENTED_EDGE('',*,*,#763,.T.);
#1236=ORIENTED_EDGE('',*,*,#766,.T.);
#1237=ORIENTED_EDGE('',*,*,#769,.T.);
#1238=ORIENTED_EDGE('',*,*,#772,.T.);
#1239=ORIENTED_EDGE('',*,*,#806,.T.);
#1240=ORIENTED_EDGE('',*,*,#808,.T.);
#1241=ORIENTED_EDGE('',*,*,#810,.T.);
#1242=ORIENTED_EDGE('',*,*,#812,.T.);
#1243=ORIENTED_EDGE('',*,*,#813,.T.);
#1244=ORIENTED_EDGE('',*,*,#815,.T.);
#1245=ORIENTED_EDGE('',*,*,#817,.T.);
#1246=ORIENTED_EDGE('',*,*,#819,.T.);
#1247=ORIENTED_EDGE('',*,*,#821,.T.);
#1248=ORIENTED_EDGE('',*,*,#823,.T.);
#1249=ORIENTED_EDGE('',*,*,#825,.T.);
#1250=ORIENTED_EDGE('',*,*,#827,.T.);
#1251=ORIENTED_EDGE('',*,*,#829,.T.);
#1252=ORIENTED_EDGE('',*,*,#831,.T.);
#1253=ORIENTED_EDGE('',*,*,#876,.F.);
#1254=ORIENTED_EDGE('',*,*,#869,.F.);
#1255=ORIENTED_EDGE('',*,*,#872,.F.);
#1256=ORIENTED_EDGE('',*,*,#874,.F.);
#1257=ORIENTED_EDGE('',*,*,#868,.F.);
#1258=ORIENTED_EDGE('',*,*,#853,.F.);
#1259=ORIENTED_EDGE('',*,*,#856,.F.);
#1260=ORIENTED_EDGE('',*,*,#858,.F.);
#1261=ORIENTED_EDGE('',*,*,#860,.F.);
#1262=ORIENTED_EDGE('',*,*,#862,.F.);
#1263=ORIENTED_EDGE('',*,*,#864,.F.);
#1264=ORIENTED_EDGE('',*,*,#866,.F.);
#1265=CYLINDRICAL_SURFACE('',#1395,7.5);
#1266=CYLINDRICAL_SURFACE('',#1425,7.5);
#1267=CYLINDRICAL_SURFACE('',#1428,7.5);
#1268=CYLINDRICAL_SURFACE('',#1431,7.5);
#1269=CYLINDRICAL_SURFACE('',#1434,2.75);
#1270=CYLINDRICAL_SURFACE('',#1437,2.75);
#1271=CYLINDRICAL_SURFACE('',#1440,2.75);
#1272=CYLINDRICAL_SURFACE('',#1443,2.75);
#1273=CYLINDRICAL_SURFACE('',#1446,7.50000000000149);
#1274=CYLINDRICAL_SURFACE('',#1450,7.50000000000636);
#1275=CYLINDRICAL_SURFACE('',#1455,7.4999999999938);
#1276=CYLINDRICAL_SURFACE('',#1459,7.50000000000132);
#1277=CYLINDRICAL_SURFACE('',#1468,1.);
#1278=CYLINDRICAL_SURFACE('',#1470,1.);
#1279=CYLINDRICAL_SURFACE('',#1472,1.);
#1280=CYLINDRICAL_SURFACE('',#1474,1.);
#1281=CYLINDRICAL_SURFACE('',#1476,1.49999999999999);
#1282=CYLINDRICAL_SURFACE('',#1478,1.5);
#1283=CYLINDRICAL_SURFACE('',#1480,20.5);
#1284=CYLINDRICAL_SURFACE('',#1482,1.5);
#1285=CYLINDRICAL_SURFACE('',#1484,1.49999999999999);
#1286=CYLINDRICAL_SURFACE('',#1486,1.5);
#1287=CYLINDRICAL_SURFACE('',#1488,1.5);
#1288=CYLINDRICAL_SURFACE('',#1490,20.5);
#1289=CYLINDRICAL_SURFACE('',#1492,1.49999999999999);
#1290=CYLINDRICAL_SURFACE('',#1494,1.5);
#1291=CYLINDRICAL_SURFACE('',#1496,0.750000000000002);
#1292=CYLINDRICAL_SURFACE('',#1499,2.5);
#1293=CYLINDRICAL_SURFACE('',#1502,0.750000000000002);
#1294=CYLINDRICAL_SURFACE('',#1505,2.5);
#1295=CYLINDRICAL_SURFACE('',#1509,0.749999999999997);
#1296=CYLINDRICAL_SURFACE('',#1512,2.5);
#1297=CYLINDRICAL_SURFACE('',#1516,0.749999999999997);
#1298=CYLINDRICAL_SURFACE('',#1519,2.5);
#1299=CYLINDRICAL_SURFACE('',#1523,5.);
#1300=CYLINDRICAL_SURFACE('',#1526,4.99999999999998);
#1301=CYLINDRICAL_SURFACE('',#1529,5.00000000000002);
#1302=CYLINDRICAL_SURFACE('',#1532,5.);
#1303=CYLINDRICAL_SURFACE('',#1540,9.99999999999996);
#1304=CYLINDRICAL_SURFACE('',#1543,10.);
#1305=CYLINDRICAL_SURFACE('',#1546,10.);
#1306=CYLINDRICAL_SURFACE('',#1549,9.99999999999925);
#1307=ADVANCED_FACE('',(#97),#1265,.T.);
#1308=ADVANCED_FACE('',(#98),#65,.T.);
#1309=ADVANCED_FACE('',(#99,#15,#16,#17,#18,#19,#20,#21,#22,#23,#24,#25,
#26,#27,#28,#29,#30,#31,#32,#33,#34),#66,.T.);
#1310=ADVANCED_FACE('',(#100),#1266,.T.);
#1311=ADVANCED_FACE('',(#101),#67,.T.);
#1312=ADVANCED_FACE('',(#102),#1267,.T.);
#1313=ADVANCED_FACE('',(#103),#68,.T.);
#1314=ADVANCED_FACE('',(#104),#1268,.T.);
#1315=ADVANCED_FACE('',(#105),#69,.T.);
#1316=ADVANCED_FACE('',(#106),#1269,.F.);
#1317=ADVANCED_FACE('',(#107),#1270,.F.);
#1318=ADVANCED_FACE('',(#108),#1271,.F.);
#1319=ADVANCED_FACE('',(#109),#1272,.F.);
#1320=ADVANCED_FACE('',(#110),#1273,.T.);
#1321=ADVANCED_FACE('',(#111),#70,.T.);
#1322=ADVANCED_FACE('',(#112),#1274,.T.);
#1323=ADVANCED_FACE('',(#113),#71,.T.);
#1324=ADVANCED_FACE('',(#114),#72,.T.);
#1325=ADVANCED_FACE('',(#115),#1275,.T.);
#1326=ADVANCED_FACE('',(#116),#73,.T.);
#1327=ADVANCED_FACE('',(#117),#1276,.T.);
#1328=ADVANCED_FACE('',(#118,#35,#36,#37,#38,#39),#74,.T.);
#1329=ADVANCED_FACE('',(#119,#40),#75,.T.);
#1330=ADVANCED_FACE('',(#120),#1277,.F.);
#1331=ADVANCED_FACE('',(#121),#1278,.F.);
#1332=ADVANCED_FACE('',(#122),#1279,.F.);
#1333=ADVANCED_FACE('',(#123),#1280,.F.);
#1334=ADVANCED_FACE('',(#124),#1281,.F.);
#1335=ADVANCED_FACE('',(#125),#1282,.F.);
#1336=ADVANCED_FACE('',(#126),#1283,.F.);
#1337=ADVANCED_FACE('',(#127),#1284,.F.);
#1338=ADVANCED_FACE('',(#128),#1285,.F.);
#1339=ADVANCED_FACE('',(#129),#1286,.F.);
#1340=ADVANCED_FACE('',(#130),#1287,.F.);
#1341=ADVANCED_FACE('',(#131),#1288,.F.);
#1342=ADVANCED_FACE('',(#132),#1289,.F.);
#1343=ADVANCED_FACE('',(#133),#1290,.F.);
#1344=ADVANCED_FACE('',(#134),#1291,.F.);
#1345=ADVANCED_FACE('',(#135),#1292,.T.);
#1346=ADVANCED_FACE('',(#136,#41),#76,.T.);
#1347=ADVANCED_FACE('',(#137),#1293,.F.);
#1348=ADVANCED_FACE('',(#138),#1294,.T.);
#1349=ADVANCED_FACE('',(#139,#42),#77,.T.);
#1350=ADVANCED_FACE('',(#140),#78,.T.);
#1351=ADVANCED_FACE('',(#141),#1295,.F.);
#1352=ADVANCED_FACE('',(#142),#1296,.T.);
#1353=ADVANCED_FACE('',(#143,#43),#79,.T.);
#1354=ADVANCED_FACE('',(#144),#80,.T.);
#1355=ADVANCED_FACE('',(#145),#1297,.F.);
#1356=ADVANCED_FACE('',(#146),#1298,.T.);
#1357=ADVANCED_FACE('',(#147,#44),#81,.T.);
#1358=ADVANCED_FACE('',(#148),#82,.T.);
#1359=ADVANCED_FACE('',(#149),#1299,.F.);
#1360=ADVANCED_FACE('',(#150),#83,.T.);
#1361=ADVANCED_FACE('',(#151),#1300,.F.);
#1362=ADVANCED_FACE('',(#152),#84,.T.);
#1363=ADVANCED_FACE('',(#153),#1301,.F.);
#1364=ADVANCED_FACE('',(#154),#85,.T.);
#1365=ADVANCED_FACE('',(#155),#1302,.F.);
#1366=ADVANCED_FACE('',(#156),#86,.T.);
#1367=ADVANCED_FACE('',(#157),#87,.T.);
#1368=ADVANCED_FACE('',(#158),#88,.T.);
#1369=ADVANCED_FACE('',(#159),#89,.T.);
#1370=ADVANCED_FACE('',(#160),#90,.T.);
#1371=ADVANCED_FACE('',(#161),#91,.T.);
#1372=ADVANCED_FACE('',(#162),#1303,.T.);
#1373=ADVANCED_FACE('',(#163),#92,.T.);
#1374=ADVANCED_FACE('',(#164),#1304,.T.);
#1375=ADVANCED_FACE('',(#165),#93,.T.);
#1376=ADVANCED_FACE('',(#166),#1305,.T.);
#1377=ADVANCED_FACE('',(#167),#94,.T.);
#1378=ADVANCED_FACE('',(#168),#1306,.T.);
#1379=ADVANCED_FACE('',(#169),#95,.T.);
#1380=ADVANCED_FACE('',(#170,#45,#46,#47,#48,#49,#50,#51,#52,#53,#54,#55,
#56,#57,#58,#59,#60,#61,#62,#63,#64),#96,.F.);
#1381=CLOSED_SHELL('',(#1307,#1308,#1309,#1310,#1311,#1312,#1313,#1314,
#1315,#1316,#1317,#1318,#1319,#1320,#1321,#1322,#1323,#1324,#1325,#1326,
#1327,#1328,#1329,#1330,#1331,#1332,#1333,#1334,#1335,#1336,#1337,#1338,
#1339,#1340,#1341,#1342,#1343,#1344,#1345,#1346,#1347,#1348,#1349,#1350,
#1351,#1352,#1353,#1354,#1355,#1356,#1357,#1358,#1359,#1360,#1361,#1362,
#1363,#1364,#1365,#1366,#1367,#1368,#1369,#1370,#1371,#1372,#1373,#1374,
#1375,#1376,#1377,#1378,#1379,#1380));
#1382=DERIVED_UNIT_ELEMENT(#1384,1.);
#1383=DERIVED_UNIT_ELEMENT(#2363,-3.);
#1384=(
MASS_UNIT()
NAMED_UNIT(*)
SI_UNIT(.KILO.,.GRAM.)
);
#1385=DERIVED_UNIT((#1382,#1383));
#1386=MEASURE_REPRESENTATION_ITEM('density measure',
POSITIVE_RATIO_MEASURE(7850.),#1385);
#1387=PROPERTY_DEFINITION_REPRESENTATION(#1392,#1389);
#1388=PROPERTY_DEFINITION_REPRESENTATION(#1393,#1390);
#1389=REPRESENTATION('material name',(#1391),#2360);
#1390=REPRESENTATION('density',(#1386),#2360);
#1391=DESCRIPTIVE_REPRESENTATION_ITEM('Steel','Steel');
#1392=PROPERTY_DEFINITION('material property','material name',#2370);
#1393=PROPERTY_DEFINITION('material property','density of part',#2370);
#1394=AXIS2_PLACEMENT_3D('',#1973,#1553,#1554);
#1395=AXIS2_PLACEMENT_3D('',#1974,#1555,#1556);
#1396=AXIS2_PLACEMENT_3D('',#1977,#1557,#1558);
#1397=AXIS2_PLACEMENT_3D('',#1981,#1560,#1561);
#1398=AXIS2_PLACEMENT_3D('',#1983,#1563,#1564);
#1399=AXIS2_PLACEMENT_3D('',#1989,#1568,#1569);
#1400=AXIS2_PLACEMENT_3D('',#1993,#1571,#1572);
#1401=AXIS2_PLACEMENT_3D('',#1997,#1574,#1575);
#1402=AXIS2_PLACEMENT_3D('',#2000,#1577,#1578);
#1403=AXIS2_PLACEMENT_3D('',#2002,#1579,#1580);
#1404=AXIS2_PLACEMENT_3D('',#2004,#1581,#1582);
#1405=AXIS2_PLACEMENT_3D('',#2009,#1584,#1585);
#1406=AXIS2_PLACEMENT_3D('',#2013,#1587,#1588);
#1407=AXIS2_PLACEMENT_3D('',#2017,#1590,#1591);
#1408=AXIS2_PLACEMENT_3D('',#2020,#1593,#1594);
#1409=AXIS2_PLACEMENT_3D('',#2030,#1599,#1600);
#1410=AXIS2_PLACEMENT_3D('',#2032,#1601,#1602);
#1411=AXIS2_PLACEMENT_3D('',#2034,#1603,#1604);
#1412=AXIS2_PLACEMENT_3D('',#2036,#1605,#1606);
#1413=AXIS2_PLACEMENT_3D('',#2038,#1607,#1608);
#1414=AXIS2_PLACEMENT_3D('',#2040,#1609,#1610);
#1415=AXIS2_PLACEMENT_3D('',#2042,#1611,#1612);
#1416=AXIS2_PLACEMENT_3D('',#2044,#1613,#1614);
#1417=AXIS2_PLACEMENT_3D('',#2046,#1615,#1616);
#1418=AXIS2_PLACEMENT_3D('',#2048,#1617,#1618);
#1419=AXIS2_PLACEMENT_3D('',#2050,#1619,#1620);
#1420=AXIS2_PLACEMENT_3D('',#2052,#1621,#1622);
#1421=AXIS2_PLACEMENT_3D('',#2054,#1623,#1624);
#1422=AXIS2_PLACEMENT_3D('',#2056,#1625,#1626);
#1423=AXIS2_PLACEMENT_3D('',#2058,#1627,#1628);
#1424=AXIS2_PLACEMENT_3D('',#2060,#1629,#1630);
#1425=AXIS2_PLACEMENT_3D('',#2061,#1631,#1632);
#1426=AXIS2_PLACEMENT_3D('',#2064,#1634,#1635);
#1427=AXIS2_PLACEMENT_3D('',#2065,#1636,#1637);
#1428=AXIS2_PLACEMENT_3D('',#2069,#1640,#1641);
#1429=AXIS2_PLACEMENT_3D('',#2073,#1643,#1644);
#1430=AXIS2_PLACEMENT_3D('',#2075,#1646,#1647);
#1431=AXIS2_PLACEMENT_3D('',#2077,#1649,#1650);
#1432=AXIS2_PLACEMENT_3D('',#2080,#1652,#1653);
#1433=AXIS2_PLACEMENT_3D('',#2081,#1654,#1655);
#1434=AXIS2_PLACEMENT_3D('',#2083,#1657,#1658);
#1435=AXIS2_PLACEMENT_3D('',#2085,#1659,#1660);
#1436=AXIS2_PLACEMENT_3D('',#2088,#1662,#1663);
#1437=AXIS2_PLACEMENT_3D('',#2089,#1664,#1665);
#1438=AXIS2_PLACEMENT_3D('',#2091,#1666,#1667);
#1439=AXIS2_PLACEMENT_3D('',#2094,#1669,#1670);
#1440=AXIS2_PLACEMENT_3D('',#2095,#1671,#1672);
#1441=AXIS2_PLACEMENT_3D('',#2097,#1673,#1674);
#1442=AXIS2_PLACEMENT_3D('',#2100,#1676,#1677);
#1443=AXIS2_PLACEMENT_3D('',#2101,#1678,#1679);
#1444=AXIS2_PLACEMENT_3D('',#2103,#1680,#1681);
#1445=AXIS2_PLACEMENT_3D('',#2106,#1683,#1684);
#1446=AXIS2_PLACEMENT_3D('',#2107,#1685,#1686);
#1447=AXIS2_PLACEMENT_3D('',#2110,#1687,#1688);
#1448=AXIS2_PLACEMENT_3D('',#2114,#1690,#1691);
#1449=AXIS2_PLACEMENT_3D('',#2116,#1693,#1694);
#1450=AXIS2_PLACEMENT_3D('',#2122,#1698,#1699);
#1451=AXIS2_PLACEMENT_3D('',#2124,#1700,#1701);
#1452=AXIS2_PLACEMENT_3D('',#2127,#1703,#1704);
#1453=AXIS2_PLACEMENT_3D('',#2128,#1705,#1706);
#1454=AXIS2_PLACEMENT_3D('',#2134,#1710,#1711);
#1455=AXIS2_PLACEMENT_3D('',#2140,#1715,#1716);
#1456=AXIS2_PLACEMENT_3D('',#2142,#1717,#1718);
#1457=AXIS2_PLACEMENT_3D('',#2144,#1719,#1720);
#1458=AXIS2_PLACEMENT_3D('',#2146,#1722,#1723);
#1459=AXIS2_PLACEMENT_3D('',#2152,#1727,#1728);
#1460=AXIS2_PLACEMENT_3D('',#2153,#1729,#1730);
#1461=AXIS2_PLACEMENT_3D('',#2154,#1731,#1732);
#1462=AXIS2_PLACEMENT_3D('',#2155,#1733,#1734);
#1463=AXIS2_PLACEMENT_3D('',#2156,#1735,#1736);
#1464=AXIS2_PLACEMENT_3D('',#2159,#1737,#1738);
#1465=AXIS2_PLACEMENT_3D('',#2163,#1740,#1741);
#1466=AXIS2_PLACEMENT_3D('',#2167,#1743,#1744);
#1467=AXIS2_PLACEMENT_3D('',#2171,#1746,#1747);
#1468=AXIS2_PLACEMENT_3D('',#2173,#1749,#1750);
#1469=AXIS2_PLACEMENT_3D('',#2176,#1752,#1753);
#1470=AXIS2_PLACEMENT_3D('',#2177,#1754,#1755);
#1471=AXIS2_PLACEMENT_3D('',#2180,#1757,#1758);
#1472=AXIS2_PLACEMENT_3D('',#2181,#1759,#1760);
#1473=AXIS2_PLACEMENT_3D('',#2184,#1762,#1763);
#1474=AXIS2_PLACEMENT_3D('',#2185,#1764,#1765);
#1475=AXIS2_PLACEMENT_3D('',#2188,#1767,#1768);
#1476=AXIS2_PLACEMENT_3D('',#2189,#1769,#1770);
#1477=AXIS2_PLACEMENT_3D('',#2191,#1771,#1772);
#1478=AXIS2_PLACEMENT_3D('',#2193,#1774,#1775);
#1479=AXIS2_PLACEMENT_3D('',#2195,#1776,#1777);
#1480=AXIS2_PLACEMENT_3D('',#2197,#1779,#1780);
#1481=AXIS2_PLACEMENT_3D('',#2199,#1781,#1782);
#1482=AXIS2_PLACEMENT_3D('',#2201,#1784,#1785);
#1483=AXIS2_PLACEMENT_3D('',#2203,#1786,#1787);
#1484=AXIS2_PLACEMENT_3D('',#2205,#1789,#1790);
#1485=AXIS2_PLACEMENT_3D('',#2207,#1791,#1792);
#1486=AXIS2_PLACEMENT_3D('',#2209,#1794,#1795);
#1487=AXIS2_PLACEMENT_3D('',#2211,#1796,#1797);
#1488=AXIS2_PLACEMENT_3D('',#2213,#1799,#1800);
#1489=AXIS2_PLACEMENT_3D('',#2215,#1801,#1802);
#1490=AXIS2_PLACEMENT_3D('',#2217,#1804,#1805);
#1491=AXIS2_PLACEMENT_3D('',#2219,#1806,#1807);
#1492=AXIS2_PLACEMENT_3D('',#2221,#1809,#1810);
#1493=AXIS2_PLACEMENT_3D('',#2223,#1811,#1812);
#1494=AXIS2_PLACEMENT_3D('',#2225,#1814,#1815);
#1495=AXIS2_PLACEMENT_3D('',#2227,#1816,#1817);
#1496=AXIS2_PLACEMENT_3D('',#2229,#1819,#1820);
#1497=AXIS2_PLACEMENT_3D('',#2231,#1821,#1822);
#1498=AXIS2_PLACEMENT_3D('',#2234,#1824,#1825);
#1499=AXIS2_PLACEMENT_3D('',#2235,#1826,#1827);
#1500=AXIS2_PLACEMENT_3D('',#2237,#1828,#1829);
#1501=AXIS2_PLACEMENT_3D('',#2239,#1831,#1832);
#1502=AXIS2_PLACEMENT_3D('',#2240,#1833,#1834);
#1503=AXIS2_PLACEMENT_3D('',#2242,#1835,#1836);
#1504=AXIS2_PLACEMENT_3D('',#2245,#1838,#1839);
#1505=AXIS2_PLACEMENT_3D('',#2246,#1840,#1841);
#1506=AXIS2_PLACEMENT_3D('',#2248,#1842,#1843);
#1507=AXIS2_PLACEMENT_3D('',#2250,#1845,#1846);
#1508=AXIS2_PLACEMENT_3D('',#2251,#1847,#1848);
#1509=AXIS2_PLACEMENT_3D('',#2252,#1849,#1850);
#1510=AXIS2_PLACEMENT_3D('',#2254,#1851,#1852);
#1511=AXIS2_PLACEMENT_3D('',#2257,#1854,#1855);
#1512=AXIS2_PLACEMENT_3D('',#2258,#1856,#1857);
#1513=AXIS2_PLACEMENT_3D('',#2260,#1858,#1859);
#1514=AXIS2_PLACEMENT_3D('',#2262,#1861,#1862);
#1515=AXIS2_PLACEMENT_3D('',#2263,#1863,#1864);
#1516=AXIS2_PLACEMENT_3D('',#2264,#1865,#1866);
#1517=AXIS2_PLACEMENT_3D('',#2266,#1867,#1868);
#1518=AXIS2_PLACEMENT_3D('',#2269,#1870,#1871);
#1519=AXIS2_PLACEMENT_3D('',#2270,#1872,#1873);
#1520=AXIS2_PLACEMENT_3D('',#2272,#1874,#1875);
#1521=AXIS2_PLACEMENT_3D('',#2274,#1877,#1878);
#1522=AXIS2_PLACEMENT_3D('',#2275,#1879,#1880);
#1523=AXIS2_PLACEMENT_3D('',#2276,#1881,#1882);
#1524=AXIS2_PLACEMENT_3D('',#2279,#1883,#1884);
#1525=AXIS2_PLACEMENT_3D('',#2282,#1887,#1888);
#1526=AXIS2_PLACEMENT_3D('',#2286,#1891,#1892);
#1527=AXIS2_PLACEMENT_3D('',#2288,#1893,#1894);
#1528=AXIS2_PLACEMENT_3D('',#2290,#1896,#1897);
#1529=AXIS2_PLACEMENT_3D('',#2294,#1900,#1901);
#1530=AXIS2_PLACEMENT_3D('',#2296,#1902,#1903);
#1531=AXIS2_PLACEMENT_3D('',#2298,#1905,#1906);
#1532=AXIS2_PLACEMENT_3D('',#2302,#1909,#1910);
#1533=AXIS2_PLACEMENT_3D('',#2304,#1911,#1912);
#1534=AXIS2_PLACEMENT_3D('',#2306,#1914,#1915);
#1535=AXIS2_PLACEMENT_3D('',#2308,#1917,#1918);
#1536=AXIS2_PLACEMENT_3D('',#2314,#1922,#1923);
#1537=AXIS2_PLACEMENT_3D('',#2318,#1926,#1927);
#1538=AXIS2_PLACEMENT_3D('',#2322,#1930,#1931);
#1539=AXIS2_PLACEMENT_3D('',#2324,#1933,#1934);
#1540=AXIS2_PLACEMENT_3D('',#2330,#1938,#1939);
#1541=AXIS2_PLACEMENT_3D('',#2332,#1940,#1941);
#1542=AXIS2_PLACEMENT_3D('',#2334,#1943,#1944);
#1543=AXIS2_PLACEMENT_3D('',#2338,#1947,#1948);
#1544=AXIS2_PLACEMENT_3D('',#2340,#1949,#1950);
#1545=AXIS2_PLACEMENT_3D('',#2342,#1952,#1953);
#1546=AXIS2_PLACEMENT_3D('',#2346,#1956,#1957);
#1547=AXIS2_PLACEMENT_3D('',#2348,#1958,#1959);
#1548=AXIS2_PLACEMENT_3D('',#2350,#1961,#1962);
#1549=AXIS2_PLACEMENT_3D('',#2354,#1965,#1966);
#1550=AXIS2_PLACEMENT_3D('',#2355,#1967,#1968);
#1551=AXIS2_PLACEMENT_3D('',#2356,#1969,#1970);
#1552=AXIS2_PLACEMENT_3D('',#2357,#1971,#1972);
#1553=DIRECTION('axis',(0.,0.,1.));
#1554=DIRECTION('refdir',(1.,0.,0.));
#1555=DIRECTION('center_axis',(0.,0.,-1.));
#1556=DIRECTION('ref_axis',(-1.,0.,0.));
#1557=DIRECTION('center_axis',(0.,0.,-1.));
#1558=DIRECTION('ref_axis',(-1.,0.,0.));
#1559=DIRECTION('',(0.,0.,-1.));
#1560=DIRECTION('center_axis',(0.,0.,1.));
#1561=DIRECTION('ref_axis',(-1.,0.,0.));
#1562=DIRECTION('',(0.,0.,1.));
#1563=DIRECTION('center_axis',(-7.10542733013823E-16,1.,0.));
#1564=DIRECTION('ref_axis',(-1.,-7.10542733013823E-16,0.));
#1565=DIRECTION('',(1.,7.10542733013823E-16,0.));
#1566=DIRECTION('',(0.,0.,1.));
#1567=DIRECTION('',(-1.,-7.10542733013823E-16,0.));
#1568=DIRECTION('center_axis',(0.,0.,1.));
#1569=DIRECTION('ref_axis',(1.,0.,0.));
#1570=DIRECTION('',(3.20928471482169E-14,1.,0.));
#1571=DIRECTION('center_axis',(0.,0.,-1.));
#1572=DIRECTION('ref_axis',(-1.,0.,0.));
#1573=DIRECTION('',(-1.,1.11022300363008E-16,0.));
#1574=DIRECTION('center_axis',(0.,0.,-1.));
#1575=DIRECTION('ref_axis',(-1.,0.,0.));
#1576=DIRECTION('',(-8.51467035177279E-14,-1.,0.));
#1577=DIRECTION('center_axis',(0.,0.,-1.));
#1578=DIRECTION('ref_axis',(-1.,0.,0.));
#1579=DIRECTION('center_axis',(0.,0.,-1.));
#1580=DIRECTION('ref_axis',(-1.,0.,0.));
#1581=DIRECTION('center_axis',(0.,0.,-1.));
#1582=DIRECTION('ref_axis',(-1.,0.,0.));
#1583=DIRECTION('',(1.,7.93439388265446E-15,0.));
#1584=DIRECTION('center_axis',(0.,0.,-1.));
#1585=DIRECTION('ref_axis',(1.,0.,0.));
#1586=DIRECTION('',(-9.34924652315921E-16,-1.,0.));
#1587=DIRECTION('center_axis',(0.,0.,-1.));
#1588=DIRECTION('ref_axis',(0.,-1.,0.));
#1589=DIRECTION('',(-1.,-3.51753829584208E-16,0.));
#1590=DIRECTION('center_axis',(0.,0.,-1.));
#1591=DIRECTION('ref_axis',(-1.,7.10542735760103E-15,0.));
#1592=DIRECTION('',(9.34924652315922E-17,1.,0.));
#1593=DIRECTION('center_axis',(0.,0.,-1.));
#1594=DIRECTION('ref_axis',(0.,1.,0.));
#1595=DIRECTION('',(1.77635683940025E-16,-1.,0.));
#1596=DIRECTION('',(-1.,0.,0.));
#1597=DIRECTION('',(0.,1.,0.));
#1598=DIRECTION('',(1.,6.16790569236198E-17,0.));
#1599=DIRECTION('center_axis',(0.,0.,-1.));
#1600=DIRECTION('ref_axis',(-1.,0.,0.));
#1601=DIRECTION('center_axis',(0.,0.,-1.));
#1602=DIRECTION('ref_axis',(-1.,0.,0.));
#1603=DIRECTION('center_axis',(0.,0.,-1.));
#1604=DIRECTION('ref_axis',(-1.,0.,0.));
#1605=DIRECTION('center_axis',(0.,0.,-1.));
#1606=DIRECTION('ref_axis',(-1.,0.,0.));
#1607=DIRECTION('center_axis',(0.,0.,-1.));
#1608=DIRECTION('ref_axis',(-1.,0.,0.));
#1609=DIRECTION('center_axis',(0.,0.,-1.));
#1610=DIRECTION('ref_axis',(-1.,0.,0.));
#1611=DIRECTION('center_axis',(0.,0.,-1.));
#1612=DIRECTION('ref_axis',(-1.,0.,0.));
#1613=DIRECTION('center_axis',(0.,0.,-1.));
#1614=DIRECTION('ref_axis',(-1.,0.,0.));
#1615=DIRECTION('center_axis',(0.,0.,-1.));
#1616=DIRECTION('ref_axis',(-1.,0.,0.));
#1617=DIRECTION('center_axis',(0.,0.,-1.));
#1618=DIRECTION('ref_axis',(-1.,0.,0.));
#1619=DIRECTION('center_axis',(0.,0.,-1.));
#1620=DIRECTION('ref_axis',(-1.,0.,0.));
#1621=DIRECTION('center_axis',(0.,0.,-1.));
#1622=DIRECTION('ref_axis',(-1.,0.,0.));
#1623=DIRECTION('center_axis',(0.,0.,-1.));
#1624=DIRECTION('ref_axis',(-1.,0.,0.));
#1625=DIRECTION('center_axis',(0.,0.,-1.));
#1626=DIRECTION('ref_axis',(-1.,0.,0.));
#1627=DIRECTION('center_axis',(0.,0.,-1.));
#1628=DIRECTION('ref_axis',(-1.,0.,0.));
#1629=DIRECTION('center_axis',(0.,0.,-1.));
#1630=DIRECTION('ref_axis',(-1.,0.,0.));
#1631=DIRECTION('center_axis',(0.,0.,-1.));
#1632=DIRECTION('ref_axis',(0.707106781187433,0.707106781185662,0.));
#1633=DIRECTION('',(0.,0.,-1.));
#1634=DIRECTION('center_axis',(0.,0.,1.));
#1635=DIRECTION('ref_axis',(-1.,0.,0.));
#1636=DIRECTION('center_axis',(1.,-8.51467035177279E-14,0.));
#1637=DIRECTION('ref_axis',(8.51467035177279E-14,1.,0.));
#1638=DIRECTION('',(0.,0.,1.));
#1639=DIRECTION('',(8.51467035177279E-14,1.,0.));
#1640=DIRECTION('center_axis',(0.,0.,-1.));
#1641=DIRECTION('ref_axis',(-1.,0.,0.));
#1642=DIRECTION('',(0.,0.,-1.));
#1643=DIRECTION('center_axis',(0.,0.,1.));
#1644=DIRECTION('ref_axis',(-1.,0.,0.));
#1645=DIRECTION('',(0.,0.,1.));
#1646=DIRECTION('center_axis',(-1.,3.20928471482169E-14,0.));
#1647=DIRECTION('ref_axis',(-3.20928471482169E-14,-1.,0.));
#1648=DIRECTION('',(-3.20928471482169E-14,-1.,0.));
#1649=DIRECTION('center_axis',(0.,0.,-1.));
#1650=DIRECTION('ref_axis',(0.707106781188318,-0.707106781184777,0.));
#1651=DIRECTION('',(0.,0.,-1.));
#1652=DIRECTION('center_axis',(0.,0.,1.));
#1653=DIRECTION('ref_axis',(-1.,0.,0.));
#1654=DIRECTION('center_axis',(-1.11022300363008E-16,-1.,0.));
#1655=DIRECTION('ref_axis',(1.,-1.11022300363008E-16,0.));
#1656=DIRECTION('',(1.,-1.11022300363008E-16,0.));
#1657=DIRECTION('center_axis',(0.,0.,-1.));
#1658=DIRECTION('ref_axis',(-1.,0.,0.));
#1659=DIRECTION('center_axis',(0.,0.,-1.));
#1660=DIRECTION('ref_axis',(-1.,0.,0.));
#1661=DIRECTION('',(0.,0.,-1.));
#1662=DIRECTION('center_axis',(0.,0.,1.));
#1663=DIRECTION('ref_axis',(-1.,0.,0.));
#1664=DIRECTION('center_axis',(0.,0.,-1.));
#1665=DIRECTION('ref_axis',(-1.,0.,0.));
#1666=DIRECTION('center_axis',(0.,0.,-1.));
#1667=DIRECTION('ref_axis',(-1.,0.,0.));
#1668=DIRECTION('',(0.,0.,-1.));
#1669=DIRECTION('center_axis',(0.,0.,1.));
#1670=DIRECTION('ref_axis',(-1.,0.,0.));
#1671=DIRECTION('center_axis',(0.,0.,-1.));
#1672=DIRECTION('ref_axis',(-1.,0.,0.));
#1673=DIRECTION('center_axis',(0.,0.,-1.));
#1674=DIRECTION('ref_axis',(-1.,0.,0.));
#1675=DIRECTION('',(0.,0.,-1.));
#1676=DIRECTION('center_axis',(0.,0.,1.));
#1677=DIRECTION('ref_axis',(-1.,0.,0.));
#1678=DIRECTION('center_axis',(0.,0.,-1.));
#1679=DIRECTION('ref_axis',(-1.,0.,0.));
#1680=DIRECTION('center_axis',(0.,0.,-1.));
#1681=DIRECTION('ref_axis',(-1.,0.,0.));
#1682=DIRECTION('',(0.,0.,-1.));
#1683=DIRECTION('center_axis',(0.,0.,1.));
#1684=DIRECTION('ref_axis',(-1.,0.,0.));
#1685=DIRECTION('center_axis',(0.,0.,1.));
#1686=DIRECTION('ref_axis',(-6.17951532906953E-7,-0.999999999999809,0.));
#1687=DIRECTION('center_axis',(0.,0.,-1.));
#1688=DIRECTION('ref_axis',(-6.17951532906953E-7,-0.999999999999809,0.));
#1689=DIRECTION('',(0.,0.,1.));
#1690=DIRECTION('center_axis',(0.,0.,1.));
#1691=DIRECTION('ref_axis',(-6.17951532906953E-7,-0.999999999999809,0.));
#1692=DIRECTION('',(0.,0.,1.));
#1693=DIRECTION('center_axis',(1.,3.55271299035126E-16,0.));
#1694=DIRECTION('ref_axis',(-3.55271299035126E-16,1.,0.));
#1695=DIRECTION('',(3.55271299035126E-16,-1.,0.));
#1696=DIRECTION('',(0.,0.,1.));
#1697=DIRECTION('',(-3.55271299035126E-16,1.,0.));
#1698=DIRECTION('center_axis',(0.,0.,1.));
#1699=DIRECTION('ref_axis',(0.999999999997672,2.15775378305529E-6,0.));
#1700=DIRECTION('center_axis',(0.,0.,-1.));
#1701=DIRECTION('ref_axis',(0.999999999997672,2.15775378305529E-6,0.));
#1702=DIRECTION('',(0.,0.,1.));
#1703=DIRECTION('center_axis',(0.,0.,1.));
#1704=DIRECTION('ref_axis',(0.999999999997672,2.15775378305529E-6,0.));
#1705=DIRECTION('center_axis',(5.1070257394577E-16,1.,0.));
#1706=DIRECTION('ref_axis',(-1.,5.1070257394577E-16,0.));
#1707=DIRECTION('',(1.,-5.1070257394577E-16,0.));
#1708=DIRECTION('',(0.,0.,1.));
#1709=DIRECTION('',(-1.,5.1070257394577E-16,0.));
#1710=DIRECTION('center_axis',(-4.26325659443954E-15,-1.,0.));
#1711=DIRECTION('ref_axis',(1.,-4.26325659443954E-15,0.));
#1712=DIRECTION('',(-1.,4.26325659443954E-15,0.));
#1713=DIRECTION('',(1.,-4.26325659443954E-15,0.));
#1714=DIRECTION('',(0.,0.,1.));
#1715=DIRECTION('center_axis',(0.,0.,1.));
#1716=DIRECTION('ref_axis',(-0.999999999998058,-1.97060000317769E-6,0.));
#1717=DIRECTION('center_axis',(0.,0.,-1.));
#1718=DIRECTION('ref_axis',(-0.999999999998058,-1.97060000317769E-6,0.));
#1719=DIRECTION('center_axis',(0.,0.,1.));
#1720=DIRECTION('ref_axis',(-0.999999999998058,-1.97060000317769E-6,0.));
#1721=DIRECTION('',(0.,0.,1.));
#1722=DIRECTION('center_axis',(-1.,-5.02116873744145E-14,0.));
#1723=DIRECTION('ref_axis',(5.02116873744145E-14,-1.,0.));
#1724=DIRECTION('',(-5.02116873744145E-14,1.,0.));
#1725=DIRECTION('',(5.02116873744145E-14,-1.,0.));
#1726=DIRECTION('',(0.,0.,1.));
#1727=DIRECTION('center_axis',(0.,0.,1.));
#1728=DIRECTION('ref_axis',(-5.04230473078741E-7,0.999999999999873,0.));
#1729=DIRECTION('center_axis',(0.,0.,-1.));
#1730=DIRECTION('ref_axis',(-5.04230473078741E-7,0.999999999999873,0.));
#1731=DIRECTION('center_axis',(0.,0.,1.));
#1732=DIRECTION('ref_axis',(-5.04230473078741E-7,0.999999999999873,0.));
#1733=DIRECTION('center_axis',(0.,0.,1.));
#1734=DIRECTION('ref_axis',(1.,0.,0.));
#1735=DIRECTION('center_axis',(0.,0.,1.));
#1736=DIRECTION('ref_axis',(1.,0.,0.));
#1737=DIRECTION('center_axis',(0.,0.,1.));
#1738=DIRECTION('ref_axis',(-1.,-3.55271367880077E-15,0.));
#1739=DIRECTION('',(1.,8.88178419700125E-17,0.));
#1740=DIRECTION('center_axis',(0.,0.,1.));
#1741=DIRECTION('ref_axis',(0.,-1.,0.));
#1742=DIRECTION('',(-3.5527136788005E-16,1.,0.));
#1743=DIRECTION('center_axis',(0.,0.,1.));
#1744=DIRECTION('ref_axis',(1.,-4.44089209850063E-16,0.));
#1745=DIRECTION('',(-1.,-1.55431223447521E-16,0.));
#1746=DIRECTION('center_axis',(0.,0.,1.));
#1747=DIRECTION('ref_axis',(-8.17124146124118E-14,1.,0.));
#1748=DIRECTION('',(4.85537536102735E-15,-1.,0.));
#1749=DIRECTION('center_axis',(0.,0.,-1.));
#1750=DIRECTION('ref_axis',(-1.,0.,0.));
#1751=DIRECTION('',(0.,0.,-1.));
#1752=DIRECTION('center_axis',(0.,0.,1.));
#1753=DIRECTION('ref_axis',(-1.,0.,0.));
#1754=DIRECTION('center_axis',(0.,0.,-1.));
#1755=DIRECTION('ref_axis',(-1.,0.,0.));
#1756=DIRECTION('',(0.,0.,-1.));
#1757=DIRECTION('center_axis',(0.,0.,1.));
#1758=DIRECTION('ref_axis',(-1.,0.,0.));
#1759=DIRECTION('center_axis',(0.,0.,-1.));
#1760=DIRECTION('ref_axis',(-1.,0.,0.));
#1761=DIRECTION('',(0.,0.,-1.));
#1762=DIRECTION('center_axis',(0.,0.,1.));
#1763=DIRECTION('ref_axis',(-1.,0.,0.));
#1764=DIRECTION('center_axis',(0.,0.,-1.));
#1765=DIRECTION('ref_axis',(-1.,0.,0.));
#1766=DIRECTION('',(0.,0.,-1.));
#1767=DIRECTION('center_axis',(0.,0.,1.));
#1768=DIRECTION('ref_axis',(-1.,0.,0.));
#1769=DIRECTION('center_axis',(0.,0.,-1.));
#1770=DIRECTION('ref_axis',(-1.,0.,0.));
#1771=DIRECTION('center_axis',(0.,0.,1.));
#1772=DIRECTION('ref_axis',(-1.,0.,0.));
#1773=DIRECTION('',(0.,0.,1.));
#1774=DIRECTION('center_axis',(0.,0.,-1.));
#1775=DIRECTION('ref_axis',(-1.,0.,0.));
#1776=DIRECTION('center_axis',(0.,0.,1.));
#1777=DIRECTION('ref_axis',(-1.,0.,0.));
#1778=DIRECTION('',(0.,0.,1.));
#1779=DIRECTION('center_axis',(0.,0.,-1.));
#1780=DIRECTION('ref_axis',(-1.,0.,0.));
#1781=DIRECTION('center_axis',(0.,0.,1.));
#1782=DIRECTION('ref_axis',(-1.,0.,0.));
#1783=DIRECTION('',(0.,0.,1.));
#1784=DIRECTION('center_axis',(0.,0.,-1.));
#1785=DIRECTION('ref_axis',(-1.,0.,0.));
#1786=DIRECTION('center_axis',(0.,0.,1.));
#1787=DIRECTION('ref_axis',(-1.,0.,0.));
#1788=DIRECTION('',(0.,0.,1.));
#1789=DIRECTION('center_axis',(0.,0.,-1.));
#1790=DIRECTION('ref_axis',(-1.,0.,0.));
#1791=DIRECTION('center_axis',(0.,0.,1.));
#1792=DIRECTION('ref_axis',(-1.,0.,0.));
#1793=DIRECTION('',(0.,0.,1.));
#1794=DIRECTION('center_axis',(0.,0.,-1.));
#1795=DIRECTION('ref_axis',(-1.,0.,0.));
#1796=DIRECTION('center_axis',(0.,0.,1.));
#1797=DIRECTION('ref_axis',(-1.,0.,0.));
#1798=DIRECTION('',(0.,0.,1.));
#1799=DIRECTION('center_axis',(0.,0.,-1.));
#1800=DIRECTION('ref_axis',(-1.,0.,0.));
#1801=DIRECTION('center_axis',(0.,0.,1.));
#1802=DIRECTION('ref_axis',(-1.,0.,0.));
#1803=DIRECTION('',(0.,0.,1.));
#1804=DIRECTION('center_axis',(0.,0.,-1.));
#1805=DIRECTION('ref_axis',(-1.,0.,0.));
#1806=DIRECTION('center_axis',(0.,0.,1.));
#1807=DIRECTION('ref_axis',(-1.,0.,0.));
#1808=DIRECTION('',(0.,0.,1.));
#1809=DIRECTION('center_axis',(0.,0.,-1.));
#1810=DIRECTION('ref_axis',(-1.,0.,0.));
#1811=DIRECTION('center_axis',(0.,0.,1.));
#1812=DIRECTION('ref_axis',(-1.,0.,0.));
#1813=DIRECTION('',(0.,0.,1.));
#1814=DIRECTION('center_axis',(0.,0.,-1.));
#1815=DIRECTION('ref_axis',(-1.,0.,0.));
#1816=DIRECTION('center_axis',(0.,0.,1.));
#1817=DIRECTION('ref_axis',(-1.,0.,0.));
#1818=DIRECTION('',(0.,0.,1.));
#1819=DIRECTION('center_axis',(0.,0.,1.));
#1820=DIRECTION('ref_axis',(-1.,0.,0.));
#1821=DIRECTION('center_axis',(0.,0.,-1.));
#1822=DIRECTION('ref_axis',(-1.,0.,0.));
#1823=DIRECTION('',(0.,0.,-1.));
#1824=DIRECTION('center_axis',(0.,0.,1.));
#1825=DIRECTION('ref_axis',(-1.,0.,0.));
#1826=DIRECTION('center_axis',(0.,0.,1.));
#1827=DIRECTION('ref_axis',(-1.,0.,0.));
#1828=DIRECTION('center_axis',(0.,0.,1.));
#1829=DIRECTION('ref_axis',(-1.,0.,0.));
#1830=DIRECTION('',(0.,0.,-1.));
#1831=DIRECTION('center_axis',(0.,0.,1.));
#1832=DIRECTION('ref_axis',(-1.,0.,0.));
#1833=DIRECTION('center_axis',(0.,0.,1.));
#1834=DIRECTION('ref_axis',(-1.,0.,0.));
#1835=DIRECTION('center_axis',(0.,0.,-1.));
#1836=DIRECTION('ref_axis',(-1.,0.,0.));
#1837=DIRECTION('',(0.,0.,-1.));
#1838=DIRECTION('center_axis',(0.,0.,1.));
#1839=DIRECTION('ref_axis',(-1.,0.,0.));
#1840=DIRECTION('center_axis',(0.,0.,1.));
#1841=DIRECTION('ref_axis',(-1.,0.,0.));
#1842=DIRECTION('center_axis',(0.,0.,1.));
#1843=DIRECTION('ref_axis',(-1.,0.,0.));
#1844=DIRECTION('',(0.,0.,-1.));
#1845=DIRECTION('center_axis',(0.,0.,1.));
#1846=DIRECTION('ref_axis',(-1.,0.,0.));
#1847=DIRECTION('center_axis',(0.,0.,1.));
#1848=DIRECTION('ref_axis',(1.,0.,0.));
#1849=DIRECTION('center_axis',(0.,0.,1.));
#1850=DIRECTION('ref_axis',(-1.,0.,0.));
#1851=DIRECTION('center_axis',(0.,0.,-1.));
#1852=DIRECTION('ref_axis',(-1.,0.,0.));
#1853=DIRECTION('',(0.,0.,-1.));
#1854=DIRECTION('center_axis',(0.,0.,1.));
#1855=DIRECTION('ref_axis',(-1.,0.,0.));
#1856=DIRECTION('center_axis',(0.,0.,1.));
#1857=DIRECTION('ref_axis',(-1.,0.,0.));
#1858=DIRECTION('center_axis',(0.,0.,1.));
#1859=DIRECTION('ref_axis',(-1.,0.,0.));
#1860=DIRECTION('',(0.,0.,-1.));
#1861=DIRECTION('center_axis',(0.,0.,1.));
#1862=DIRECTION('ref_axis',(-1.,0.,0.));
#1863=DIRECTION('center_axis',(0.,0.,1.));
#1864=DIRECTION('ref_axis',(1.,0.,0.));
#1865=DIRECTION('center_axis',(0.,0.,1.));
#1866=DIRECTION('ref_axis',(-1.,0.,0.));
#1867=DIRECTION('center_axis',(0.,0.,-1.));
#1868=DIRECTION('ref_axis',(-1.,0.,0.));
#1869=DIRECTION('',(0.,0.,-1.));
#1870=DIRECTION('center_axis',(0.,0.,1.));
#1871=DIRECTION('ref_axis',(-1.,0.,0.));
#1872=DIRECTION('center_axis',(0.,0.,1.));
#1873=DIRECTION('ref_axis',(-1.,0.,0.));
#1874=DIRECTION('center_axis',(0.,0.,1.));
#1875=DIRECTION('ref_axis',(-1.,0.,0.));
#1876=DIRECTION('',(0.,0.,-1.));
#1877=DIRECTION('center_axis',(0.,0.,1.));
#1878=DIRECTION('ref_axis',(-1.,0.,0.));
#1879=DIRECTION('center_axis',(0.,0.,1.));
#1880=DIRECTION('ref_axis',(1.,0.,0.));
#1881=DIRECTION('center_axis',(0.,0.,1.));
#1882=DIRECTION('ref_axis',(0.,1.,0.));
#1883=DIRECTION('center_axis',(0.,0.,-1.));
#1884=DIRECTION('ref_axis',(0.,1.,0.));
#1885=DIRECTION('',(0.,0.,1.));
#1886=DIRECTION('',(0.,0.,1.));
#1887=DIRECTION('center_axis',(1.,-9.34924652315922E-17,0.));
#1888=DIRECTION('ref_axis',(9.34924652315922E-17,1.,0.));
#1889=DIRECTION('',(9.34924652315922E-17,1.,0.));
#1890=DIRECTION('',(0.,0.,1.));
#1891=DIRECTION('center_axis',(0.,0.,1.));
#1892=DIRECTION('ref_axis',(-1.,7.10542735760103E-15,0.));
#1893=DIRECTION('center_axis',(0.,0.,-1.));
#1894=DIRECTION('ref_axis',(-1.,7.10542735760103E-15,0.));
#1895=DIRECTION('',(0.,0.,1.));
#1896=DIRECTION('center_axis',(-3.51753829584208E-16,1.,0.));
#1897=DIRECTION('ref_axis',(-1.,-3.51753829584208E-16,0.));
#1898=DIRECTION('',(-1.,-3.51753829584208E-16,0.));
#1899=DIRECTION('',(0.,0.,1.));
#1900=DIRECTION('center_axis',(0.,0.,1.));
#1901=DIRECTION('ref_axis',(0.,-1.,0.));
#1902=DIRECTION('center_axis',(0.,0.,-1.));
#1903=DIRECTION('ref_axis',(0.,-1.,0.));
#1904=DIRECTION('',(0.,0.,1.));
#1905=DIRECTION('center_axis',(-1.,9.34924652315921E-16,0.));
#1906=DIRECTION('ref_axis',(-9.34924652315921E-16,-1.,0.));
#1907=DIRECTION('',(-9.34924652315921E-16,-1.,0.));
#1908=DIRECTION('',(0.,0.,1.));
#1909=DIRECTION('center_axis',(0.,0.,1.));
#1910=DIRECTION('ref_axis',(1.,0.,0.));
#1911=DIRECTION('center_axis',(0.,0.,-1.));
#1912=DIRECTION('ref_axis',(1.,0.,0.));
#1913=DIRECTION('',(0.,0.,1.));
#1914=DIRECTION('center_axis',(7.93439388265446E-15,-1.,0.));
#1915=DIRECTION('ref_axis',(1.,7.93439388265446E-15,0.));
#1916=DIRECTION('',(1.,7.93439388265446E-15,0.));
#1917=DIRECTION('center_axis',(6.16790569236198E-17,-1.,0.));
#1918=DIRECTION('ref_axis',(1.,6.16790569236198E-17,0.));
#1919=DIRECTION('',(1.,6.16790569236198E-17,0.));
#1920=DIRECTION('',(0.,0.,1.));
#1921=DIRECTION('',(0.,0.,1.));
#1922=DIRECTION('center_axis',(1.,0.,0.));
#1923=DIRECTION('ref_axis',(0.,1.,0.));
#1924=DIRECTION('',(0.,1.,0.));
#1925=DIRECTION('',(0.,0.,1.));
#1926=DIRECTION('center_axis',(0.,1.,0.));
#1927=DIRECTION('ref_axis',(-1.,0.,0.));
#1928=DIRECTION('',(-1.,0.,0.));
#1929=DIRECTION('',(0.,0.,1.));
#1930=DIRECTION('center_axis',(-1.,-1.77635683940025E-16,0.));
#1931=DIRECTION('ref_axis',(1.77635683940025E-16,-1.,0.));
#1932=DIRECTION('',(1.77635683940025E-16,-1.,0.));
#1933=DIRECTION('center_axis',(-1.,-4.85537536102735E-15,0.));
#1934=DIRECTION('ref_axis',(4.85537536102735E-15,-1.,0.));
#1935=DIRECTION('',(4.85537536102735E-15,-1.,0.));
#1936=DIRECTION('',(0.,0.,1.));
#1937=DIRECTION('',(0.,0.,1.));
#1938=DIRECTION('center_axis',(0.,0.,1.));
#1939=DIRECTION('ref_axis',(-8.17124146124118E-14,1.,0.));
#1940=DIRECTION('center_axis',(0.,0.,1.));
#1941=DIRECTION('ref_axis',(-8.17124146124118E-14,1.,0.));
#1942=DIRECTION('',(0.,0.,1.));
#1943=DIRECTION('center_axis',(-1.55431223447521E-16,1.,0.));
#1944=DIRECTION('ref_axis',(-1.,-1.55431223447521E-16,0.));
#1945=DIRECTION('',(-1.,-1.55431223447521E-16,0.));
#1946=DIRECTION('',(0.,0.,1.));
#1947=DIRECTION('center_axis',(0.,0.,1.));
#1948=DIRECTION('ref_axis',(1.,-4.44089209850063E-16,0.));
#1949=DIRECTION('center_axis',(0.,0.,1.));
#1950=DIRECTION('ref_axis',(1.,-4.44089209850063E-16,0.));
#1951=DIRECTION('',(0.,0.,1.));
#1952=DIRECTION('center_axis',(1.,3.5527136788005E-16,0.));
#1953=DIRECTION('ref_axis',(-3.5527136788005E-16,1.,0.));
#1954=DIRECTION('',(-3.5527136788005E-16,1.,0.));
#1955=DIRECTION('',(0.,0.,1.));
#1956=DIRECTION('center_axis',(0.,0.,1.));
#1957=DIRECTION('ref_axis',(0.,-1.,0.));
#1958=DIRECTION('center_axis',(0.,0.,1.));
#1959=DIRECTION('ref_axis',(0.,-1.,0.));
#1960=DIRECTION('',(0.,0.,1.));
#1961=DIRECTION('center_axis',(8.88178419700125E-17,-1.,0.));
#1962=DIRECTION('ref_axis',(1.,8.88178419700125E-17,0.));
#1963=DIRECTION('',(1.,8.88178419700125E-17,0.));
#1964=DIRECTION('',(0.,0.,1.));
#1965=DIRECTION('center_axis',(0.,0.,1.));
#1966=DIRECTION('ref_axis',(-1.,-3.55271367880077E-15,0.));
#1967=DIRECTION('center_axis',(0.,0.,1.));
#1968=DIRECTION('ref_axis',(-1.,-3.55271367880077E-15,0.));
#1969=DIRECTION('center_axis',(0.,0.,1.));
#1970=DIRECTION('ref_axis',(1.,0.,0.));
#1971=DIRECTION('center_axis',(0.,0.,1.));
#1972=DIRECTION('ref_axis',(1.,0.,0.));
#1973=CARTESIAN_POINT('',(0.,0.,0.));
#1974=CARTESIAN_POINT('Origin',(100.,-126.25,8.));
#1975=CARTESIAN_POINT('',(94.9009804864058,-131.749999999999,3.));
#1976=CARTESIAN_POINT('',(105.499999999977,-121.150980486382,3.));
#1977=CARTESIAN_POINT('Origin',(100.,-126.25,3.));
#1978=CARTESIAN_POINT('',(94.9009804864058,-131.749999999999,8.));
#1979=CARTESIAN_POINT('',(94.9009804864066,-131.749999999999,8.));
#1980=CARTESIAN_POINT('',(105.499999999977,-121.150980486382,8.));
#1981=CARTESIAN_POINT('Origin',(100.,-126.25,8.));
#1982=CARTESIAN_POINT('',(105.499999999983,-121.150980486389,8.));
#1983=CARTESIAN_POINT('Origin',(100.000003901362,-131.749999999999,0.));
#1984=CARTESIAN_POINT('',(-94.9009804864067,-131.75,3.));
#1985=CARTESIAN_POINT('',(50.0000019506812,-131.749999999999,3.));
#1986=CARTESIAN_POINT('',(-94.9009804864067,-131.75,8.));
#1987=CARTESIAN_POINT('',(-94.9009804864068,-131.75,8.));
#1988=CARTESIAN_POINT('',(-99.9999968716466,-131.75,8.));
#1989=CARTESIAN_POINT('Origin',(4.2632564145606E-13,-51.2499999999996,3.));
#1990=CARTESIAN_POINT('',(105.499999999818,18.6509804862109,3.));
#1991=CARTESIAN_POINT('',(105.499999999986,-13.7499772771151,3.));
#1992=CARTESIAN_POINT('',(94.9009804864078,29.2500000000004,3.));
#1993=CARTESIAN_POINT('Origin',(100.,23.7499999999999,3.));
#1994=CARTESIAN_POINT('',(-94.9009804864077,29.2500000000004,3.));
#1995=CARTESIAN_POINT('',(-50.0000006874902,29.2500000000004,3.));
#1996=CARTESIAN_POINT('',(-105.499999999802,18.6509804861941,3.));
#1997=CARTESIAN_POINT('Origin',(-100.,23.75,3.));
#1998=CARTESIAN_POINT('',(-105.499999999815,-121.150980486208,3.));
#1999=CARTESIAN_POINT('',(-105.499999999984,-88.7499774962772,3.));
#2000=CARTESIAN_POINT('Origin',(-100.,-126.25,3.));
#2001=CARTESIAN_POINT('',(40.,-15.5,3.));
#2002=CARTESIAN_POINT('Origin',(37.5,-15.5,3.));
#2003=CARTESIAN_POINT('',(40.,15.5,3.));
#2004=CARTESIAN_POINT('Origin',(37.5,15.5,3.));
#2005=CARTESIAN_POINT('',(-25.2499999999996,-51.25,3.));
#2006=CARTESIAN_POINT('',(25.2500000000004,-51.25,3.));
#2007=CARTESIAN_POINT('',(2.97301362064802E-13,-51.25,3.));
#2008=CARTESIAN_POINT('',(30.2500000000005,-56.25,3.));
#2009=CARTESIAN_POINT('Origin',(25.2500000000005,-56.25,3.));
#2010=CARTESIAN_POINT('',(30.2500000000004,-103.75,3.));
#2011=CARTESIAN_POINT('',(30.2500000000004,-103.75,3.));
#2012=CARTESIAN_POINT('',(25.2500000000004,-108.75,3.));
#2013=CARTESIAN_POINT('Origin',(25.2500000000004,-103.75,3.));
#2014=CARTESIAN_POINT('',(-25.2499999999996,-108.75,3.));
#2015=CARTESIAN_POINT('',(-25.2499999999996,-108.75,3.));
#2016=CARTESIAN_POINT('',(-30.2499999999996,-103.75,3.));
#2017=CARTESIAN_POINT('Origin',(-25.2499999999996,-103.75,3.));
#2018=CARTESIAN_POINT('',(-30.2499999999996,-56.25,3.));
#2019=CARTESIAN_POINT('',(-30.2499999999996,-56.25,3.));
#2020=CARTESIAN_POINT('Origin',(-25.2499999999996,-56.25,3.));
#2021=CARTESIAN_POINT('',(36.,12.5,3.));
#2022=CARTESIAN_POINT('',(36.,-12.5,3.));
#2023=CARTESIAN_POINT('',(36.,-12.5,3.));
#2024=CARTESIAN_POINT('',(-36.,-12.5,3.));
#2025=CARTESIAN_POINT('',(-36.,-12.5,3.));
#2026=CARTESIAN_POINT('',(-36.,12.5,3.));
#2027=CARTESIAN_POINT('',(-36.,12.5,3.));
#2028=CARTESIAN_POINT('',(36.,12.5,3.));
#2029=CARTESIAN_POINT('',(-35.,15.5,3.));
#2030=CARTESIAN_POINT('Origin',(-37.5,15.5,3.));
#2031=CARTESIAN_POINT('',(-35.,-15.5,3.));
#2032=CARTESIAN_POINT('Origin',(-37.5,-15.5,3.));
#2033=CARTESIAN_POINT('',(-89.7499999999996,-35.0000000000006,3.));
#2034=CARTESIAN_POINT('Origin',(-91.2499999999996,-35.0000000000006,3.));
#2035=CARTESIAN_POINT('',(-57.2499999999997,-67.5000000000006,3.));
#2036=CARTESIAN_POINT('Origin',(-58.7499999999997,-67.5000000000006,3.));
#2037=CARTESIAN_POINT('',(-54.4999999999997,-51.2500000000006,3.));
#2038=CARTESIAN_POINT('Origin',(-74.9999999999997,-51.2500000000006,3.));
#2039=CARTESIAN_POINT('',(-57.2499999999997,-35.0000000000006,3.));
#2040=CARTESIAN_POINT('Origin',(-58.7499999999997,-35.0000000000006,3.));
#2041=CARTESIAN_POINT('',(-89.7499999999996,-67.5000000000006,3.));
#2042=CARTESIAN_POINT('Origin',(-91.2499999999996,-67.5000000000006,3.));
#2043=CARTESIAN_POINT('',(60.2500000000003,-35.,3.));
#2044=CARTESIAN_POINT('Origin',(58.7500000000003,-35.,3.));
#2045=CARTESIAN_POINT('',(92.7500000000003,-35.,3.));
#2046=CARTESIAN_POINT('Origin',(91.2500000000003,-35.,3.));
#2047=CARTESIAN_POINT('',(95.5000000000003,-51.25,3.));
#2048=CARTESIAN_POINT('Origin',(75.0000000000003,-51.25,3.));
#2049=CARTESIAN_POINT('',(92.7500000000003,-67.5,3.));
#2050=CARTESIAN_POINT('Origin',(91.2500000000003,-67.5,3.));
#2051=CARTESIAN_POINT('',(60.2500000000003,-67.5,3.));
#2052=CARTESIAN_POINT('Origin',(58.7500000000003,-67.5,3.));
#2053=CARTESIAN_POINT('',(31.,-50.,3.));
#2054=CARTESIAN_POINT('Origin',(30.,-50.,3.));
#2055=CARTESIAN_POINT('',(31.,-110.,3.));
#2056=CARTESIAN_POINT('Origin',(30.,-110.,3.));
#2057=CARTESIAN_POINT('',(-29.,-50.,3.));
#2058=CARTESIAN_POINT('Origin',(-30.,-50.,3.));
#2059=CARTESIAN_POINT('',(-29.,-110.,3.));
#2060=CARTESIAN_POINT('Origin',(-30.,-110.,3.));
#2061=CARTESIAN_POINT('Origin',(-100.,-126.25,8.));
#2062=CARTESIAN_POINT('',(-105.499999999815,-121.150980486208,8.));
#2063=CARTESIAN_POINT('',(-105.499999999987,-121.150980486393,8.));
#2064=CARTESIAN_POINT('Origin',(-100.,-126.25,8.));
#2065=CARTESIAN_POINT('Origin',(-105.499999999987,-126.249954992564,0.));
#2066=CARTESIAN_POINT('',(-105.499999999802,18.6509804861941,8.));
#2067=CARTESIAN_POINT('',(-105.499999999975,18.6509804863801,8.));
#2068=CARTESIAN_POINT('',(-105.499999999974,23.750046741251,8.));
#2069=CARTESIAN_POINT('Origin',(100.,23.7499999999999,8.));
#2070=CARTESIAN_POINT('',(105.499999999818,18.6509804862109,8.));
#2071=CARTESIAN_POINT('',(105.499999999987,18.6509804863935,8.));
#2072=CARTESIAN_POINT('',(94.9009804864078,29.2500000000004,8.));
#2073=CARTESIAN_POINT('Origin',(100.,23.7499999999999,8.));
#2074=CARTESIAN_POINT('',(94.9009804864077,29.2500000000004,8.));
#2075=CARTESIAN_POINT('Origin',(105.499999999987,23.7500454457727,0.));
#2076=CARTESIAN_POINT('',(105.499999999983,-126.249953387056,8.));
#2077=CARTESIAN_POINT('Origin',(-100.,23.75,8.));
#2078=CARTESIAN_POINT('',(-94.9009804864077,29.2500000000004,8.));
#2079=CARTESIAN_POINT('',(-94.9009804864077,29.2500000000004,8.));
#2080=CARTESIAN_POINT('Origin',(-100.,23.75,8.));
#2081=CARTESIAN_POINT('Origin',(-100.000001374981,29.2500000000004,0.));
#2082=CARTESIAN_POINT('',(100.000002407155,29.2500000000004,8.));
#2083=CARTESIAN_POINT('Origin',(100.,-126.25,3.));
#2084=CARTESIAN_POINT('',(102.75,-126.25,8.));
#2085=CARTESIAN_POINT('Origin',(100.,-126.25,8.));
#2086=CARTESIAN_POINT('',(102.75,-126.25,0.));
#2087=CARTESIAN_POINT('',(102.75,-126.25,3.));
#2088=CARTESIAN_POINT('Origin',(100.,-126.25,0.));
#2089=CARTESIAN_POINT('Origin',(-100.,-126.25,3.));
#2090=CARTESIAN_POINT('',(-97.25,-126.25,8.));
#2091=CARTESIAN_POINT('Origin',(-100.,-126.25,8.));
#2092=CARTESIAN_POINT('',(-97.25,-126.25,0.));
#2093=CARTESIAN_POINT('',(-97.25,-126.25,3.));
#2094=CARTESIAN_POINT('Origin',(-100.,-126.25,0.));
#2095=CARTESIAN_POINT('Origin',(100.,23.7499999999999,3.));
#2096=CARTESIAN_POINT('',(102.75,23.7499999999999,8.));
#2097=CARTESIAN_POINT('Origin',(100.,23.7499999999999,8.));
#2098=CARTESIAN_POINT('',(102.75,23.7499999999999,0.));
#2099=CARTESIAN_POINT('',(102.75,23.7499999999999,3.));
#2100=CARTESIAN_POINT('Origin',(100.,23.7499999999999,0.));
#2101=CARTESIAN_POINT('Origin',(-100.,23.75,3.));
#2102=CARTESIAN_POINT('',(-97.25,23.75,8.));
#2103=CARTESIAN_POINT('Origin',(-100.,23.75,8.));
#2104=CARTESIAN_POINT('',(-97.25,23.75,0.));
#2105=CARTESIAN_POINT('',(-97.25,23.75,3.));
#2106=CARTESIAN_POINT('Origin',(-100.,23.75,0.));
#2107=CARTESIAN_POINT('Origin',(100.,-126.25,0.));
#2108=CARTESIAN_POINT('',(107.499999999989,-126.250012884037,3.));
#2109=CARTESIAN_POINT('',(99.9999953653635,-133.75,3.));
#2110=CARTESIAN_POINT('Origin',(100.,-126.25,3.));
#2111=CARTESIAN_POINT('',(107.499999999989,-126.250012884037,8.));
#2112=CARTESIAN_POINT('',(107.499999999989,-126.250012884037,0.));
#2113=CARTESIAN_POINT('',(99.9999953653636,-133.75,8.));
#2114=CARTESIAN_POINT('Origin',(100.,-126.25,8.));
#2115=CARTESIAN_POINT('',(99.9999953653635,-133.75,0.));
#2116=CARTESIAN_POINT('Origin',(107.499999999989,-126.250012884037,0.));
#2117=CARTESIAN_POINT('',(107.499999999989,23.7500161831538,3.));
#2118=CARTESIAN_POINT('',(107.499999999989,-88.7500064420182,3.));
#2119=CARTESIAN_POINT('',(107.499999999989,23.7500161831538,8.));
#2120=CARTESIAN_POINT('',(107.499999999989,23.7500161831538,0.));
#2121=CARTESIAN_POINT('',(107.499999999989,-126.250012884037,8.));
#2122=CARTESIAN_POINT('Origin',(100.,23.7500000000004,0.));
#2123=CARTESIAN_POINT('',(100.000003025287,31.2500000000003,3.));
#2124=CARTESIAN_POINT('Origin',(100.,23.7500000000004,3.));
#2125=CARTESIAN_POINT('',(100.000003025287,31.2500000000003,8.));
#2126=CARTESIAN_POINT('',(100.000003025287,31.2500000000003,0.));
#2127=CARTESIAN_POINT('Origin',(100.,23.7500000000004,8.));
#2128=CARTESIAN_POINT('Origin',(100.000003025287,31.2500000000003,0.));
#2129=CARTESIAN_POINT('',(-100.000003781729,31.2500000000004,3.));
#2130=CARTESIAN_POINT('',(50.0000015126437,31.2500000000003,3.));
#2131=CARTESIAN_POINT('',(-100.000003781729,31.2500000000004,8.));
#2132=CARTESIAN_POINT('',(-100.000003781729,31.2500000000004,0.));
#2133=CARTESIAN_POINT('',(100.000003025287,31.2500000000003,8.));
#2134=CARTESIAN_POINT('Origin',(-99.999996196067,-133.749999999999,0.));
#2135=CARTESIAN_POINT('',(-99.999996196067,-133.749999999999,3.));
#2136=CARTESIAN_POINT('',(-49.9999980980335,-133.749999999999,3.));
#2137=CARTESIAN_POINT('',(-99.999996196067,-133.749999999999,8.));
#2138=CARTESIAN_POINT('',(-99.999996196067,-133.749999999999,8.));
#2139=CARTESIAN_POINT('',(-99.999996196067,-133.749999999999,0.));
#2140=CARTESIAN_POINT('Origin',(-100.,-126.25,0.));
#2141=CARTESIAN_POINT('',(-107.499999999979,-126.2500147795,3.));
#2142=CARTESIAN_POINT('Origin',(-100.,-126.25,3.));
#2143=CARTESIAN_POINT('',(-107.499999999979,-126.2500147795,8.));
#2144=CARTESIAN_POINT('Origin',(-100.,-126.25,8.));
#2145=CARTESIAN_POINT('',(-107.499999999979,-126.2500147795,0.));
#2146=CARTESIAN_POINT('Origin',(-107.499999999987,23.749983087429,0.));
#2147=CARTESIAN_POINT('',(-107.499999999982,23.749983087429,3.));
#2148=CARTESIAN_POINT('',(-107.499999999985,-13.750008456288,3.));
#2149=CARTESIAN_POINT('',(-107.499999999982,23.749983087429,8.));
#2150=CARTESIAN_POINT('',(-107.499999999987,23.749983087429,8.));
#2151=CARTESIAN_POINT('',(-107.499999999982,23.749983087429,0.));
#2152=CARTESIAN_POINT('Origin',(-100.,23.75,0.));
#2153=CARTESIAN_POINT('Origin',(-100.,23.75,3.));
#2154=CARTESIAN_POINT('Origin',(-100.,23.75,8.));
#2155=CARTESIAN_POINT('Origin',(-5.40012479177676E-12,-51.2499999999975,
8.));
#2156=CARTESIAN_POINT('Origin',(4.2632564145606E-13,-51.2499999999996,3.));
#2157=CARTESIAN_POINT('',(-109.999999999999,-126.25,3.));
#2158=CARTESIAN_POINT('',(-100.,-136.249999999999,3.));
#2159=CARTESIAN_POINT('Origin',(-100.,-126.25,3.));
#2160=CARTESIAN_POINT('',(100.,-136.25,3.));
#2161=CARTESIAN_POINT('',(-100.,-136.25,3.));
#2162=CARTESIAN_POINT('',(110.,-126.25,3.));
#2163=CARTESIAN_POINT('Origin',(100.,-126.25,3.));
#2164=CARTESIAN_POINT('',(110.000000000001,23.7500000000004,3.));
#2165=CARTESIAN_POINT('',(110.000000000001,-126.25,3.));
#2166=CARTESIAN_POINT('',(100.000000000001,33.7500000000004,3.));
#2167=CARTESIAN_POINT('Origin',(100.000000000001,23.7500000000004,3.));
#2168=CARTESIAN_POINT('',(-100.000000000001,33.7500000000004,3.));
#2169=CARTESIAN_POINT('',(100.000000000001,33.7500000000004,3.));
#2170=CARTESIAN_POINT('',(-110.,23.7500000000004,3.));
#2171=CARTESIAN_POINT('Origin',(-99.9999999999999,23.7500000000004,3.));
#2172=CARTESIAN_POINT('',(-110.,23.7500000000004,3.));
#2173=CARTESIAN_POINT('Origin',(-30.,-110.,3.));
#2174=CARTESIAN_POINT('',(-29.,-110.,0.));
#2175=CARTESIAN_POINT('',(-29.,-110.,3.));
#2176=CARTESIAN_POINT('Origin',(-30.,-110.,0.));
#2177=CARTESIAN_POINT('Origin',(-30.,-50.,3.));
#2178=CARTESIAN_POINT('',(-29.,-50.,0.));
#2179=CARTESIAN_POINT('',(-29.,-50.,3.));
#2180=CARTESIAN_POINT('Origin',(-30.,-50.,0.));
#2181=CARTESIAN_POINT('Origin',(30.,-110.,3.));
#2182=CARTESIAN_POINT('',(31.,-110.,0.));
#2183=CARTESIAN_POINT('',(31.,-110.,3.));
#2184=CARTESIAN_POINT('Origin',(30.,-110.,0.));
#2185=CARTESIAN_POINT('Origin',(30.,-50.,3.));
#2186=CARTESIAN_POINT('',(31.,-50.,0.));
#2187=CARTESIAN_POINT('',(31.,-50.,3.));
#2188=CARTESIAN_POINT('Origin',(30.,-50.,0.));
#2189=CARTESIAN_POINT('Origin',(58.7500000000003,-67.5,3.));
#2190=CARTESIAN_POINT('',(60.2500000000003,-67.5,0.));
#2191=CARTESIAN_POINT('Origin',(58.7500000000003,-67.5,0.));
#2192=CARTESIAN_POINT('',(60.2500000000003,-67.5,3.));
#2193=CARTESIAN_POINT('Origin',(91.2500000000003,-67.5,3.));
#2194=CARTESIAN_POINT('',(92.7500000000003,-67.5,0.));
#2195=CARTESIAN_POINT('Origin',(91.2500000000003,-67.5,0.));
#2196=CARTESIAN_POINT('',(92.7500000000003,-67.5,3.));
#2197=CARTESIAN_POINT('Origin',(75.0000000000003,-51.25,3.));
#2198=CARTESIAN_POINT('',(95.5000000000003,-51.25,0.));
#2199=CARTESIAN_POINT('Origin',(75.0000000000003,-51.25,0.));
#2200=CARTESIAN_POINT('',(95.5000000000003,-51.25,3.));
#2201=CARTESIAN_POINT('Origin',(91.2500000000003,-35.,3.));
#2202=CARTESIAN_POINT('',(92.7500000000003,-35.,0.));
#2203=CARTESIAN_POINT('Origin',(91.2500000000003,-35.,0.));
#2204=CARTESIAN_POINT('',(92.7500000000003,-35.,3.));
#2205=CARTESIAN_POINT('Origin',(58.7500000000003,-35.,3.));
#2206=CARTESIAN_POINT('',(60.2500000000003,-35.,0.));
#2207=CARTESIAN_POINT('Origin',(58.7500000000003,-35.,0.));
#2208=CARTESIAN_POINT('',(60.2500000000003,-35.,3.));
#2209=CARTESIAN_POINT('Origin',(-91.2499999999996,-67.5000000000006,3.));
#2210=CARTESIAN_POINT('',(-89.7499999999996,-67.5000000000006,0.));
#2211=CARTESIAN_POINT('Origin',(-91.2499999999996,-67.5000000000006,0.));
#2212=CARTESIAN_POINT('',(-89.7499999999996,-67.5000000000006,3.));
#2213=CARTESIAN_POINT('Origin',(-58.7499999999997,-35.0000000000006,3.));
#2214=CARTESIAN_POINT('',(-57.2499999999997,-35.0000000000006,0.));
#2215=CARTESIAN_POINT('Origin',(-58.7499999999997,-35.0000000000006,0.));
#2216=CARTESIAN_POINT('',(-57.2499999999997,-35.0000000000006,3.));
#2217=CARTESIAN_POINT('Origin',(-74.9999999999997,-51.2500000000006,3.));
#2218=CARTESIAN_POINT('',(-54.4999999999997,-51.2500000000006,0.));
#2219=CARTESIAN_POINT('Origin',(-74.9999999999997,-51.2500000000006,0.));
#2220=CARTESIAN_POINT('',(-54.4999999999997,-51.2500000000006,3.));
#2221=CARTESIAN_POINT('Origin',(-58.7499999999997,-67.5000000000006,3.));
#2222=CARTESIAN_POINT('',(-57.2499999999997,-67.5000000000006,0.));
#2223=CARTESIAN_POINT('Origin',(-58.7499999999997,-67.5000000000006,0.));
#2224=CARTESIAN_POINT('',(-57.2499999999997,-67.5000000000006,3.));
#2225=CARTESIAN_POINT('Origin',(-91.2499999999996,-35.0000000000006,3.));
#2226=CARTESIAN_POINT('',(-89.7499999999996,-35.0000000000006,0.));
#2227=CARTESIAN_POINT('Origin',(-91.2499999999996,-35.0000000000006,0.));
#2228=CARTESIAN_POINT('',(-89.7499999999996,-35.0000000000006,3.));
#2229=CARTESIAN_POINT('Origin',(37.5,-15.5,3.));
#2230=CARTESIAN_POINT('',(38.25,-15.5,6.));
#2231=CARTESIAN_POINT('Origin',(37.5,-15.5,6.));
#2232=CARTESIAN_POINT('',(38.25,-15.5,3.));
#2233=CARTESIAN_POINT('',(38.25,-15.5,3.));
#2234=CARTESIAN_POINT('Origin',(37.5,-15.5,3.));
#2235=CARTESIAN_POINT('Origin',(37.5,-15.5,3.));
#2236=CARTESIAN_POINT('',(40.,-15.5,6.));
#2237=CARTESIAN_POINT('Origin',(37.5,-15.5,6.));
#2238=CARTESIAN_POINT('',(40.,-15.5,3.));
#2239=CARTESIAN_POINT('Origin',(37.5,-15.5,6.));
#2240=CARTESIAN_POINT('Origin',(-37.5,-15.5,3.));
#2241=CARTESIAN_POINT('',(-36.75,-15.5,6.));
#2242=CARTESIAN_POINT('Origin',(-37.5,-15.5,6.));
#2243=CARTESIAN_POINT('',(-36.75,-15.5,3.));
#2244=CARTESIAN_POINT('',(-36.75,-15.5,3.));
#2245=CARTESIAN_POINT('Origin',(-37.5,-15.5,3.));
#2246=CARTESIAN_POINT('Origin',(-37.5,-15.5,3.));
#2247=CARTESIAN_POINT('',(-35.,-15.5,6.));
#2248=CARTESIAN_POINT('Origin',(-37.5,-15.5,6.));
#2249=CARTESIAN_POINT('',(-35.,-15.5,3.));
#2250=CARTESIAN_POINT('Origin',(-37.5,-15.5,6.));
#2251=CARTESIAN_POINT('Origin',(4.2632564145606E-13,-51.2499999999996,3.));
#2252=CARTESIAN_POINT('Origin',(37.5,15.5,3.));
#2253=CARTESIAN_POINT('',(38.25,15.5,6.));
#2254=CARTESIAN_POINT('Origin',(37.5,15.5,6.));
#2255=CARTESIAN_POINT('',(38.25,15.5,3.));
#2256=CARTESIAN_POINT('',(38.25,15.5,3.));
#2257=CARTESIAN_POINT('Origin',(37.5,15.5,3.));
#2258=CARTESIAN_POINT('Origin',(37.5,15.5,3.));
#2259=CARTESIAN_POINT('',(40.,15.5,6.));
#2260=CARTESIAN_POINT('Origin',(37.5,15.5,6.));
#2261=CARTESIAN_POINT('',(40.,15.5,3.));
#2262=CARTESIAN_POINT('Origin',(37.5,15.5,6.));
#2263=CARTESIAN_POINT('Origin',(4.2632564145606E-13,-51.2499999999996,3.));
#2264=CARTESIAN_POINT('Origin',(-37.5,15.5,3.));
#2265=CARTESIAN_POINT('',(-36.75,15.5,6.));
#2266=CARTESIAN_POINT('Origin',(-37.5,15.5,6.));
#2267=CARTESIAN_POINT('',(-36.75,15.5,3.));
#2268=CARTESIAN_POINT('',(-36.75,15.5,3.));
#2269=CARTESIAN_POINT('Origin',(-37.5,15.5,3.));
#2270=CARTESIAN_POINT('Origin',(-37.5,15.5,3.));
#2271=CARTESIAN_POINT('',(-35.,15.5,6.));
#2272=CARTESIAN_POINT('Origin',(-37.5,15.5,6.));
#2273=CARTESIAN_POINT('',(-35.,15.5,3.));
#2274=CARTESIAN_POINT('Origin',(-37.5,15.5,6.));
#2275=CARTESIAN_POINT('Origin',(4.2632564145606E-13,-51.2499999999996,3.));
#2276=CARTESIAN_POINT('Origin',(-25.2499999999996,-56.25,0.));
#2277=CARTESIAN_POINT('',(-30.2499999999996,-56.25,0.));
#2278=CARTESIAN_POINT('',(-25.2499999999996,-51.25,0.));
#2279=CARTESIAN_POINT('Origin',(-25.2499999999996,-56.25,0.));
#2280=CARTESIAN_POINT('',(-25.2499999999996,-51.25,0.));
#2281=CARTESIAN_POINT('',(-30.2499999999996,-56.25,0.));
#2282=CARTESIAN_POINT('Origin',(-30.2499999999996,-103.75,0.));
#2283=CARTESIAN_POINT('',(-30.2499999999996,-103.75,0.));
#2284=CARTESIAN_POINT('',(-30.2499999999996,-56.25,0.));
#2285=CARTESIAN_POINT('',(-30.2499999999996,-103.75,0.));
#2286=CARTESIAN_POINT('Origin',(-25.2499999999996,-103.75,0.));
#2287=CARTESIAN_POINT('',(-25.2499999999996,-108.75,0.));
#2288=CARTESIAN_POINT('Origin',(-25.2499999999996,-103.75,0.));
#2289=CARTESIAN_POINT('',(-25.2499999999996,-108.75,0.));
#2290=CARTESIAN_POINT('Origin',(25.2500000000004,-108.75,0.));
#2291=CARTESIAN_POINT('',(25.2500000000004,-108.75,0.));
#2292=CARTESIAN_POINT('',(-25.2499999999996,-108.75,0.));
#2293=CARTESIAN_POINT('',(25.2500000000004,-108.75,0.));
#2294=CARTESIAN_POINT('Origin',(25.2500000000004,-103.75,0.));
#2295=CARTESIAN_POINT('',(30.2500000000004,-103.75,0.));
#2296=CARTESIAN_POINT('Origin',(25.2500000000004,-103.75,0.));
#2297=CARTESIAN_POINT('',(30.2500000000004,-103.75,0.));
#2298=CARTESIAN_POINT('Origin',(30.2500000000005,-56.25,0.));
#2299=CARTESIAN_POINT('',(30.2500000000005,-56.25,0.));
#2300=CARTESIAN_POINT('',(30.2500000000004,-103.75,0.));
#2301=CARTESIAN_POINT('',(30.2500000000005,-56.25,0.));
#2302=CARTESIAN_POINT('Origin',(25.2500000000005,-56.25,0.));
#2303=CARTESIAN_POINT('',(25.2500000000004,-51.25,0.));
#2304=CARTESIAN_POINT('Origin',(25.2500000000005,-56.25,0.));
#2305=CARTESIAN_POINT('',(25.2500000000004,-51.25,0.));
#2306=CARTESIAN_POINT('Origin',(-25.2499999999996,-51.2500000000002,0.));
#2307=CARTESIAN_POINT('',(2.97301362064802E-13,-51.25,0.));
#2308=CARTESIAN_POINT('Origin',(-36.,12.5,0.));
#2309=CARTESIAN_POINT('',(-36.,12.5,0.));
#2310=CARTESIAN_POINT('',(36.,12.5,0.));
#2311=CARTESIAN_POINT('',(36.,12.5,0.));
#2312=CARTESIAN_POINT('',(36.,12.5,0.));
#2313=CARTESIAN_POINT('',(-36.,12.5,0.));
#2314=CARTESIAN_POINT('Origin',(-36.,-12.5,0.));
#2315=CARTESIAN_POINT('',(-36.,-12.5,0.));
#2316=CARTESIAN_POINT('',(-36.,12.5,0.));
#2317=CARTESIAN_POINT('',(-36.,-12.5,0.));
#2318=CARTESIAN_POINT('Origin',(36.,-12.5,0.));
#2319=CARTESIAN_POINT('',(36.,-12.5,0.));
#2320=CARTESIAN_POINT('',(-36.,-12.5,0.));
#2321=CARTESIAN_POINT('',(36.,-12.5,0.));
#2322=CARTESIAN_POINT('Origin',(36.,12.5,0.));
#2323=CARTESIAN_POINT('',(36.,-12.5,0.));
#2324=CARTESIAN_POINT('Origin',(-110.,23.7500000000004,0.));
#2325=CARTESIAN_POINT('',(-110.,23.7500000000004,0.));
#2326=CARTESIAN_POINT('',(-109.999999999999,-126.25,0.));
#2327=CARTESIAN_POINT('',(-110.,23.7500000000004,0.));
#2328=CARTESIAN_POINT('',(-109.999999999999,-126.25,0.));
#2329=CARTESIAN_POINT('',(-110.,23.7500000000004,0.));
#2330=CARTESIAN_POINT('Origin',(-99.9999999999999,23.7500000000004,0.));
#2331=CARTESIAN_POINT('',(-100.000000000001,33.7500000000004,0.));
#2332=CARTESIAN_POINT('Origin',(-99.9999999999999,23.7500000000004,0.));
#2333=CARTESIAN_POINT('',(-100.000000000001,33.7500000000004,0.));
#2334=CARTESIAN_POINT('Origin',(100.000000000001,33.7500000000004,0.));
#2335=CARTESIAN_POINT('',(100.000000000001,33.7500000000004,0.));
#2336=CARTESIAN_POINT('',(100.000000000001,33.7500000000004,0.));
#2337=CARTESIAN_POINT('',(100.000000000001,33.7500000000004,0.));
#2338=CARTESIAN_POINT('Origin',(100.000000000001,23.7500000000004,0.));
#2339=CARTESIAN_POINT('',(110.000000000001,23.7500000000004,0.));
#2340=CARTESIAN_POINT('Origin',(100.000000000001,23.7500000000004,0.));
#2341=CARTESIAN_POINT('',(110.000000000001,23.7500000000004,0.));
#2342=CARTESIAN_POINT('Origin',(110.000000000001,-126.25,0.));
#2343=CARTESIAN_POINT('',(110.,-126.25,0.));
#2344=CARTESIAN_POINT('',(110.000000000001,-126.25,0.));
#2345=CARTESIAN_POINT('',(110.,-126.25,0.));
#2346=CARTESIAN_POINT('Origin',(100.,-126.25,0.));
#2347=CARTESIAN_POINT('',(100.,-136.25,0.));
#2348=CARTESIAN_POINT('Origin',(100.,-126.25,0.));
#2349=CARTESIAN_POINT('',(100.,-136.25,0.));
#2350=CARTESIAN_POINT('Origin',(-100.,-136.25,0.));
#2351=CARTESIAN_POINT('',(-100.,-136.249999999999,0.));
#2352=CARTESIAN_POINT('',(-100.,-136.25,0.));
#2353=CARTESIAN_POINT('',(-100.,-136.249999999999,0.));
#2354=CARTESIAN_POINT('Origin',(-100.,-126.25,0.));
#2355=CARTESIAN_POINT('Origin',(-100.,-126.25,0.));
#2356=CARTESIAN_POINT('Origin',(4.2632564145606E-13,-51.2499999999996,3.));
#2357=CARTESIAN_POINT('Origin',(4.2632564145606E-13,-51.2499999999996,0.));
#2358=UNCERTAINTY_MEASURE_WITH_UNIT(LENGTH_MEASURE(0.01),#2362,
'DISTANCE_ACCURACY_VALUE',
'Maximum model space distance between geometric entities at asserted c
onnectivities');
#2359=UNCERTAINTY_MEASURE_WITH_UNIT(LENGTH_MEASURE(0.01),#2362,
'DISTANCE_ACCURACY_VALUE',
'Maximum model space distance between geometric entities at asserted c
onnectivities');
#2360=(
GEOMETRIC_REPRESENTATION_CONTEXT(3)
GLOBAL_UNCERTAINTY_ASSIGNED_CONTEXT((#2358))
GLOBAL_UNIT_ASSIGNED_CONTEXT((#2362,#2364,#2365))
REPRESENTATION_CONTEXT('','3D')
);
#2361=(
GEOMETRIC_REPRESENTATION_CONTEXT(3)
GLOBAL_UNCERTAINTY_ASSIGNED_CONTEXT((#2359))
GLOBAL_UNIT_ASSIGNED_CONTEXT((#2362,#2364,#2365))
REPRESENTATION_CONTEXT('','3D')
);
#2362=(
LENGTH_UNIT()
NAMED_UNIT(*)
SI_UNIT(.MILLI.,.METRE.)
);
#2363=(
LENGTH_UNIT()
NAMED_UNIT(*)
SI_UNIT($,.METRE.)
);
#2364=(
NAMED_UNIT(*)
PLANE_ANGLE_UNIT()
SI_UNIT($,.RADIAN.)
);
#2365=(
NAMED_UNIT(*)
SI_UNIT($,.STERADIAN.)
SOLID_ANGLE_UNIT()
);
#2366=SHAPE_DEFINITION_REPRESENTATION(#2367,#2368);
#2367=PRODUCT_DEFINITION_SHAPE('',$,#2370);
#2368=SHAPE_REPRESENTATION('',(#1394),#2360);
#2369=PRODUCT_DEFINITION_CONTEXT('part definition',#2374,'design');
#2370=PRODUCT_DEFINITION('top plate','top plate v15',#2371,#2369);
#2371=PRODUCT_DEFINITION_FORMATION('',$,#2376);
#2372=PRODUCT_RELATED_PRODUCT_CATEGORY('top plate v15','top plate v15',
(#2376));
#2373=APPLICATION_PROTOCOL_DEFINITION('international standard',
'automotive_design',2009,#2374);
#2374=APPLICATION_CONTEXT(
'Core Data for Automotive Mechanical Design Process');
#2375=PRODUCT_CONTEXT('part definition',#2374,'mechanical');
#2376=PRODUCT('top plate','top plate v15',$,(#2375));
#2377=PRESENTATION_STYLE_ASSIGNMENT((#2378));
#2378=SURFACE_STYLE_USAGE(.BOTH.,#2379);
#2379=SURFACE_SIDE_STYLE('',(#2380));
#2380=SURFACE_STYLE_FILL_AREA(#2381);
#2381=FILL_AREA_STYLE('Steel - Satin',(#2382));
#2382=FILL_AREA_STYLE_COLOUR('Steel - Satin',#2383);
#2383=COLOUR_RGB('Steel - Satin',0.627450980392157,0.627450980392157,0.627450980392157);
ENDSEC;
END-ISO-10303-21;
